CNTYVTD,VTDKEY,JuddD_16P_President,De La FuenteD_16P_President,ClintonD_16P_President,LockeD_16P_President,O'MalleyD_16P_President,SandersD_16P_President,WIlsonD_16P_President,HawesD_16P_President
"0010001",1,0,0,54,0,0,20,0,0
"0010002",2,0,0,50,0,0,18,0,1
"0010003",3,0,0,38,0,1,7,1,0
"0010004",4,0,0,33,0,0,15,1,0
"0010005",5,0,0,3,0,0,1,0,0
"0010006",6,0,0,96,0,0,15,0,0
"0010007",7,1,0,140,0,0,17,1,0
"0010008",8,0,0,40,0,1,3,0,0
"0010009",9,1,0,46,0,0,22,0,0
"0010010",10,0,0,13,0,0,3,0,0
"0010011",11,0,0,51,0,0,12,0,0
"0010013",12,0,0,65,0,1,18,0,0
"0010015",13,0,0,20,0,0,13,0,0
"0010016",14,1,0,32,0,0,6,0,0
"0010017",15,0,0,39,0,0,10,0,0
"0010018",16,0,0,48,0,0,15,1,0
"0010019",17,1,1,81,0,1,34,3,0
"0010020",18,0,0,39,1,0,14,0,0
"0010021",19,0,0,42,0,0,19,1,0
"0010022",20,0,0,25,0,1,18,1,0
"0010023",21,0,0,31,1,0,15,0,0
"0010024",22,0,0,10,0,0,4,0,0
"0030001",23,0,1,27,0,0,9,0,0
"0030002",24,0,0,18,0,0,13,0,0
"0030003",25,0,0,20,0,0,10,0,0
"0030004",26,0,0,11,0,0,6,0,0
"0050001",27,0,0,26,0,1,4,1,0
"0050002",28,0,0,220,0,1,30,3,0
"0050003",29,0,0,53,0,1,18,1,0
"0050004",30,2,0,89,0,1,12,1,1
"0050005",31,0,0,85,0,2,41,0,0
"0050006",32,0,0,22,0,1,7,0,0
"0050007",33,0,0,11,0,1,8,1,0
"0050008",34,0,0,11,0,0,3,0,0
"0050009",35,0,0,10,0,0,5,0,0
"0050010a",36,0,0,84,0,2,9,2,0
"0050010b",37,0,0,12,0,0,1,0,0
"0050011",38,0,0,38,1,0,11,0,0
"0050012",39,2,1,21,0,0,13,0,0
"0050013",40,0,0,30,0,0,7,0,0
"0050014",41,0,1,79,0,0,33,0,0
"0050015",42,0,0,11,0,0,3,1,0
"0050016",43,0,4,108,0,0,21,2,0
"0050017",44,0,0,41,0,1,17,1,0
"0050018",45,0,1,21,0,0,14,0,0
"0050019",46,0,0,64,0,0,36,0,0
"0050020",47,3,1,329,3,1,29,8,2
"0050021",48,0,0,30,0,1,9,0,0
"0050022",49,0,1,40,0,2,27,1,0
"0050023",50,0,0,7,0,0,3,1,0
"0050024",51,0,1,43,0,0,33,1,0
"0050025",52,0,0,57,0,0,31,0,0
"0050026",53,1,0,38,1,0,15,1,0
"0050027",54,0,0,12,0,0,6,0,0
"0050028",55,0,1,26,0,0,13,0,0
"0050029",56,0,0,35,0,0,16,0,0
"0050030",57,0,1,12,0,0,8,1,0
"0050031",58,1,0,15,0,1,3,0,0
"0050032",59,0,0,0,0,0,0,0,0
"0050033",60,0,0,17,0,0,16,0,0
"0050034",61,0,0,64,0,0,32,0,0
"0050035",62,0,0,70,0,1,22,0,0
"0050037",63,0,0,15,0,0,14,0,0
"0050038",64,0,0,6,0,0,8,0,0
"0050039",65,0,0,24,0,0,6,0,0
"0050040",66,0,0,36,0,1,12,0,0
"005011b",67,0,0,26,0,1,20,0,0
"005017b",68,0,0,12,0,0,6,0,0
"0070001",69,3,1,60,0,0,31,0,2
"0070002",70,1,1,110,0,2,43,0,0
"0070003",71,0,0,134,0,1,73,0,0
"0070004",72,1,1,115,0,0,97,0,0
"007001a",73,0,1,34,0,0,16,0,0
"007004a",74,0,0,35,0,0,12,0,0
"0090001",75,0,0,17,0,0,8,0,0
"0090002",76,0,0,18,0,1,6,0,0
"0090003",77,0,0,5,0,0,3,1,0
"0090004",78,0,0,3,1,0,1,0,0
"0090005",79,0,0,2,0,0,2,0,0
"0090006",80,1,0,12,0,1,7,0,0
"0090007",81,0,0,2,0,0,1,0,0
"0090008",82,0,0,3,0,0,11,0,0
"0090009",83,0,0,1,0,0,1,0,0
"0090010",84,0,0,32,0,0,19,0,0
"0090011",85,0,0,1,0,0,1,0,0
"0090012",86,0,0,1,0,0,3,0,0
"0090013",87,0,0,2,0,0,1,0,0
"0110101",88,0,0,0,0,0,0,0,0
"0110201",89,0,0,1,0,0,1,0,0
"0110202",90,0,0,0,0,0,0,0,0
"0110301",91,0,0,0,0,0,2,0,0
"0110303",92,0,0,0,0,0,1,0,0
"0110401",93,0,0,0,0,0,0,0,0
"0110402",94,0,0,0,0,0,0,0,0
"0110404",95,0,0,0,0,0,0,0,0
"0130001",96,0,0,31,0,0,5,0,0
"0130003",97,0,2,66,0,0,21,0,0
"0130004",98,2,1,33,0,0,18,0,0
"0130005",99,0,0,55,0,0,25,0,0
"0130006",100,0,0,14,0,0,6,0,0
"0130007",101,0,3,73,0,0,31,0,0
"0130008",102,0,0,21,0,1,14,1,0
"0130009",103,0,1,66,0,0,35,0,0
"0130010",104,0,0,17,0,0,6,0,0
"0130011",105,0,0,66,0,0,30,0,0
"0130012",106,0,0,51,1,0,23,0,0
"0130013",107,1,1,116,1,0,47,1,1
"0130014",108,0,1,10,0,1,5,0,1
"0130015",109,0,7,172,1,2,37,0,2
"0130017",110,1,6,189,0,0,50,0,3
"0130018",111,0,4,149,0,0,21,3,0
"0130019",112,0,1,21,0,0,12,0,0
"0130020",113,0,3,131,0,0,58,1,2
"0130021",114,0,1,42,0,0,16,0,0
"0130022",115,0,0,34,0,0,18,0,0
"0150101",116,0,0,22,0,1,12,0,0
"0150102",117,0,0,43,0,2,16,0,0
"0150103",118,0,0,24,0,0,11,1,0
"0150104",119,0,0,10,0,0,7,0,0
"0150205",120,0,0,57,0,1,28,0,0
"0150206",121,0,0,24,0,0,5,0,0
"0150207",122,1,0,12,0,0,8,0,0
"0150208",123,0,0,21,0,0,10,0,0
"0150309",124,0,0,7,0,0,3,0,0
"0150310",125,0,0,54,0,0,20,2,0
"0150311",126,0,0,55,0,1,11,0,1
"0150412",127,0,0,37,0,0,9,0,0
"0150413",128,0,1,20,0,0,7,0,0
"0150414",129,0,0,33,0,1,9,0,0
"0150415",130,0,1,73,0,0,9,0,0
"0170001",131,0,1,15,0,0,9,0,0
"0170002",132,0,0,20,1,1,4,0,0
"0170003",133,1,0,20,0,1,5,0,0
"0170004a",134,0,0,27,0,0,10,0,0
"0170004b",135,0,0,2,0,0,1,0,0
"0190101",136,1,0,27,0,0,25,0,0
"0190102",137,0,0,69,0,0,43,0,1
"0190203",138,0,0,65,1,1,41,0,0
"0190204",139,0,1,44,0,1,47,0,0
"0190305",140,0,0,67,0,1,43,0,0
"0190306",141,0,0,22,0,0,19,0,0
"0190407",142,0,0,38,0,1,36,0,0
"0190408",143,0,0,11,0,0,10,0,0
"0190409",144,0,0,19,0,2,13,0,0
"0190410",145,0,0,16,0,0,17,0,0
"0211001",146,0,0,18,0,0,14,0,0
"0211002",147,0,0,29,0,0,24,0,0
"0211003",148,1,1,111,0,3,85,0,0
"0211004",149,0,0,193,0,0,84,1,0
"0211005",150,0,0,67,0,0,30,0,0
"0211006",151,0,2,103,0,1,87,0,0
"0211007",152,1,1,99,1,0,47,1,0
"0211008",153,0,0,66,0,0,34,2,0
"0211009",154,0,1,130,0,0,100,1,0
"0212010",155,0,0,37,0,0,32,1,0
"0212011",156,0,0,84,0,0,44,1,0
"0212012",157,0,0,65,1,0,45,0,0
"0212013",158,0,0,153,0,1,141,2,0
"0212014",159,1,0,114,0,2,80,0,0
"0212015",160,2,0,211,0,2,131,0,0
"0212016",161,0,0,100,0,1,95,0,0
"0213017",162,1,0,126,0,0,83,0,0
"0213018",163,0,1,93,1,1,84,0,0
"0213019",164,0,2,141,0,3,124,0,1
"0213020",165,0,0,158,0,0,116,0,0
"0214021",166,2,1,173,0,1,156,0,1
"0214022",167,1,1,148,1,1,79,3,1
"0214023",168,0,0,60,0,0,52,0,0
"0214024",169,0,0,123,0,0,46,0,0
"0214025",170,1,0,163,0,0,54,0,0
"0214026",171,2,2,131,0,0,83,1,0
"0230001",172,1,0,10,0,0,7,0,0
"0230002",173,0,0,12,0,1,6,1,0
"0230003",174,1,1,11,0,0,7,0,0
"0230004",175,0,0,13,0,0,4,0,0
"0250001",176,0,5,175,0,0,42,1,0
"0250002",177,0,0,14,0,0,4,0,0
"0250003",178,0,0,83,0,0,31,1,0
"0250004",179,1,2,41,0,0,24,1,0
"0250005",180,0,1,40,0,0,9,2,0
"0250006",181,0,11,92,0,3,40,3,0
"0250009",182,0,1,107,0,0,13,1,1
"0250010",183,0,1,114,0,1,25,1,0
"0250013",184,0,2,73,0,0,22,1,0
"0250016",185,0,1,46,0,0,32,0,0
"0250017",186,1,4,177,0,0,29,0,0
"0250018",187,1,1,75,0,0,23,0,0
"0250019",188,1,6,96,0,0,26,1,0
"0270101",189,0,0,107,0,1,87,0,0
"0270102",190,0,3,85,0,2,73,0,0
"0270103",191,0,0,92,1,0,49,0,0
"0270104",192,0,0,64,0,1,49,0,1
"0270105",193,0,0,29,0,0,27,1,0
"0270106",194,0,2,242,1,2,69,2,1
"0270107",195,0,1,18,0,0,17,0,0
"0270108",196,1,0,17,0,0,5,0,0
"0270109",197,0,0,145,0,2,38,0,0
"0270110",198,0,0,10,0,0,17,0,0
"0270111",199,0,0,104,0,0,53,0,0
"0270113",200,0,0,76,0,0,52,0,0
"0270114",201,2,0,103,2,1,57,1,0
"0270115",202,2,0,76,0,1,72,1,1
"0270116",203,0,0,96,0,0,30,0,0
"0270117",204,0,0,0,0,0,0,0,0
"0270201",205,0,0,134,0,0,37,0,0
"0270202",206,0,0,149,0,0,82,1,0
"0270203",207,2,1,75,1,0,48,0,0
"0270204",208,0,0,80,2,1,24,0,0
"0270205",209,0,1,358,0,0,70,0,0
"0270206",210,0,0,160,1,0,35,0,0
"0270207",211,0,0,170,0,0,59,0,0
"0270208",212,0,0,220,0,0,54,0,0
"0270209",213,0,0,193,0,1,61,1,0
"0270210",214,0,0,137,0,0,51,0,0
"0270211",215,0,0,46,0,0,14,0,0
"0270212",216,0,0,52,0,0,15,0,0
"0270213",217,0,0,86,0,0,54,0,0
"0270214",218,2,0,161,0,0,63,2,0
"0270215",219,1,0,213,0,1,56,0,0
"0270216",220,0,0,122,0,0,57,0,0
"0270301",221,0,1,55,0,1,41,1,0
"0270302",222,3,0,156,0,1,116,0,0
"0270303",223,0,0,213,0,2,115,0,0
"0270304",224,0,0,12,0,0,1,0,0
"0270305",225,1,0,73,0,3,57,0,0
"0270306",226,0,0,145,0,3,40,1,0
"0270307",227,0,1,246,0,1,47,2,1
"0270308",228,0,0,130,0,0,76,0,0
"0270309",229,0,1,29,0,0,10,0,0
"0270310",230,0,0,10,0,0,4,0,0
"0270311",231,0,0,38,0,0,28,0,0
"0270312",232,0,0,44,0,1,20,0,0
"0270313",233,0,0,152,0,1,97,0,0
"0270314",234,1,0,88,0,0,56,0,0
"0270315",235,0,0,68,0,0,42,0,0
"0270317",236,0,1,144,0,1,71,0,0
"0270318",237,0,1,89,0,0,54,1,0
"0270401",238,0,0,107,0,0,37,0,0
"0270402",239,0,0,195,0,1,76,0,1
"0270404",240,1,2,239,0,4,85,1,0
"0270405",241,0,0,178,0,2,70,1,0
"0270406",242,0,1,133,0,0,49,0,0
"0270408",243,0,0,209,0,1,65,1,0
"0270409",244,0,0,106,0,0,38,0,0
"0270410",245,0,0,88,0,2,36,0,0
"0270412",246,1,0,206,0,1,59,0,1
"0270413",247,0,0,179,0,1,59,1,0
"0270414",248,0,0,220,0,2,75,1,1
"0270415",249,0,0,188,0,1,58,0,0
"0270419",250,0,0,51,0,0,20,0,0
"0291001",251,0,0,106,0,1,58,0,0
"0291002",252,0,0,43,0,0,23,0,0
"0291003",253,0,1,142,0,1,84,0,0
"0291004",254,0,0,107,0,3,22,0,0
"0291005",255,0,2,86,0,0,22,0,0
"0291006",256,0,6,277,0,3,63,1,0
"0291007",257,0,3,199,0,1,38,0,1
"0291008",258,0,1,244,0,1,155,0,0
"0291009",259,0,0,61,0,0,41,0,0
"0291010",260,0,2,60,0,0,47,0,0
"0291011",261,0,2,93,1,1,32,0,1
"0291012",262,0,7,208,0,1,65,1,1
"0291013",263,0,2,310,1,4,82,0,0
"0291014",264,0,2,128,0,1,44,0,0
"0291015",265,0,1,116,1,0,31,0,0
"0291016",266,0,4,124,0,2,32,0,0
"0291017",267,0,0,17,0,0,8,0,0
"0291018",268,0,0,77,0,0,30,0,0
"0291019",269,0,0,65,0,0,33,0,0
"0291020",270,0,4,176,0,0,65,0,0
"0291021",271,0,5,198,0,2,60,0,1
"0291022",272,0,0,108,1,0,27,1,0
"0291023",273,1,7,268,0,4,55,1,1
"0291024",274,0,5,233,0,2,111,0,0
"0291025",275,0,0,44,0,0,12,0,0
"0291026",276,0,1,131,0,2,31,0,0
"0291027",277,0,0,5,0,0,3,0,0
"0291028",278,0,1,76,0,0,27,0,0
"0291029",279,0,2,255,0,0,51,0,0
"0291030",280,0,0,2,0,0,5,0,0
"0291031",281,0,2,163,2,0,43,1,0
"0291032",282,0,4,250,1,3,69,0,1
"0291033",283,0,1,131,0,2,49,0,0
"0291034",284,2,0,117,0,0,63,0,0
"0291035",285,0,0,3,0,0,12,0,0
"0291036",286,0,3,250,0,1,83,4,0
"0291037",287,1,2,211,0,3,79,2,0
"0291038",288,0,3,261,1,3,75,1,0
"0291039",289,0,2,142,0,1,53,0,0
"0291040",290,0,5,264,0,1,63,0,0
"0291041",291,0,1,187,0,2,42,0,0
"0291042",292,1,2,136,0,0,25,0,1
"0291043",293,0,1,127,0,0,57,0,0
"0291044",294,2,1,281,0,1,54,0,0
"0291045",295,1,8,325,0,1,99,0,0
"0291046",296,0,3,230,0,0,59,2,2
"0291047",297,0,1,182,0,0,71,1,1
"0291048",298,1,5,232,0,1,92,0,0
"0291049",299,0,5,257,1,0,94,2,0
"0291050",300,0,1,86,0,0,26,0,0
"0291051",301,0,6,192,0,0,71,1,0
"0291052",302,0,1,195,0,1,57,0,0
"0291053",303,0,0,28,0,0,10,0,0
"0291054",304,0,5,281,1,2,93,0,2
"0291055",305,0,0,191,0,3,95,0,0
"0291056",306,0,4,155,0,0,73,1,0
"0291057",307,1,4,92,0,0,45,0,1
"0291058",308,1,2,147,1,1,37,0,0
"0291059",309,0,0,11,0,0,1,0,0
"0291060",310,0,4,214,0,0,48,1,0
"0291061",311,0,0,177,0,1,56,2,0
"0291062",312,0,0,7,0,0,4,0,0
"0291063",313,1,2,97,1,2,20,1,0
"0291064",314,0,1,51,0,2,27,0,0
"0291065",315,0,0,136,1,3,50,0,0
"0291066",316,0,2,48,0,0,17,0,1
"0291067",317,1,1,107,1,0,55,0,1
"0291068",318,0,0,12,0,0,5,0,0
"0291069",319,0,0,54,0,0,18,0,0
"0291070",320,0,1,67,0,0,28,0,0
"0291071",321,0,1,155,0,0,47,0,0
"0291072",322,0,1,132,0,0,76,0,0
"0291073",323,0,0,171,0,0,98,0,0
"0291074",324,0,0,1,0,0,2,0,0
"0291075",325,1,0,166,0,0,57,0,0
"0291076",326,0,4,263,0,0,98,0,1
"0291077",327,1,4,222,0,2,58,1,0
"0291078",328,0,1,60,0,0,17,0,0
"0291079",329,0,1,138,0,1,81,0,0
"0291080",330,0,3,117,0,0,70,0,0
"0291081",331,0,0,68,1,0,18,0,0
"0291082",332,1,2,183,0,1,100,0,0
"0291083",333,0,1,208,0,0,100,0,0
"0291084",334,0,4,182,0,0,65,0,0
"0291085",335,1,3,162,0,0,63,0,0
"0291086",336,0,4,255,1,1,99,0,0
"0291087",337,0,1,142,0,0,36,0,0
"0291088",338,3,3,120,0,1,26,0,0
"0291089",339,0,0,8,0,0,1,0,0
"0291090",340,0,0,0,0,0,0,0,0
"0291091",341,0,1,162,0,0,59,1,0
"0291092",342,0,0,72,0,0,24,0,0
"0291093",343,0,1,45,0,1,16,0,0
"0291094",344,1,1,74,0,0,46,0,0
"0291095",345,0,0,5,0,0,11,0,0
"0291096",346,0,0,2,0,0,2,0,0
"0291097",347,0,1,73,0,1,23,0,1
"0291098",348,1,0,70,0,0,36,0,0
"0291099",349,0,1,237,0,1,102,0,0
"0291100",350,0,1,196,0,1,83,0,0
"0291101",351,0,0,0,0,0,0,0,0
"0291102",352,0,0,52,0,0,17,0,0
"0291103",353,0,0,38,0,0,20,0,0
"0291104",354,0,1,302,0,2,112,0,0
"0291105",355,0,2,35,0,0,12,0,0
"0291106",356,0,0,0,0,0,0,0,0
"0291107",357,0,2,139,1,1,52,1,1
"0291108",358,0,1,138,0,0,66,0,0
"0291109",359,0,0,0,0,0,0,0,0
"0291110",360,0,1,100,0,0,61,0,0
"0291111",361,0,0,257,0,1,141,1,2
"0291112",362,0,2,105,0,1,66,0,0
"0291113",363,0,1,176,0,0,83,0,0
"0291114",364,0,0,0,0,0,0,0,0
"0291115",365,0,5,130,0,2,45,1,0
"0291116",366,0,0,56,0,0,30,0,0
"0291117",367,0,1,33,0,0,7,0,0
"0291118",368,0,0,42,0,0,22,0,0
"0291119",369,0,0,11,0,0,2,0,0
"0291120",370,0,0,6,0,0,3,0,0
"0291121",371,0,1,120,0,0,71,0,0
"0291122a",372,0,0,180,0,0,69,0,0
"0291122b",373,0,0,10,0,0,3,0,0
"0291123",374,0,0,49,0,0,5,0,0
"0291124",375,0,0,25,0,0,9,0,0
"0291125",376,0,0,56,0,0,31,0,0
"0291126",377,0,0,0,0,0,0,0,0
"0291127",378,0,2,53,0,1,11,0,0
"0291128",379,0,0,62,0,0,32,0,0
"0291129",380,0,2,57,0,1,33,2,0
"0291130",381,0,0,0,0,0,0,0,0
"0291131",382,0,0,0,0,0,0,0,0
"0291132",383,0,0,56,0,0,16,0,0
"0291133",384,0,0,0,0,0,0,0,0
"0291134",385,0,0,0,0,0,0,0,0
"0291135",386,0,0,1,0,0,0,0,0
"0291136",387,0,0,11,0,0,10,0,0
"0291137",388,0,0,0,0,0,0,0,0
"0291138",389,0,1,46,0,0,28,0,0
"0291139",390,0,1,60,0,0,36,0,0
"0291140",391,0,0,36,0,0,23,0,0
"0291141",392,0,0,40,0,0,25,0,0
"0291142",393,0,1,80,0,0,50,0,0
"0291143",394,0,2,87,0,0,51,0,0
"0291144",395,0,1,121,0,1,51,0,0
"0291145",396,0,0,32,0,0,11,0,0
"0291146",397,0,1,10,0,0,4,0,0
"0291147",398,0,1,136,0,0,81,0,0
"0291148",399,0,0,24,0,0,13,0,0
"0291149",400,1,1,159,0,1,68,0,0
"0291150",401,0,1,85,0,1,47,0,0
"0291151",402,0,1,53,0,1,29,0,0
"0291152",403,0,0,90,0,0,47,0,0
"0291153",404,0,0,13,0,0,5,0,0
"0291154a",405,0,0,101,0,0,38,0,0
"0291154b",406,0,0,3,0,0,1,0,0
"0291154c",407,0,0,2,0,0,0,0,0
"0291155",408,0,1,92,0,1,48,0,0
"0291156",409,0,0,174,0,0,82,0,0
"0291157",410,1,1,106,0,1,65,0,0
"0291158",411,0,0,31,0,0,19,0,0
"0291159",412,0,0,31,0,0,6,0,0
"0292001",413,0,0,61,0,1,34,0,0
"0292002",414,1,1,164,0,1,22,0,0
"0292003",415,0,2,203,0,0,56,0,0
"0292004",416,0,6,246,1,3,81,2,2
"0292005",417,0,1,135,0,1,50,0,0
"0292006",418,0,0,4,0,0,1,0,0
"0292007",419,0,1,192,0,0,49,0,0
"0292008",420,1,5,124,0,2,20,1,0
"0292009",421,0,0,103,0,0,100,0,0
"0292010",422,1,0,104,1,0,67,0,0
"0292011",423,1,3,179,0,1,78,0,0
"0292012",424,2,3,136,0,0,40,0,0
"0292013",425,0,4,175,0,0,48,2,0
"0292014",426,0,2,135,0,0,54,0,0
"0292015",427,0,4,158,0,2,53,1,0
"0292016",428,0,2,107,0,0,24,0,0
"0292017",429,0,1,113,0,0,21,1,0
"0292018",430,0,1,176,0,0,63,0,0
"0292019",431,0,1,153,0,0,31,0,0
"0292020",432,1,3,258,0,0,47,0,1
"0292021",433,0,0,257,0,0,71,1,0
"0292022",434,0,1,157,0,2,37,0,0
"0292023",435,0,4,282,1,3,118,0,1
"0292024",436,1,2,181,0,0,60,1,1
"0292025",437,0,7,307,0,0,98,0,0
"0292026",438,1,1,250,0,0,121,0,0
"0292027",439,0,0,166,0,1,86,0,0
"0292028",440,0,0,391,1,0,135,1,2
"0292029",441,1,2,134,0,1,25,0,0
"0292030",442,0,0,155,1,3,36,0,0
"0292031",443,2,1,173,0,1,35,0,0
"0292032",444,2,2,67,0,1,15,0,0
"0292033",445,0,3,88,0,0,18,0,0
"0292034",446,0,0,69,0,1,21,0,0
"0292035",447,0,1,221,0,0,128,0,0
"0292036",448,0,1,280,0,2,138,0,0
"0292037",449,0,1,105,0,0,62,0,0
"0292038",450,0,1,157,0,0,99,0,0
"0292039",451,0,3,186,0,0,93,0,0
"0292040",452,1,1,309,0,1,105,1,1
"0292041",453,1,1,323,0,2,93,1,0
"0292042",454,0,6,167,0,0,53,0,0
"0292043",455,1,4,220,1,3,39,0,0
"0292044",456,0,2,192,0,1,72,0,1
"0292045",457,0,1,203,0,0,109,0,0
"0292046",458,0,0,350,0,1,173,0,0
"0292047",459,0,1,276,0,0,97,0,1
"0292048",460,0,4,131,0,0,63,0,0
"0292049",461,2,3,296,0,0,102,0,0
"0292050",462,0,1,219,0,0,93,0,0
"0292051",463,0,1,63,0,0,21,0,0
"0292052",464,0,2,78,0,0,27,0,0
"0292053",465,1,1,111,0,1,50,0,0
"0292054",466,0,0,294,0,0,180,1,0
"0292055",467,0,0,166,0,0,217,1,0
"0292056",468,0,2,156,0,1,77,0,0
"0292057",469,0,4,205,0,3,62,0,0
"0292058",470,2,2,193,1,2,80,0,1
"0292059",471,1,4,225,0,1,95,0,0
"0292060",472,0,0,152,0,1,72,0,0
"0292061",473,1,1,74,0,0,51,0,1
"0292062",474,1,0,134,0,1,42,0,1
"0292063",475,0,0,93,0,1,33,0,0
"0292064",476,1,1,224,0,0,100,0,0
"0292065a",477,0,1,77,0,1,45,0,0
"0292065b",478,0,0,5,0,0,2,0,0
"0292066",479,0,1,256,0,0,136,0,1
"0292067",480,0,0,47,0,0,27,0,0
"0292068",481,2,1,363,0,3,193,1,1
"0292069",482,0,6,200,0,0,124,0,0
"0292070",483,0,2,248,0,1,52,0,0
"0292071",484,0,1,78,0,0,15,0,1
"0292072",485,0,1,207,0,0,138,0,0
"0292073",486,0,1,97,0,0,53,0,0
"0292074",487,0,3,67,0,0,23,0,0
"0292075",488,1,2,106,0,0,35,1,0
"0292076",489,1,2,159,0,3,103,0,0
"0292077",490,0,0,203,0,0,110,1,1
"0292078",491,0,3,191,0,2,85,0,0
"0292079",492,0,1,61,0,0,12,0,0
"0292080",493,0,0,106,0,2,52,0,0
"0292081",494,0,2,84,0,0,34,0,0
"0292082",495,0,1,125,0,1,60,0,0
"0292083",496,0,1,119,0,0,58,0,0
"0292084",497,0,0,261,0,5,135,0,0
"0292085",498,1,0,167,0,0,50,0,0
"0292086",499,0,0,221,0,2,132,0,0
"0292087",500,0,0,163,1,1,78,0,0
"0292088",501,0,0,296,0,1,185,0,0
"0292089",502,0,1,46,0,1,13,0,0
"0292090",503,1,0,115,0,0,65,0,0
"0292091",504,0,1,163,0,1,169,0,0
"0292092",505,0,0,41,0,0,24,0,1
"0292093",506,0,0,24,0,0,31,0,0
"0292094",507,0,0,26,0,0,4,0,0
"0292095",508,0,0,209,0,2,109,0,0
"0292096",509,0,1,95,0,3,98,0,1
"0292097",510,0,3,166,0,1,96,0,0
"0292098",511,0,0,84,0,1,59,0,0
"0292099",512,0,1,91,0,1,65,0,0
"0292100",513,0,0,109,0,2,53,1,0
"0292101",514,0,0,5,0,0,3,0,0
"0292102",515,1,0,214,0,1,102,2,0
"0292103",516,1,0,19,0,0,6,0,0
"0292104",517,0,0,30,0,0,11,0,0
"0292105",518,0,0,58,0,0,15,0,0
"0292106",519,0,0,25,0,2,18,0,0
"0292107",520,0,2,93,0,0,53,0,0
"0292108",521,0,1,84,0,0,39,0,0
"0292109",522,0,0,0,0,0,0,0,0
"0292110",523,0,0,42,0,0,20,0,0
"0292111",524,0,0,98,0,0,47,0,0
"0292112",525,0,1,194,0,1,70,0,0
"0292113",526,0,0,4,0,0,2,0,0
"0292114",527,0,0,170,0,1,95,0,0
"0292115",528,0,0,80,0,0,33,0,1
"0292116",529,0,0,1,0,0,0,0,0
"0292117",530,1,2,62,0,0,21,0,0
"0292118",531,0,0,5,0,0,2,0,0
"0292119",532,0,0,42,0,0,33,0,0
"0292120",533,0,0,17,0,0,12,0,0
"0292121",534,0,1,34,0,0,20,0,0
"0292122",535,0,0,78,0,0,70,0,0
"0292123",536,0,0,85,0,0,79,0,0
"0292124",537,0,0,94,0,0,32,0,0
"0292125",538,0,0,46,0,0,29,0,0
"0292126",539,0,3,72,0,1,44,0,1
"0292127",540,0,0,218,0,0,111,0,1
"0292128",541,1,1,155,0,0,53,0,1
"0292129",542,0,0,0,0,0,0,0,0
"0292130",543,0,1,163,0,1,82,0,0
"0292131",544,0,0,18,0,0,13,0,0
"0292132",545,0,0,0,0,0,0,0,0
"0292133",546,0,1,27,0,0,17,0,0
"0292134",547,0,0,70,0,0,46,0,0
"0292135",548,0,0,31,0,0,35,0,0
"0292136",549,0,2,187,0,0,100,0,0
"0292137",550,0,0,82,0,1,57,0,0
"0292138",551,0,1,61,0,0,37,0,0
"0292139",552,0,1,105,0,0,91,0,0
"0292140",553,1,0,103,1,0,67,0,0
"0292141",554,0,0,120,0,1,63,0,1
"0292142",555,0,0,27,0,0,28,0,0
"0292143",556,0,1,187,0,1,82,0,0
"0292144",557,0,3,181,1,1,96,0,0
"0292145",558,0,1,23,0,0,18,0,0
"0292146",559,0,0,3,0,0,5,0,0
"0292147",560,0,0,20,0,0,10,0,0
"0292148",561,0,1,263,1,1,198,0,1
"0292149",562,0,1,115,0,0,73,0,0
"0292150",563,0,0,0,0,0,0,0,0
"0292151",564,0,0,0,0,0,0,0,0
"0292152",565,0,1,58,0,0,40,0,0
"0292153",566,0,0,12,0,0,20,0,0
"0292154",567,0,0,132,0,0,96,0,0
"0292155",568,0,0,0,0,0,0,0,0
"0292156",569,0,0,48,0,0,66,0,0
"0292157",570,0,0,0,0,0,0,0,0
"0292158",571,0,0,0,0,0,0,0,0
"0292159",572,1,0,14,0,0,18,0,0
"0292160",573,0,0,4,0,0,2,0,0
"0292161",574,0,1,16,0,0,9,0,0
"0292162",575,0,0,54,0,0,44,0,0
"0292163",576,0,0,153,0,0,124,1,0
"0292164",577,0,0,127,0,1,100,0,1
"0292165",578,1,3,207,0,0,141,0,0
"0292166",579,0,0,145,0,0,80,0,0
"0292167",580,0,0,2,0,0,3,0,0
"0292168",581,0,2,137,0,2,92,0,0
"0292169",582,0,2,185,0,0,74,0,0
"0292170",583,0,0,205,0,0,132,0,0
"0292171",584,0,2,107,0,1,68,0,0
"0292172",585,0,0,44,0,0,20,0,0
"0292173",586,1,5,147,0,2,86,0,0
"0292174",587,0,1,200,0,0,98,0,1
"0292175",588,0,0,84,0,0,65,0,0
"0292176",589,0,2,72,0,0,53,0,0
"0292177",590,0,0,0,0,0,0,0,0
"0292178",591,0,1,189,0,2,101,1,1
"0292179",592,0,0,6,0,0,7,0,0
"0292180a",593,0,1,126,0,0,78,0,0
"0292180b",594,0,0,2,0,0,2,0,0
"0292181a",595,0,0,11,0,0,6,0,0
"0292181b",596,0,0,2,0,0,1,0,0
"0292181c",597,0,0,2,0,0,2,0,0
"0292181d",598,0,0,4,0,0,3,0,0
"0292181e",599,0,0,1,0,0,0,0,0
"0292181f",600,0,0,1,0,0,0,0,0
"0292181g",601,0,0,0,0,0,0,0,0
"0292182a",602,0,0,3,0,0,0,0,0
"0292182b",603,0,0,3,0,0,2,0,0
"0292182c",604,0,0,8,0,0,4,0,0
"0293001",605,0,1,148,0,0,88,0,0
"0293002",606,0,0,98,1,0,60,0,0
"0293003",607,0,0,60,0,0,32,0,0
"0293004",608,0,0,0,0,0,0,0,0
"0293005",609,0,0,52,0,1,15,0,0
"0293006",610,0,0,118,0,0,54,0,0
"0293007",611,0,0,149,0,2,62,0,0
"0293008",612,0,0,7,0,0,5,0,0
"0293009",613,0,0,0,0,0,0,0,0
"0293010",614,0,0,16,0,0,31,0,0
"0293011",615,0,1,125,0,1,35,0,0
"0293012",616,0,0,29,0,0,5,0,0
"0293013",617,0,0,179,0,0,96,1,0
"0293014",618,0,0,48,0,0,30,0,0
"0293015",619,0,4,147,0,1,97,0,0
"0293016",620,0,0,0,0,0,0,0,0
"0293017",621,0,0,72,0,0,35,0,0
"0293018",622,1,0,136,1,0,66,0,0
"0293019",623,0,0,0,0,0,0,0,0
"0293020",624,0,0,214,0,0,106,1,0
"0293021",625,0,0,100,0,0,45,0,0
"0293022",626,0,1,123,0,0,82,0,0
"0293023",627,0,0,4,0,0,2,0,0
"0293024",628,0,0,0,0,0,0,0,0
"0293025",629,0,0,110,0,0,73,0,0
"0293026",630,0,0,102,0,1,46,0,0
"0293027",631,0,0,99,0,0,64,0,0
"0293028",632,0,0,104,0,0,85,0,0
"0293029",633,0,0,83,0,0,64,0,0
"0293030",634,0,0,147,0,1,67,0,0
"0293031",635,0,0,6,0,0,1,0,0
"0293032",636,0,0,2,0,0,1,0,0
"0293033",637,0,0,112,0,0,31,0,0
"0293034",638,0,0,116,0,1,40,0,0
"0293035",639,0,0,65,0,0,43,0,0
"0293036",640,1,1,172,0,0,146,0,0
"0293037",641,0,0,3,0,0,3,0,0
"0293038",642,1,1,118,0,0,79,0,0
"0293039",643,0,1,121,0,0,84,0,0
"0293040",644,0,0,121,0,0,83,0,0
"0293041",645,0,0,61,0,1,28,0,0
"0293042",646,0,1,91,0,0,42,0,0
"0293043",647,0,0,89,0,0,49,0,0
"0293044",648,0,0,97,0,0,44,0,0
"0293045",649,0,0,77,0,1,45,0,0
"0293046",650,0,0,120,0,0,71,0,0
"0293047",651,0,0,155,0,0,96,0,0
"0293048",652,0,0,130,0,2,64,0,0
"0293049",653,0,0,157,1,1,84,0,0
"0293050",654,0,0,79,1,2,57,1,0
"0293051",655,0,0,26,0,0,18,0,0
"0293052",656,0,1,63,0,0,32,0,0
"0293053",657,1,0,118,1,1,35,0,0
"0293054",658,0,1,16,0,0,10,0,0
"0293055",659,1,0,113,0,1,69,0,0
"0293056",660,0,0,122,0,0,101,0,0
"0293057",661,0,0,41,0,0,25,0,0
"0293058",662,0,1,102,0,0,112,0,0
"0293059",663,0,0,74,0,0,51,0,0
"0293060",664,0,2,151,0,0,96,0,1
"0293061",665,0,1,125,0,1,109,0,0
"0293062",666,0,0,2,0,0,2,0,0
"0293063",667,0,2,123,0,0,127,0,0
"0293064",668,0,0,45,0,0,20,0,0
"0293065",669,0,1,150,0,0,80,0,0
"0293066",670,0,4,170,0,0,83,0,0
"0293067",671,0,1,102,1,0,78,1,0
"0293068",672,0,2,134,0,0,132,0,0
"0293069",673,0,2,251,0,0,138,0,0
"0293070",674,0,0,231,0,1,101,0,1
"0293071",675,0,0,222,1,0,154,0,0
"0293072",676,1,0,129,0,1,78,0,0
"0293073",677,1,1,141,0,0,54,0,0
"0293074",678,0,0,240,1,0,108,0,0
"0293075",679,0,0,219,0,0,79,0,0
"0293076",680,0,0,65,0,1,40,0,0
"0293077",681,0,0,195,0,0,107,0,0
"0293078",682,0,0,172,0,0,108,0,0
"0293079",683,0,2,245,0,1,109,0,0
"0293080",684,0,0,64,0,0,50,0,0
"0293081",685,0,0,155,0,1,83,0,0
"0293082",686,0,0,144,0,0,86,0,0
"0293083",687,0,0,79,0,1,59,0,0
"0293084",688,0,0,143,0,0,104,1,0
"0293085",689,0,1,69,1,0,62,0,0
"0293086",690,0,0,129,0,2,64,0,0
"0293087",691,0,0,90,0,1,33,0,0
"0293088",692,0,2,116,0,1,77,0,0
"0293089",693,0,2,129,0,0,65,1,0
"0293090",694,1,0,173,0,0,104,0,0
"0293091",695,0,0,37,0,0,16,0,0
"0293092",696,0,0,125,0,1,66,0,0
"0293093",697,0,1,116,0,0,64,0,0
"0293094",698,0,0,131,0,1,54,0,0
"0293095",699,0,0,72,0,0,148,0,0
"0293096",700,0,0,169,0,0,88,2,0
"0293097",701,0,0,0,0,0,0,0,0
"0293098",702,0,0,108,0,0,46,0,0
"0293099",703,0,0,185,0,0,94,0,0
"0293100",704,0,0,142,0,0,101,0,0
"0293101",705,0,1,156,0,0,68,0,0
"0293102",706,0,0,166,0,0,102,0,1
"0293103",707,0,0,37,0,0,28,0,0
"0293104",708,0,0,179,0,0,117,0,0
"0293105",709,0,0,165,0,0,110,0,1
"0293106",710,0,0,120,0,0,47,0,0
"0293107",711,0,0,40,0,0,17,0,0
"0293108",712,0,0,88,0,0,37,0,0
"0293109",713,2,1,213,1,0,125,0,0
"0293110",714,1,2,157,0,0,124,0,0
"0293111",715,0,0,0,0,0,0,0,0
"0293112",716,0,1,96,0,0,95,0,1
"0293113",717,0,0,64,0,0,66,0,0
"0293114",718,0,1,106,1,1,87,1,0
"0293115",719,0,0,159,0,0,55,0,0
"0293116",720,0,0,51,0,0,44,0,0
"0293117",721,0,0,215,0,1,103,0,0
"0293118",722,0,0,83,0,0,31,0,0
"0293119",723,0,1,134,1,0,98,0,0
"0293120",724,0,0,146,0,1,135,0,1
"0293121",725,0,0,120,0,0,82,0,0
"0293122",726,1,0,134,1,0,108,0,0
"0293123",727,0,0,22,0,0,16,0,0
"0293124",728,0,0,99,0,0,50,0,0
"0293125",729,0,0,122,0,0,58,0,0
"0293126",730,0,0,81,0,1,39,0,0
"0293127",731,0,0,78,0,0,42,0,0
"0293128",732,0,0,6,0,0,6,0,0
"0293129",733,1,0,206,0,0,182,1,0
"0293130",734,0,0,105,0,0,45,0,0
"0293131",735,0,0,0,0,0,0,0,0
"0293132",736,0,0,74,0,0,57,0,0
"0293133",737,0,0,0,0,0,0,0,0
"0293134",738,0,0,129,0,0,150,1,0
"0293135",739,0,0,90,0,0,37,0,0
"0293136",740,0,0,73,0,0,56,0,0
"0293137",741,0,0,90,0,0,73,1,0
"0293138",742,0,0,3,0,0,4,0,0
"0293139a",743,0,0,51,0,0,33,0,0
"0293139b",744,0,0,4,0,0,2,0,0
"0293139c",745,0,0,5,0,0,3,0,0
"0293140",746,0,0,3,0,0,2,0,0
"0293141",747,0,0,1,0,0,1,0,0
"0293142",748,0,0,7,0,0,6,0,0
"0293143",749,0,0,129,0,1,60,0,0
"0293144",750,0,0,0,0,0,0,0,0
"0293145",751,0,0,121,0,0,48,0,0
"0293146",752,0,0,258,0,0,131,0,0
"0293147",753,0,0,6,0,0,3,0,0
"0293148",754,0,0,51,0,1,24,0,0
"0293149",755,0,0,38,0,1,231,0,0
"0293150",756,0,0,0,0,0,6,0,0
"0293151",757,0,0,131,0,0,70,0,0
"0293152",758,0,0,60,0,0,25,0,0
"0293153",759,0,0,105,1,0,52,0,0
"0293154",760,0,0,86,0,1,43,0,0
"0293155",761,0,1,149,1,1,70,1,0
"0293156",762,0,0,1,0,0,0,0,0
"0293157",763,0,0,203,0,1,95,0,1
"0293158",764,0,0,5,0,0,3,0,0
"0293159",765,0,1,124,0,1,82,0,1
"0293160",766,0,0,96,0,0,42,0,1
"0293161",767,0,0,173,0,1,108,1,0
"0293162",768,0,1,74,0,0,43,0,0
"0293163",769,0,1,116,0,2,98,0,0
"0293164",770,0,1,80,0,0,41,0,0
"0293165",771,0,0,208,1,1,108,0,0
"0293166",772,0,0,47,0,1,31,0,0
"0293167",773,0,0,0,0,0,0,0,0
"0293168",774,0,0,11,0,0,7,0,0
"0293169",775,0,0,14,0,0,8,1,0
"0293170",776,0,0,0,0,0,0,0,0
"0293171",777,0,0,0,0,0,0,0,0
"0293172",778,0,1,35,0,0,28,0,1
"0293173",779,1,1,192,0,0,101,0,0
"0293174",780,0,0,143,0,1,70,0,0
"0293175",781,0,0,57,0,0,41,0,0
"0293176",782,0,0,0,0,0,0,0,0
"0293177",783,0,0,0,0,0,0,0,0
"0293178",784,0,0,0,0,0,0,0,0
"0293179",785,0,0,0,0,0,0,0,0
"0293180",786,0,0,62,0,0,61,0,0
"0293181",787,0,1,106,0,0,49,0,0
"0293182",788,0,0,75,0,2,41,0,0
"0293183",789,0,0,0,0,0,0,0,0
"0293184",790,0,0,5,1,0,4,0,0
"0293185",791,0,0,15,0,0,8,0,0
"0293186",792,0,0,0,0,0,0,0,0
"0293187",793,0,0,0,0,0,0,0,0
"0293188",794,0,0,0,0,0,0,0,0
"0293189",795,1,0,69,0,0,33,0,0
"0293190",796,0,0,13,0,0,11,0,0
"0293191",797,0,0,7,0,0,3,0,0
"0293192",798,0,0,0,0,0,0,0,0
"0293193",799,0,0,10,0,0,5,0,0
"0293194",800,0,0,51,0,0,31,0,0
"0293195",801,0,1,92,1,0,99,1,0
"0293196",802,0,0,0,0,0,0,0,0
"0293197",803,0,0,0,0,0,0,0,0
"0293198",804,0,0,24,0,0,13,0,0
"0293199",805,0,0,122,0,1,54,0,0
"0293200",806,0,0,0,0,0,0,0,0
"0293201",807,0,1,105,0,0,50,0,0
"0293202",808,0,0,44,0,1,23,0,0
"0293203",809,0,0,28,0,0,13,0,0
"0293204",810,0,0,0,0,0,0,0,0
"0293205",811,0,0,0,0,0,0,0,0
"0294001",812,2,0,144,0,0,106,0,0
"0294002",813,0,0,76,0,0,29,0,0
"0294003",814,0,1,113,0,1,31,0,0
"0294004",815,1,0,49,0,1,19,0,0
"0294005",816,0,1,176,0,0,91,0,1
"0294006",817,0,0,36,0,0,22,0,0
"0294007",818,0,1,21,0,0,25,0,0
"0294008",819,0,0,49,0,0,46,0,0
"0294009",820,0,0,57,0,0,17,0,0
"0294010",821,0,0,186,0,1,49,1,0
"0294011",822,0,2,95,0,0,27,0,0
"0294012",823,0,0,62,0,0,12,0,0
"0294013",824,0,0,76,0,0,49,0,0
"0294014",825,0,3,51,0,0,8,0,0
"0294015",826,0,2,175,0,1,120,0,0
"0294016",827,1,2,280,0,0,116,0,0
"0294017",828,0,2,217,0,2,204,1,0
"0294018",829,0,1,182,0,0,101,0,0
"0294019",830,1,1,214,0,0,69,0,1
"0294020",831,1,0,50,0,0,31,0,0
"0294021",832,0,0,78,0,1,42,0,0
"0294022",833,0,0,14,0,0,3,0,0
"0294023",834,0,3,174,1,2,72,1,0
"0294024",835,0,2,232,0,0,109,0,1
"0294025",836,0,0,107,1,0,44,0,0
"0294026",837,0,5,284,0,2,133,1,2
"0294027",838,0,1,180,0,2,64,0,1
"0294028",839,0,4,291,0,1,116,1,0
"0294029",840,0,0,241,0,0,62,1,0
"0294030",841,0,0,47,0,0,7,0,0
"0294031",842,1,1,131,0,0,52,1,1
"0294032",843,0,1,142,0,0,67,1,0
"0294033",844,0,3,280,1,3,101,1,0
"0294034",845,1,0,165,0,0,35,2,0
"0294035",846,0,0,2,0,0,8,0,0
"0294036",847,0,3,395,0,2,85,1,4
"0294037",848,0,1,231,1,0,35,2,1
"0294038",849,0,1,191,0,0,176,0,0
"0294039",850,0,2,196,1,1,39,0,1
"0294040",851,0,0,198,0,1,44,0,0
"0294041",852,0,2,332,0,1,38,1,0
"0294042",853,0,0,1,0,0,0,0,0
"0294043",854,0,0,211,0,1,77,0,0
"0294044",855,0,0,99,0,3,54,0,0
"0294045",856,0,0,182,0,1,102,0,0
"0294046",857,0,0,156,1,2,90,0,0
"0294047",858,0,6,171,1,1,106,0,0
"0294048",859,1,4,197,0,0,50,0,0
"0294049",860,0,1,153,0,0,63,0,0
"0294050",861,0,1,120,0,2,52,0,0
"0294051",862,0,0,174,0,0,64,0,0
"0294052",863,0,1,168,0,1,66,0,0
"0294053",864,2,0,81,0,1,45,0,0
"0294054",865,0,1,242,0,1,109,1,1
"0294055",866,0,0,79,0,2,37,0,1
"0294056",867,0,1,155,0,0,99,0,0
"0294057",868,0,0,116,0,0,39,0,0
"0294058",869,0,0,89,0,0,51,0,0
"0294059",870,0,0,127,0,0,61,0,0
"0294060",871,0,1,157,0,1,57,1,0
"0294061",872,0,0,126,0,2,58,0,0
"0294062",873,0,1,46,0,0,13,0,0
"0294063",874,0,0,69,0,0,29,0,0
"0294064",875,0,1,180,0,1,68,0,0
"0294065",876,0,1,117,2,0,46,0,1
"0294066",877,0,1,263,0,2,89,1,0
"0294067",878,0,1,70,0,0,34,0,0
"0294068",879,0,0,11,0,0,9,0,0
"0294069",880,0,0,61,0,0,18,0,0
"0294070",881,1,1,362,1,0,83,0,2
"0294071",882,0,0,35,0,0,27,1,0
"0294072",883,0,0,126,0,1,55,0,0
"0294073",884,0,0,82,0,0,51,1,0
"0294074",885,0,2,90,0,0,40,0,0
"0294075",886,0,0,70,0,0,32,0,0
"0294076",887,0,0,187,0,1,56,0,0
"0294077",888,0,0,159,0,0,57,0,1
"0294078",889,0,1,30,0,2,26,0,0
"0294079",890,0,0,71,0,0,53,0,0
"0294080",891,0,0,167,0,0,50,0,0
"0294081",892,0,0,5,0,0,11,0,0
"0294082",893,1,2,162,0,2,36,3,0
"0294083",894,0,0,21,0,0,7,0,0
"0294084",895,0,0,30,0,0,11,0,0
"0294085",896,0,0,0,0,0,0,0,0
"0294086",897,0,1,24,0,0,15,0,0
"0294087",898,0,0,105,0,0,26,0,0
"0294088",899,1,3,313,0,2,100,0,0
"0294089",900,1,1,161,0,0,89,0,0
"0294090",901,0,2,99,0,0,52,0,0
"0294091",902,0,1,70,0,0,82,1,0
"0294092",903,1,0,106,0,1,40,1,0
"0294093",904,0,1,140,0,0,82,0,0
"0294094",905,1,0,140,0,1,62,0,0
"0294095",906,0,0,117,0,0,56,0,1
"0294096",907,0,0,135,0,1,82,0,0
"0294097",908,0,0,55,0,0,31,0,0
"0294098",909,0,0,93,0,1,52,1,0
"0294099",910,0,2,77,0,0,56,0,0
"0294100",911,0,0,53,0,0,16,0,0
"0294101",912,0,2,41,0,0,10,0,0
"0294102",913,0,0,35,0,0,33,0,0
"0294103",914,0,0,0,0,0,0,0,0
"0294104",915,0,0,69,0,0,65,1,0
"0294105",916,0,0,48,0,0,32,0,0
"0294106",917,0,0,24,0,0,11,0,0
"0294107",918,1,0,150,0,1,47,0,1
"0294108",919,1,0,183,0,0,112,0,0
"0294109",920,0,0,8,0,0,2,0,0
"0294110",921,0,0,118,0,3,130,0,0
"0294111",922,0,0,15,0,0,3,0,0
"0294112",923,0,0,70,0,0,25,0,0
"0294113",924,0,2,112,0,0,33,0,1
"0294114",925,0,0,6,0,0,3,0,0
"0294115",926,0,0,13,0,0,8,0,0
"0294116",927,0,0,4,0,0,1,0,0
"0294117",928,0,0,44,0,0,27,0,0
"0294118",929,0,0,2,0,0,2,0,0
"0294119",930,0,0,35,0,0,34,0,0
"0294120",931,0,0,23,0,0,9,0,0
"0294121",932,1,0,5,0,0,7,0,0
"0294122",933,0,0,16,0,0,10,0,0
"0294123",934,1,0,13,0,0,16,0,0
"0294124",935,1,1,168,0,0,39,0,3
"0294125",936,0,0,2,0,0,2,0,0
"0294126",937,0,0,32,0,1,22,0,0
"0294127",938,0,0,0,0,0,0,0,0
"0294128",939,0,0,10,0,0,6,0,0
"0294129",940,0,0,7,0,0,3,0,0
"0294130",941,0,0,28,0,0,15,0,0
"0294131",942,0,0,26,0,0,9,0,0
"0294132",943,0,1,134,0,1,45,0,1
"0294133",944,0,0,0,0,0,0,0,0
"0294134",945,0,0,0,0,0,0,0,0
"0294135",946,0,0,0,0,0,0,0,0
"0294136",947,0,0,6,0,0,3,0,0
"0294137",948,0,0,3,0,0,0,0,0
"0294138",949,0,0,0,0,0,0,0,0
"0294139",950,0,0,0,0,0,0,0,0
"0294140",951,0,0,0,0,0,0,0,0
"0294141",952,0,0,25,0,0,11,0,0
"0294142",953,0,0,63,0,0,10,0,0
"0294143",954,0,1,121,0,0,44,0,0
"0294144",955,0,0,22,0,1,19,0,0
"0294145",956,0,0,2,0,0,0,0,0
"0294146",957,0,0,3,0,0,1,0,0
"0294147",958,0,0,12,0,0,12,0,1
"0294148",959,0,0,10,0,0,7,0,0
"0294149",960,0,0,16,0,0,12,1,0
"0294150",961,0,2,135,0,1,54,0,0
"0294151",962,0,0,15,0,0,6,0,0
"0294152",963,0,2,155,0,1,61,0,0
"0294153",964,0,0,5,0,0,1,0,0
"0294154",965,2,1,38,0,0,20,0,0
"0294155",966,1,2,313,0,2,226,0,1
"0294156",967,0,0,71,0,0,24,0,0
"0294157",968,0,2,208,0,3,147,1,0
"0294158",969,0,0,9,0,0,16,0,0
"0294159",970,0,0,0,0,0,0,0,0
"0294160",971,2,1,81,0,0,42,0,1
"0294161",972,0,0,51,0,0,23,0,1
"0294162",973,0,2,103,0,1,72,0,0
"0294163",974,0,0,180,0,0,56,0,0
"0294164",975,0,0,117,0,0,62,0,0
"0294165",976,0,0,6,0,0,7,0,0
"0294166",977,0,1,18,0,0,7,0,0
"0294167",978,0,0,1,0,0,1,0,0
"0294168",979,0,0,161,0,0,58,0,0
"0294169",980,0,0,20,0,0,7,0,0
"0294170",981,0,0,14,0,0,27,0,0
"0294171",982,0,0,75,0,0,45,1,0
"0294172",983,1,0,59,0,0,50,0,0
"0294173",984,0,0,83,0,1,53,0,0
"0294174",985,0,0,66,0,0,50,0,0
"0294175",986,0,0,0,0,0,0,0,0
"0294176",987,0,0,77,0,0,37,0,0
"0294177",988,0,0,4,0,0,3,0,0
"0294178",989,0,0,1,0,0,1,0,0
"0294179",990,1,2,188,0,0,86,1,0
"0294180",991,0,0,0,0,0,0,0,0
"0294181",992,0,0,0,0,0,0,0,0
"0294182",993,0,0,0,0,0,0,0,0
"0294183",994,0,0,13,0,0,10,0,0
"0294184",995,0,0,5,0,0,4,0,0
"0294185",996,0,0,0,0,0,0,0,0
"0294186",997,0,0,11,0,0,18,0,0
"0294187",998,0,0,0,0,0,0,0,0
"0294188",999,0,0,0,0,0,0,0,0
"0294189",1000,0,0,73,0,1,26,0,0
"0294190",1001,0,0,0,0,0,0,0,0
"0294191",1002,0,0,0,0,0,0,0,0
"0294192",1003,0,0,0,0,0,0,0,0
"0294193",1004,0,0,4,0,0,1,0,0
"0294194",1005,1,1,27,0,1,13,0,1
"0294195",1006,0,0,0,0,0,0,0,0
"0294196",1007,0,0,0,0,0,0,0,0
"0294197",1008,0,0,0,0,0,0,0,0
"0294198",1009,0,0,92,0,1,45,1,0
"0294199",1010,0,2,37,0,0,39,0,0
"0294200",1011,0,1,170,0,2,59,0,0
"0294201",1012,0,0,1,0,0,0,0,0
"0294202",1013,0,0,0,0,0,0,0,0
"0294203",1014,0,0,10,0,0,12,0,0
"0294204",1015,0,0,0,0,0,0,0,0
"0294205",1016,0,0,9,0,0,8,0,0
"0294206",1017,0,0,25,0,0,16,0,0
"0294207",1018,0,0,0,0,0,0,0,0
"0294208",1019,0,0,0,0,0,0,0,0
"0294209",1020,0,0,0,0,0,0,0,0
"0294210",1021,0,0,0,0,0,2,0,0
"0294211",1022,0,0,3,0,1,4,0,0
"0294212",1023,0,0,0,0,0,0,0,0
"0294213",1024,0,0,0,0,0,0,0,0
"0294214",1025,0,0,76,0,0,39,0,0
"0294215",1026,0,0,12,0,0,8,0,0
"0294216",1027,0,0,53,0,0,17,0,0
"0294217",1028,0,0,8,0,0,5,0,0
"0294218",1029,0,0,12,0,0,6,0,0
"0294219",1030,0,0,0,0,0,0,0,0
"0294220",1031,0,0,0,0,0,0,0,0
"0294221",1032,0,0,0,0,0,0,0,0
"0294222",1033,0,0,20,0,0,20,0,0
"0294223",1034,0,0,2,0,0,0,0,0
"0294224",1035,0,0,0,0,0,0,0,0
"0294225",1036,0,0,28,1,0,17,0,0
"0294226",1037,0,0,7,0,0,4,0,0
"0294227",1038,0,0,0,0,0,0,0,0
"0294228",1039,0,0,33,0,0,27,0,0
"0294229",1040,0,0,147,0,0,55,0,0
"0294230",1041,0,0,106,0,0,31,0,0
"0310102",1042,0,0,66,0,0,48,0,0
"0310201",1043,0,0,71,0,0,54,0,0
"0310302",1044,0,0,56,0,0,43,0,0
"0310303",1045,0,0,19,0,0,17,0,0
"0310401",1046,0,1,72,0,0,70,0,0
"0330004",1047,0,0,0,0,0,0,0,0
"033001a",1048,0,0,1,0,0,1,0,0
"033001b",1049,0,0,0,0,0,0,0,0
"033002a",1050,0,0,2,0,0,0,0,0
"033002b",1051,0,0,0,0,0,0,0,0
"033003a",1052,0,0,1,0,0,0,0,0
"033003b",1053,0,0,0,0,0,0,0,0
"0350001",1054,1,0,21,0,0,8,0,0
"0350002",1055,1,0,31,0,1,19,0,0
"0350003",1056,0,0,30,0,1,12,0,0
"0350004",1057,1,0,16,0,0,3,0,0
"0350005",1058,0,0,36,0,0,29,0,0
"0350006",1059,1,0,37,0,0,23,0,0
"0350007",1060,0,0,18,0,0,9,0,0
"0350008",1061,0,0,68,1,2,43,1,0
"0350009",1062,0,0,32,0,1,14,0,0
"0350010",1063,0,0,43,0,0,24,0,0
"0350011",1064,0,0,21,0,0,15,1,0
"0370007",1065,0,0,229,0,0,51,0,0
"0370009",1066,0,0,128,1,2,35,1,0
"0370010",1067,0,0,50,0,0,23,0,0
"0370011",1068,0,0,17,0,0,9,0,0
"0370012",1069,0,0,46,0,2,25,0,0
"0370013",1070,0,0,3,0,0,1,0,0
"0370014",1071,0,0,28,0,0,6,0,0
"0370015",1072,0,0,8,0,0,4,0,0
"0370016",1073,0,0,24,0,0,9,0,0
"0370017",1074,0,0,28,0,0,9,0,0
"0370018",1075,1,0,83,1,2,26,2,0
"0370019",1076,0,0,14,0,0,8,0,0
"037001a",1077,0,0,129,0,0,12,0,0
"037001b",1078,1,0,116,0,0,18,0,0
"0370020",1079,0,0,18,0,0,3,0,0
"0370021",1080,0,0,9,0,0,4,0,0
"0370022",1081,0,0,9,0,0,1,0,0
"0370024",1082,0,0,20,0,0,2,0,0
"0370025",1083,0,0,49,0,0,14,1,0
"0370027",1084,0,0,8,0,0,4,0,0
"0370028",1085,0,0,16,0,1,7,0,0
"0370029",1086,0,0,2,0,0,1,0,0
"037002a",1087,1,0,146,1,1,14,0,1
"037002b",1088,1,0,30,0,1,7,1,0
"037002c",1089,0,0,147,1,0,9,2,0
"037002d",1090,0,0,4,0,0,2,0,0
"0370030",1091,2,0,78,0,1,26,0,0
"037003a",1092,0,0,48,0,0,8,0,0
"037003b",1093,0,0,68,0,0,19,0,0
"037004a",1094,0,0,51,0,2,17,0,0
"037004b",1095,0,0,63,0,1,18,0,0
"037004c",1096,0,0,55,0,1,17,0,1
"037004d",1097,0,0,1,0,0,0,0,0
"037005a",1098,0,0,14,0,0,3,0,0
"037005b",1099,0,0,0,0,0,0,0,0
"037005c",1100,0,1,131,1,0,63,2,0
"037006a",1101,0,0,62,0,0,28,0,0
"037006b",1102,0,0,70,1,0,31,1,0
"037008a",1103,0,0,115,0,1,17,0,0
"037008b",1104,1,0,122,1,1,66,0,0
"037008c",1105,2,1,62,0,1,27,5,0
"037009a",1106,1,0,10,0,0,4,0,0
"037011a",1107,0,0,44,0,0,18,0,0
"037012a",1108,0,0,1,0,0,0,0,0
"037014a",1109,0,0,58,0,0,15,0,0
"037016a",1110,0,0,0,0,0,2,0,0
"037018a",1111,0,0,2,0,0,0,0,0
"037020a",1112,0,0,13,0,0,3,0,0
"037022a",1113,0,0,7,0,0,1,0,0
"0390001",1114,1,1,165,0,3,74,1,0
"0390002",1115,0,3,138,0,0,47,1,2
"0390003",1116,0,3,99,0,1,81,3,1
"0390004",1117,1,0,117,0,1,30,3,2
"0390005",1118,0,1,67,0,0,16,0,1
"0390006",1119,0,0,26,0,0,19,0,0
"0390007",1120,1,2,126,0,1,36,1,0
"0390008",1121,0,0,19,0,0,8,0,0
"0390009",1122,0,0,39,0,0,11,0,0
"0390010",1123,0,0,12,0,0,3,0,0
"0390011",1124,0,0,67,0,1,40,0,1
"0390012",1125,1,1,122,0,2,65,2,0
"0390013",1126,1,3,253,0,2,88,4,0
"0390014",1127,0,1,192,1,3,48,0,0
"0390015",1128,1,0,32,0,1,14,0,0
"0390016",1129,0,0,36,0,0,33,0,0
"0390017",1130,1,2,155,0,2,40,0,0
"0390018",1131,1,0,147,0,1,75,0,0
"0390019",1132,0,0,110,0,0,36,0,0
"0390020",1133,0,0,49,0,0,22,0,0
"0390021",1134,0,0,116,0,0,45,1,0
"0390022",1135,0,1,103,1,0,51,0,0
"0390023",1136,0,2,126,1,1,58,0,0
"0390024",1137,0,0,33,0,0,14,0,0
"0390025",1138,0,1,23,0,1,26,1,0
"0390026",1139,0,1,148,0,0,51,0,0
"0390027",1140,0,1,220,0,0,58,1,0
"0390028",1141,0,0,153,0,0,78,0,0
"0390029",1142,0,1,297,0,0,103,4,0
"0390030",1143,0,3,54,0,1,36,0,0
"0390031",1144,1,0,29,0,0,4,0,0
"0390032",1145,0,0,92,0,1,29,2,2
"0390033",1146,0,0,119,1,0,19,2,0
"0390034",1147,1,0,127,1,0,67,0,1
"0390035",1148,0,1,26,0,1,16,0,0
"0390036",1149,0,0,72,0,1,42,2,0
"0390037",1150,0,0,103,0,0,55,2,0
"0390038",1151,0,0,27,0,0,9,0,0
"0390039",1152,0,2,74,0,1,50,0,0
"0390040",1153,0,0,57,0,0,26,0,0
"0390041",1154,0,0,162,0,0,57,1,0
"0390042",1155,0,1,32,0,0,15,0,0
"0390043",1156,0,0,143,0,1,85,1,0
"0390044",1157,0,0,364,0,0,115,4,0
"0390045",1158,0,0,121,0,1,65,0,0
"0390046",1159,0,0,158,0,2,93,2,0
"0390047",1160,0,0,91,0,0,68,3,0
"0390048",1161,2,3,99,0,2,51,0,0
"0390049",1162,0,1,26,0,0,13,0,0
"0390050",1163,1,0,296,0,0,97,4,1
"0390051",1164,0,0,97,0,1,70,3,0
"0390052",1165,0,0,113,0,1,65,0,0
"0390053",1166,0,0,113,0,1,45,0,0
"0390054",1167,0,0,266,0,4,110,2,0
"0390055",1168,1,1,116,0,4,46,3,0
"0390056",1169,0,0,153,0,2,79,2,0
"0390057",1170,0,0,25,0,0,15,0,0
"0390058",1171,0,0,159,0,1,62,1,0
"0390059",1172,0,0,169,0,0,52,1,0
"0390060",1173,0,0,334,0,0,120,0,0
"0390061",1174,0,0,35,0,0,17,0,0
"0390062",1175,2,1,257,0,0,111,7,0
"0390063",1176,0,0,342,0,0,95,3,1
"0390064",1177,0,0,0,0,0,1,0,0
"0390065",1178,1,0,69,0,0,28,1,0
"0390066",1179,1,0,153,0,1,52,1,1
"0390067",1180,0,1,228,1,1,79,3,0
"0390068",1181,0,0,69,0,1,25,0,0
"0390069",1182,0,0,198,0,0,64,0,0
"0390070",1183,0,0,88,0,0,37,1,0
"0390071",1184,0,0,87,0,1,32,1,0
"0390072",1185,0,0,161,0,0,48,0,0
"0390073",1186,0,1,20,0,0,14,1,0
"0390074",1187,0,0,8,0,0,6,0,0
"0390075",1188,0,1,87,0,0,39,1,1
"0390076",1189,0,0,33,1,1,22,0,0
"0390077",1190,0,1,82,0,2,74,1,0
"0390078",1191,0,1,85,0,1,31,1,0
"0410001",1192,0,0,42,0,1,22,0,0
"0410002",1193,0,0,79,0,0,53,0,0
"0410003",1194,0,0,51,0,2,13,0,0
"0410004",1195,0,2,129,1,11,21,2,0
"0410005",1196,0,1,36,0,2,22,0,0
"0410006",1197,0,0,15,0,1,25,0,0
"0410007",1198,0,0,23,0,0,5,0,0
"0410008",1199,0,0,68,0,0,110,0,0
"0410009",1200,1,0,61,0,0,68,0,1
"0410010",1201,0,0,85,0,0,103,0,0
"0410011",1202,0,0,122,3,2,169,1,0
"0410012",1203,0,0,156,1,3,169,0,0
"0410013",1204,0,2,80,0,1,60,0,0
"0410014",1205,0,1,109,0,1,55,0,0
"0410015",1206,1,1,81,0,0,47,1,0
"0410016",1207,0,4,48,0,2,17,0,2
"0410017",1208,1,1,127,2,0,100,2,0
"0410018",1209,0,0,43,1,3,14,0,0
"0410019",1210,0,0,13,0,0,6,0,1
"0410020",1211,1,1,24,1,1,227,0,0
"0410021",1212,0,0,10,0,0,66,0,0
"0410022",1213,0,0,6,0,0,14,0,0
"0410023",1214,0,0,3,0,1,1,0,0
"0410024",1215,0,0,96,0,0,104,0,0
"0410025",1216,0,0,110,0,0,13,0,0
"0410026",1217,0,0,72,1,2,58,1,0
"0410027",1218,1,0,61,0,0,39,0,0
"0410028",1219,0,0,3,0,0,5,0,0
"0410029",1220,0,0,12,0,0,7,0,0
"0410030",1221,1,1,112,0,2,63,0,0
"0410031",1222,0,0,96,0,0,139,0,0
"0410032",1223,0,0,14,0,0,32,0,0
"0410033",1224,0,0,43,0,2,62,1,0
"0410034",1225,0,1,51,0,0,126,0,0
"0410035",1226,0,0,35,0,0,146,0,0
"0410036",1227,0,1,108,0,2,104,0,0
"0410037",1228,0,0,1,0,0,3,0,0
"0410038",1229,0,0,24,0,0,7,0,0
"0410039",1230,0,0,60,0,0,73,0,0
"0410040",1231,0,0,156,0,2,125,0,0
"0410041",1232,0,0,39,0,0,24,0,0
"0410042",1233,0,0,0,0,0,0,0,0
"0410043",1234,0,0,1,0,0,0,0,0
"0410044",1235,0,0,6,0,0,1,0,0
"0410045",1236,0,0,3,0,0,1,0,0
"0410046",1237,0,1,14,0,0,8,0,0
"0410047",1238,0,0,22,0,0,9,0,0
"0410048",1239,0,0,9,0,0,2,0,0
"0410049",1240,0,0,2,0,0,20,0,0
"0410050",1241,0,0,0,0,0,0,0,0
"0410051",1242,0,0,0,0,0,0,0,0
"0410052",1243,0,0,0,0,0,1,0,0
"0410053",1244,0,0,0,0,0,0,0,0
"0410054",1245,0,0,14,0,0,7,0,0
"0410055",1246,0,0,57,0,0,102,0,0
"0410056",1247,0,0,1,0,0,0,0,0
"0410057",1248,0,0,10,0,0,7,0,0
"0410058",1249,0,0,14,0,0,10,0,0
"0410059",1250,0,0,0,0,0,0,0,0
"0410060",1251,0,0,0,0,0,0,0,0
"0410061",1252,0,0,1,0,0,2,0,0
"0410062",1253,0,0,64,0,2,53,0,0
"0410063",1254,0,0,47,0,0,37,0,0
"0410064",1255,0,0,112,0,0,66,0,0
"0410065",1256,0,0,2,0,0,3,0,0
"0410066",1257,0,0,62,0,0,32,0,0
"0410067",1258,0,0,6,0,0,4,0,0
"0410068",1259,0,0,0,0,0,0,0,0
"0410069",1260,0,0,67,0,2,51,1,0
"0410070",1261,0,1,20,0,1,17,0,0
"0410071",1262,0,0,3,0,0,4,0,0
"0410072",1263,0,0,2,0,0,0,0,0
"0410073",1264,1,0,72,1,2,52,0,0
"0410074",1265,0,0,16,0,1,76,0,0
"0410075",1266,0,0,59,0,0,154,0,0
"0410076",1267,0,1,105,0,1,122,0,1
"0410077",1268,1,0,11,0,0,17,0,0
"0410078",1269,0,0,2,0,0,3,0,0
"0410079",1270,0,1,10,0,0,3,0,0
"0410080",1271,0,0,70,0,0,69,0,0
"0410081",1272,0,0,4,0,0,1,0,0
"0410082",1273,0,0,4,0,0,13,0,0
"0410083",1274,0,0,0,0,0,0,0,0
"0410084",1275,0,0,0,0,0,0,0,0
"0410085",1276,0,0,0,0,0,0,0,0
"0410087",1277,0,0,0,0,0,0,0,0
"0410088",1278,0,0,82,0,0,70,0,0
"0410089a",1279,0,0,0,0,0,0,0,0
"0410089b",1280,0,0,0,0,0,0,0,0
"0410090",1281,0,0,0,0,0,0,0,0
"0410091a",1282,0,0,0,0,0,0,0,0
"0410091b",1283,0,0,0,0,0,0,0,0
"0410092",1284,0,0,0,0,0,0,0,0
"0410093",1285,0,0,0,0,0,0,0,0
"0410094",1286,0,0,0,0,0,0,0,0
"0410095",1287,0,0,0,0,0,0,0,0
"0410096",1288,0,0,0,0,0,0,0,0
"0410097",1289,0,0,0,0,0,0,0,0
"0410098",1290,0,0,1,0,0,0,0,0
"0410099",1291,0,0,0,0,0,0,0,0
"0410100",1292,0,0,38,0,1,27,0,0
"0410101",1293,0,0,2,0,0,0,0,0
"0410102",1294,0,0,0,0,0,0,0,0
"0410103",1295,0,0,17,0,0,3,0,0
"0410105",1296,0,0,0,0,0,0,0,0
"0410106",1297,0,2,16,0,1,17,0,0
"0410107",1298,0,0,9,0,0,8,0,0
"0410108",1299,0,0,0,0,0,0,0,0
"0410109",1300,0,0,0,0,0,0,0,0
"0430001",1301,2,5,149,7,8,181,10,0
"0430002",1302,1,10,135,5,4,150,2,0
"0430003",1303,4,7,55,0,5,58,9,1
"0430004",1304,1,11,183,1,3,179,6,2
"0430005",1305,1,0,12,0,0,11,0,0
"0430006",1306,1,3,31,1,2,104,2,1
"0430007",1307,0,1,13,0,0,27,1,0
"0430008",1308,1,10,123,1,2,61,1,0
"0450001",1309,0,0,1,0,0,4,0,0
"0450002",1310,0,0,7,0,0,1,0,0
"0450003",1311,0,0,0,0,0,1,0,0
"0450004",1312,0,0,5,0,0,3,1,0
"0450006",1313,0,0,3,0,0,2,0,0
"0470001",1314,5,36,408,2,4,76,1,2
"0470002",1315,2,24,402,3,8,93,5,3
"0470003",1316,4,25,321,2,5,67,1,0
"0470004",1317,0,25,388,7,6,109,2,3
"047003s",1318,0,9,84,1,1,17,4,1
"0490101",1319,0,0,29,0,0,17,0,0
"0490105",1320,0,0,27,0,1,13,0,0
"0490109",1321,0,0,0,0,0,0,0,0
"0490113",1322,0,1,32,0,0,15,1,0
"0490202",1323,1,0,18,0,1,13,1,0
"0490204",1324,0,1,39,0,0,16,0,0
"0490212",1325,0,0,11,0,0,6,1,0
"0490214",1326,0,0,13,0,0,8,1,0
"0490215",1327,0,0,6,0,0,2,0,0
"0490303",1328,0,1,6,0,0,12,0,0
"0490306",1329,1,0,19,0,0,26,0,0
"0490307",1330,0,0,5,0,0,3,0,0
"0490308",1331,0,0,7,0,0,5,0,0
"0490316",1332,0,0,1,0,0,3,0,0
"0490318",1333,0,0,13,0,1,15,0,0
"0490410",1334,0,0,34,0,1,18,0,0
"0490411",1335,0,0,23,0,0,19,0,0
"0490417",1336,0,0,36,0,0,21,1,0
"0510113",1337,0,0,25,0,0,2,0,0
"0510114",1338,0,0,68,0,0,25,1,0
"0510203",1339,0,0,17,0,0,5,0,0
"0510204",1340,0,0,10,0,0,6,0,0
"0510207",1341,0,0,35,0,0,9,0,0
"0510211",1342,0,0,38,0,1,11,0,0
"0510215",1343,0,1,6,0,0,5,0,0
"0510301",1344,0,2,55,0,1,18,0,0
"0510305",1345,0,0,24,0,0,12,1,0
"0510308",1346,0,0,24,0,0,10,1,0
"0510309",1347,0,0,31,0,1,6,0,0
"0510406",1348,0,1,84,0,2,17,2,0
"0510410",1349,0,0,52,0,2,23,0,0
"0530001",1350,0,0,26,0,0,24,0,0
"0530002",1351,0,1,85,0,2,48,1,2
"0530003",1352,0,0,26,0,0,23,0,0
"0530004",1353,0,0,82,0,1,83,0,1
"0530005",1354,0,0,49,1,0,25,0,0
"0530006",1355,0,0,23,0,1,14,0,0
"0530007",1356,0,0,28,0,0,11,1,0
"0530008",1357,0,0,23,1,0,15,1,0
"0530009",1358,0,0,83,0,0,42,1,0
"0530010",1359,0,0,47,0,0,26,0,0
"0530011",1360,0,0,1,0,0,5,0,0
"0530012",1361,0,0,39,0,1,20,1,0
"0530013",1362,0,1,26,0,0,13,0,0
"0530014",1363,0,0,12,0,0,6,0,0
"0530015",1364,0,0,17,0,0,22,0,0
"0530016",1365,0,0,13,0,0,11,0,0
"0530017",1366,0,0,42,0,0,19,0,0
"0530018",1367,0,1,36,0,0,30,0,0
"0530019",1368,0,0,102,0,1,48,0,0
"0530020",1369,0,0,118,0,0,95,0,0
"0550100",1370,1,1,71,0,1,25,0,0
"0550101",1371,0,2,68,0,0,26,0,0
"0550102",1372,0,0,36,0,0,27,0,0
"0550103",1373,0,2,229,0,4,91,1,0
"0550104",1374,0,0,56,0,0,15,0,0
"0550108",1375,1,2,78,0,1,27,1,0
"0550111",1376,0,1,96,0,2,48,0,0
"0550201",1377,1,0,50,0,1,27,0,0
"0550202",1378,0,1,65,0,3,34,0,0
"0550203",1379,0,0,47,0,1,41,0,0
"0550204",1380,0,0,63,0,1,42,1,0
"0550205",1381,0,0,13,0,0,5,0,0
"0550206",1382,0,0,54,0,0,19,0,0
"0550300",1383,1,1,61,0,1,38,0,0
"0550301",1384,0,0,64,0,1,35,0,0
"0550302",1385,0,0,58,0,0,32,0,0
"0550303",1386,0,1,44,0,2,31,0,0
"0550305",1387,0,0,22,1,0,16,0,0
"0550306",1388,0,0,37,0,0,12,0,0
"0550400",1389,0,0,40,1,0,30,0,0
"0550401",1390,1,1,104,0,1,26,1,1
"0550402",1391,1,0,105,0,0,36,2,0
"0550404",1392,0,0,53,0,0,34,3,0
"0550405",1393,0,1,29,0,0,25,0,0
"0570001",1394,1,8,114,0,1,37,1,0
"0570002",1395,0,2,61,0,0,11,0,0
"0570003",1396,0,0,21,0,0,7,0,1
"0570004",1397,0,2,119,0,0,23,1,0
"0570005",1398,1,0,98,0,0,59,1,0
"0570006",1399,1,0,29,0,0,18,0,1
"0570007",1400,1,1,147,3,3,66,2,0
"0570008",1401,0,1,15,1,0,23,3,0
"0570009",1402,0,2,35,1,2,18,0,1
"0570010",1403,2,0,51,0,1,29,0,1
"0570011",1404,1,0,19,0,1,14,2,1
"0590001",1405,0,0,8,0,0,18,0,0
"0590002",1406,1,0,17,0,1,14,0,0
"0590003",1407,0,0,21,0,0,25,0,1
"0590004",1408,0,1,14,0,0,8,0,0
"0590005",1409,0,0,4,0,0,1,0,0
"0590006",1410,0,0,10,0,0,14,0,0
"0590007",1411,0,0,4,0,0,11,0,0
"0590008",1412,1,0,9,0,0,13,0,0
"0610001",1413,1,3,141,0,1,52,1,0
"0610002",1414,0,1,62,0,1,12,0,0
"0610003",1415,1,9,349,2,2,149,2,2
"0610004",1416,1,12,224,0,5,131,2,2
"0610005",1417,0,6,249,0,3,103,1,2
"0610006",1418,0,4,122,0,2,52,3,1
"0610007",1419,1,5,171,1,2,103,0,0
"0610008",1420,0,3,68,0,0,21,0,0
"0610009",1421,1,13,347,1,1,125,0,0
"0610010",1422,1,7,272,0,2,99,2,1
"0610011",1423,1,5,230,0,5,96,4,5
"0610012",1424,0,7,325,2,2,179,1,1
"0610013",1425,0,2,76,0,0,31,0,0
"0610014",1426,3,10,253,1,3,130,1,2
"0610015",1427,0,14,316,1,4,151,3,2
"0610016",1428,0,0,48,0,0,23,0,0
"0610017",1429,1,13,384,0,1,130,1,3
"0610018",1430,2,6,284,0,1,85,1,0
"0610019",1431,2,7,219,2,2,55,3,0
"0610020",1432,3,7,102,0,1,44,2,1
"0610021",1433,0,2,81,0,1,26,0,0
"0610022",1434,0,7,267,1,5,76,0,0
"0610023",1435,0,0,12,0,0,4,0,0
"0610024",1436,3,9,267,1,2,88,6,1
"0610025",1437,0,8,116,0,1,33,0,1
"0610026",1438,2,7,201,0,3,88,1,1
"0610027",1439,1,22,358,0,1,94,3,0
"0610028",1440,5,5,146,1,4,52,3,2
"0610029",1441,0,9,145,2,3,67,3,1
"0610030",1442,0,3,79,0,1,42,0,0
"0610031",1443,0,1,26,0,0,11,0,1
"0610032",1444,2,11,194,2,0,82,1,0
"0610033",1445,1,0,35,1,0,16,0,0
"0610034",1446,0,3,111,1,1,44,0,0
"0610035",1447,0,1,96,0,1,61,0,2
"0610036",1448,0,3,189,0,4,90,2,0
"0610037",1449,1,6,288,1,1,99,1,1
"0610038",1450,1,4,112,0,0,75,1,2
"0610039",1451,0,4,109,0,1,36,0,0
"0610040",1452,0,7,267,0,3,65,0,1
"0610041",1453,2,14,468,0,0,114,1,1
"0610042",1454,0,1,111,0,0,22,0,1
"0610043",1455,0,3,92,1,0,26,2,1
"0610044",1456,2,5,264,5,3,132,1,2
"0610045",1457,0,7,247,0,4,75,0,1
"0610046",1458,1,12,419,0,2,178,3,4
"0610047",1459,1,1,177,0,2,74,2,2
"0610048",1460,0,7,245,1,4,128,1,1
"0610049",1461,0,13,239,0,0,124,0,0
"0610050",1462,0,8,181,3,1,84,3,3
"0610051",1463,0,4,117,0,0,43,0,1
"0610052",1464,1,0,128,0,1,117,1,0
"0610053",1465,1,10,356,2,1,125,1,1
"0610054",1466,3,15,518,1,4,232,0,2
"0610055",1467,2,16,398,1,3,137,1,0
"0610056",1468,0,3,147,1,1,73,0,0
"0610057",1469,0,1,35,0,1,10,0,0
"0610058",1470,1,9,202,0,2,95,0,1
"0610059",1471,1,1,47,0,1,18,1,0
"0610060",1472,0,4,132,0,0,58,0,0
"0610061",1473,2,7,268,0,4,110,1,2
"0610062",1474,0,11,407,0,4,125,2,0
"0610063",1475,1,5,281,0,2,104,1,0
"0610064",1476,0,0,29,0,0,11,0,0
"0610065",1477,0,5,191,0,0,75,0,1
"0610066",1478,0,3,187,0,2,75,1,0
"0610067",1479,3,4,178,0,0,132,0,2
"0610068",1480,1,5,218,1,3,98,0,1
"0610069",1481,2,13,394,5,1,150,3,1
"0610070",1482,0,9,118,0,2,32,0,1
"0610071",1483,0,15,432,2,6,129,1,0
"0610072",1484,0,8,284,0,0,151,0,0
"0610073",1485,0,6,512,2,2,217,1,2
"0610074",1486,0,26,446,2,6,166,2,7
"0610075",1487,3,12,277,0,3,114,0,2
"0610076",1488,2,12,383,0,1,216,2,2
"0610077",1489,0,14,298,2,6,105,2,3
"0610078",1490,0,2,221,1,4,91,1,0
"0610079",1491,0,3,160,0,3,88,3,0
"0610080",1492,1,11,245,0,2,104,1,1
"0610081",1493,1,10,160,0,1,52,1,1
"0610082",1494,0,14,217,1,0,74,0,0
"0610083",1495,1,4,183,1,1,54,1,1
"0610084",1496,0,3,150,1,1,73,1,0
"0610085",1497,3,9,204,3,4,95,2,2
"0610086",1498,1,7,93,0,1,51,1,1
"0610087",1499,2,4,150,1,2,50,0,2
"0610088",1500,0,12,213,1,4,102,0,1
"0610089",1501,0,1,81,1,1,46,1,1
"0610090",1502,0,2,34,0,0,16,0,0
"0610091",1503,0,1,101,0,0,47,0,0
"0610092",1504,0,0,26,0,0,8,1,1
"0610093",1505,0,1,25,0,0,10,0,0
"0610094",1506,1,4,124,0,0,48,1,1
"0610095",1507,0,0,47,0,0,18,0,0
"0610096",1508,0,5,207,1,3,89,0,0
"0610097",1509,0,0,112,0,2,44,0,1
"0610098",1510,1,8,421,0,3,192,3,1
"0610099",1511,1,1,34,0,0,14,0,0
"0610100",1512,0,6,227,0,3,113,0,0
"0610101",1513,1,5,124,0,1,44,1,0
"0631001",1514,1,0,125,0,1,35,0,0
"0632002",1515,0,1,88,0,1,40,0,0
"0633003",1516,1,1,180,1,0,35,1,2
"0634004",1517,1,1,91,1,0,24,0,1
"0650101",1518,0,0,4,0,0,1,0,0
"0650102",1519,0,0,1,0,0,1,0,0
"0650103",1520,0,0,2,0,0,2,0,0
"0650201",1521,0,0,12,0,0,4,0,0
"0650301",1522,0,0,9,0,0,7,0,0
"0650302",1523,0,0,5,0,0,2,0,0
"0650401",1524,0,0,14,0,0,11,0,0
"0650402",1525,0,0,3,0,0,2,0,0
"0670001",1526,1,1,134,1,1,40,0,1
"0670002",1527,0,0,28,0,0,4,0,0
"0670004",1528,1,0,26,0,0,9,0,0
"0670005",1529,0,1,32,0,0,9,1,0
"0670006",1530,1,0,13,0,0,7,0,0
"0670007",1531,0,1,81,1,0,27,0,1
"0670009",1532,0,0,60,0,0,25,1,1
"0670011",1533,0,0,41,0,0,13,0,0
"0670012",1534,2,0,55,0,0,24,0,0
"0670014",1535,0,0,69,0,3,34,0,0
"0670015",1536,0,0,5,0,0,3,0,0
"0670016",1537,1,0,9,0,0,0,0,0
"0670017",1538,1,0,71,0,0,32,0,0
"0670018",1539,1,0,10,0,0,2,0,0
"0670019",1540,0,0,6,0,0,7,0,0
"0670021",1541,0,0,5,0,0,4,0,0
"067013t",1542,0,0,129,0,0,23,0,0
"067020e",1543,0,0,4,0,0,2,0,0
"0690101",1544,0,1,30,0,0,11,0,0
"0690105",1545,0,0,8,0,0,1,0,0
"0690201",1546,0,2,39,0,0,4,0,0
"0690206",1547,0,0,4,0,0,4,0,0
"0690301",1548,0,1,29,0,0,9,0,0
"0690307",1549,0,0,0,0,0,0,0,0
"0690401",1550,0,0,12,0,0,5,0,0
"0690408",1551,0,1,5,0,0,6,0,0
"0710001",1552,0,0,20,0,0,5,2,0
"0710002",1553,0,1,36,0,1,7,0,0
"0710003",1554,0,0,30,0,0,8,0,0
"0710004",1555,0,1,52,1,0,32,1,0
"0710005",1556,0,0,40,2,1,23,0,0
"0710006",1557,1,1,61,0,0,22,1,0
"0710007",1558,1,2,63,1,0,15,0,0
"0710008",1559,1,0,51,0,1,25,0,0
"0710009",1560,0,0,7,0,0,4,0,0
"0710010",1561,0,0,19,0,0,8,0,0
"0710011",1562,0,0,74,1,0,47,0,0
"0710012",1563,0,0,82,0,1,16,2,1
"0710013",1564,0,0,0,0,0,0,0,0
"0710014",1565,0,0,27,1,0,12,0,1
"0710015",1566,0,0,72,1,0,43,1,0
"0710016",1567,0,0,26,0,1,14,0,1
"0710017",1568,0,0,9,0,1,6,0,0
"0710018",1569,0,0,19,0,0,8,0,0
"0730012",1570,1,0,43,0,1,16,0,1
"0730013",1571,0,0,6,0,0,9,0,0
"0730014",1572,0,0,21,0,1,14,0,0
"0730015",1573,1,0,107,0,0,29,0,0
"0730022",1574,0,0,39,0,0,8,0,0
"0730023",1575,0,0,25,1,1,18,0,0
"0730024",1576,0,0,72,0,0,19,0,0
"0730025",1577,0,0,20,0,0,12,0,1
"0730026",1578,0,0,51,0,0,8,1,0
"0730027",1579,1,0,55,0,0,10,0,0
"0730028",1580,0,0,8,0,0,7,0,0
"0730032",1581,0,0,18,0,1,6,0,0
"0730033",1582,1,0,51,0,0,19,0,0
"0730034",1583,0,0,16,0,0,19,1,0
"0730035",1584,0,0,53,0,1,11,0,0
"0730036",1585,0,0,56,0,0,27,0,0
"0730037",1586,0,0,29,0,0,12,0,0
"0730038",1587,0,0,21,0,0,3,0,0
"0730042",1588,1,0,158,0,0,14,0,0
"0730043",1589,0,0,52,0,0,20,0,2
"0730044",1590,1,0,19,0,0,14,0,1
"0730045",1591,0,1,45,0,0,5,0,0
"0730046",1592,0,0,21,0,0,12,1,0
"0730047",1593,0,0,2,0,0,0,0,0
"0730048",1594,0,0,2,0,0,12,0,0
"0750101",1595,0,0,10,0,0,10,0,0
"0750201",1596,2,1,13,0,0,6,0,0
"0750301",1597,0,0,8,0,0,7,0,0
"0750401",1598,0,0,17,0,1,11,0,0
"0770001",1599,0,0,23,0,2,10,0,0
"0770006",1600,0,0,11,0,0,6,0,0
"0770008",1601,0,0,15,0,0,2,1,0
"0770009",1602,0,0,7,0,0,5,0,0
"0770010",1603,0,0,2,0,0,2,0,0
"0770011",1604,0,0,8,0,1,9,0,0
"0770012",1605,0,0,1,0,0,2,0,0
"0770013",1606,0,0,8,0,0,4,0,0
"0770014",1607,0,0,4,0,0,1,1,0
"0770015",1608,0,0,9,0,1,1,0,0
"0770017",1609,0,0,17,0,0,13,1,0
"0770020",1610,0,0,6,0,0,3,0,0
"0770024",1611,0,0,4,0,0,1,0,0
"0770026",1612,0,0,3,0,0,2,0,0
"0770027",1613,0,0,2,0,0,3,0,0
"0770032",1614,0,0,0,0,0,1,0,0
"0790101",1615,0,0,3,0,0,3,0,1
"0790202",1616,0,0,0,0,0,0,0,0
"0790303",1617,0,0,0,0,0,0,0,0
"0790306",1618,0,0,0,0,0,0,0,0
"0790404",1619,0,0,1,0,0,0,0,0
"0810001",1620,0,0,3,0,0,2,0,0
"0810002",1621,0,0,4,0,1,7,0,0
"0810003",1622,0,0,8,0,0,8,0,0
"0810004a",1623,0,0,10,1,0,7,0,0
"0810004b",1624,0,0,0,0,0,1,0,0
"0830001",1625,0,0,9,0,0,7,0,0
"0830002",1626,0,0,22,0,0,21,0,0
"0830003",1627,0,0,18,0,1,7,0,0
"0830004",1628,0,0,18,0,0,9,0,0
"083002e",1629,0,0,8,0,0,5,0,0
"0850001",1630,0,0,116,0,0,117,0,0
"0850002",1631,0,0,192,1,1,139,1,0
"0850003",1632,1,0,103,0,0,28,0,0
"0850004",1633,0,0,24,0,1,11,0,0
"0850005",1634,0,0,41,0,1,24,0,0
"0850006",1635,0,0,63,0,0,49,0,0
"0850007",1636,0,0,57,0,1,53,0,0
"0850008",1637,0,0,57,0,0,58,0,0
"0850009",1638,0,1,49,0,0,28,0,1
"0850010",1639,0,0,16,0,0,15,0,0
"0850011",1640,1,0,80,1,0,57,0,0
"0850012",1641,0,0,86,0,1,34,0,0
"0850013",1642,0,0,10,0,0,9,0,0
"0850014",1643,0,0,135,0,0,67,0,0
"0850015",1644,0,0,65,1,0,57,1,0
"0850016",1645,0,0,53,0,0,39,0,0
"0850017",1646,0,1,99,1,3,73,0,0
"0850018",1647,0,1,12,0,1,8,0,0
"0850019",1648,0,0,79,0,1,57,0,0
"0850020",1649,0,0,28,0,0,20,0,0
"0850021",1650,1,0,216,0,0,142,0,0
"0850022",1651,0,0,59,0,0,63,0,0
"0850023",1652,0,0,84,0,0,59,0,1
"0850024",1653,0,0,127,1,0,114,0,0
"0850025",1654,0,0,172,0,0,103,0,0
"0850026",1655,0,0,39,0,1,39,0,0
"0850027",1656,0,0,110,0,0,83,1,0
"0850028",1657,0,0,173,0,1,104,0,0
"0850029",1658,0,0,7,0,0,5,0,0
"0850030",1659,1,0,169,0,0,127,0,0
"0850031",1660,0,0,117,0,1,72,1,0
"0850032",1661,0,0,127,0,0,105,0,0
"0850033",1662,0,0,83,0,0,56,0,0
"0850034",1663,2,0,245,0,0,154,1,0
"0850035",1664,0,0,22,0,0,13,0,0
"0850036",1665,0,1,130,0,0,62,0,0
"0850037",1666,0,0,66,0,0,53,0,0
"0850038",1667,0,0,28,0,0,13,0,0
"0850039",1668,1,0,151,1,1,119,0,0
"0850040",1669,0,0,103,1,0,109,0,0
"0850041",1670,0,0,48,0,0,33,0,0
"0850042",1671,0,0,32,0,0,18,0,0
"0850043",1672,0,0,151,0,0,86,0,0
"0850044",1673,1,0,61,0,0,58,0,1
"0850045",1674,0,0,97,0,0,68,0,0
"0850046",1675,1,0,155,0,1,134,0,1
"0850047",1676,0,1,124,0,1,128,0,0
"0850048",1677,0,0,180,2,0,133,0,0
"0850049",1678,1,0,118,0,2,85,0,0
"0850050",1679,1,0,129,0,0,102,2,0
"0850051",1680,0,0,89,0,1,75,0,0
"0850052",1681,0,1,195,0,1,146,1,0
"0850053",1682,0,0,99,0,0,108,0,0
"0850054",1683,0,0,153,0,0,132,0,0
"0850055",1684,0,1,122,0,1,232,0,0
"0850056",1685,0,0,86,0,0,64,1,0
"0850057",1686,0,0,199,0,1,126,0,0
"0850058",1687,1,0,170,0,0,141,1,0
"0850059",1688,1,0,166,0,0,131,1,0
"0850060",1689,0,0,58,0,0,51,0,0
"0850061",1690,0,0,85,0,1,58,0,0
"0850062",1691,0,0,115,1,1,100,0,0
"0850063",1692,0,0,100,0,0,86,0,0
"0850064",1693,0,0,142,0,0,116,0,0
"0850065",1694,0,0,53,0,0,53,0,0
"0850066",1695,0,0,89,0,0,99,0,0
"0850067",1696,0,0,109,0,0,90,0,0
"0850068",1697,0,1,92,0,0,59,0,0
"0850069",1698,0,0,219,0,1,135,0,0
"0850070",1699,0,0,78,0,0,62,0,0
"0850071",1700,0,0,116,0,0,71,0,1
"0850072",1701,0,0,78,0,0,61,0,0
"0850073",1702,0,0,99,0,0,79,0,0
"0850074",1703,0,0,85,0,0,66,0,0
"0850075",1704,0,0,136,0,0,54,0,0
"0850076",1705,0,0,148,0,1,116,0,0
"0850077",1706,0,1,216,0,0,153,0,0
"0850078",1707,0,0,110,0,0,67,0,0
"0850079",1708,0,1,134,0,0,82,0,0
"0850080",1709,1,0,150,0,0,141,0,0
"0850081",1710,0,0,172,0,0,112,0,0
"0850082",1711,0,0,130,0,0,117,0,0
"0850083",1712,0,0,113,0,0,70,0,0
"0850084",1713,0,0,143,0,1,69,0,0
"0850085",1714,0,0,184,0,1,156,0,0
"0850086",1715,0,0,149,0,1,89,0,1
"0850087",1716,1,0,98,0,1,44,0,0
"0850088",1717,0,0,97,0,1,83,1,0
"0850089",1718,0,0,162,0,0,99,0,0
"0850090",1719,0,1,92,0,0,52,0,0
"0850091",1720,1,1,92,1,4,99,0,0
"0850092",1721,0,0,98,0,1,87,1,0
"0850093",1722,0,0,1,0,0,4,0,0
"0850094",1723,0,0,236,0,0,142,0,0
"0850095",1724,1,0,139,0,0,124,0,0
"0850096",1725,0,0,31,0,0,25,0,0
"0850097",1726,0,0,48,0,0,37,0,0
"0850098",1727,0,0,55,1,0,7,0,0
"0850099",1728,0,0,7,0,0,5,0,0
"0850100",1729,0,0,1,0,0,0,0,0
"0850101",1730,0,0,118,0,0,93,0,0
"0850102",1731,0,0,94,0,0,61,0,0
"0850103",1732,0,0,68,1,0,55,0,0
"0850104",1733,0,0,124,0,0,102,0,0
"0850105",1734,0,0,3,0,0,1,0,0
"0850106",1735,0,0,77,0,0,88,0,0
"0850107",1736,1,0,198,0,0,90,0,0
"0850108",1737,0,0,179,0,0,116,0,0
"0850109",1738,0,0,153,1,0,83,1,0
"0850110",1739,0,0,149,1,0,86,0,0
"0850111",1740,0,0,66,0,0,25,0,0
"0850112",1741,1,0,164,0,0,84,0,0
"0850113",1742,0,1,124,0,1,124,0,0
"0850114",1743,0,0,36,0,0,34,1,0
"0850115",1744,0,0,178,0,0,100,0,0
"0850116",1745,1,0,188,0,0,103,0,0
"0850117",1746,1,0,169,0,0,120,0,0
"0850118",1747,0,0,164,0,1,141,0,0
"0850119",1748,0,0,126,0,0,78,0,0
"0850120",1749,0,0,167,0,0,105,0,0
"0850121",1750,1,0,136,0,0,106,0,0
"0850122",1751,0,0,141,0,1,102,1,0
"0850123",1752,0,0,100,0,0,51,0,0
"0850124",1753,0,0,151,0,0,109,0,0
"0850125",1754,0,0,251,0,1,161,1,0
"0850126",1755,2,0,198,0,0,98,1,0
"0850127",1756,0,0,165,0,0,122,0,0
"0850128",1757,1,0,60,0,0,52,1,0
"0850129",1758,0,0,140,0,0,100,0,0
"0850130",1759,0,1,165,0,1,119,0,0
"0850131",1760,0,0,105,0,1,78,0,0
"0850132",1761,0,0,176,1,0,84,0,0
"0850133",1762,1,0,83,0,1,66,0,0
"0850134",1763,0,0,176,0,1,102,0,0
"0850135",1764,0,0,204,0,0,122,0,0
"0850136",1765,0,0,121,0,0,57,0,0
"0850137",1766,1,0,75,0,0,46,0,0
"0850138",1767,1,0,79,0,1,55,0,0
"0850139",1768,0,1,213,0,1,135,0,0
"0850140",1769,0,0,157,0,0,117,0,0
"0850141",1770,1,1,200,0,1,104,0,0
"0850142",1771,0,0,173,0,0,87,0,0
"0850143",1772,0,0,72,0,0,34,0,0
"0850144",1773,0,0,122,0,0,75,0,1
"0850145",1774,0,0,88,0,0,65,0,0
"0850146",1775,1,0,249,0,1,136,0,0
"0850147",1776,0,0,80,0,0,50,0,0
"0850148",1777,0,0,15,0,0,9,0,0
"0850149",1778,0,0,134,0,0,93,1,0
"0850150",1779,0,0,15,0,0,6,0,0
"0850151",1780,0,0,95,0,0,41,2,0
"0850152",1781,0,0,4,0,0,4,0,1
"0850153",1782,0,0,183,0,0,101,0,0
"0850154",1783,0,0,10,0,0,8,0,0
"0850155",1784,0,0,76,0,0,48,0,0
"0850156",1785,0,0,157,0,0,138,0,0
"0850157",1786,1,0,175,0,0,103,0,0
"0850158",1787,0,1,113,0,0,63,0,0
"0850159",1788,1,1,154,0,0,94,0,0
"0850160",1789,0,0,0,0,0,3,0,0
"0850161",1790,0,0,8,0,0,12,0,0
"0850162",1791,0,0,7,0,0,4,0,0
"0850163",1792,1,0,26,0,0,26,0,0
"0850164",1793,0,0,80,0,0,7,0,0
"0850165",1794,0,0,40,0,1,28,0,0
"0850166",1795,1,0,164,0,0,88,0,0
"0850167",1796,1,0,257,1,0,176,0,0
"0850168",1797,0,0,55,0,1,41,0,0
"0850169",1798,1,0,115,0,0,83,0,0
"0850170",1799,0,0,59,0,0,39,0,0
"0850171",1800,0,0,78,0,1,50,0,0
"0850172",1801,0,0,93,0,1,77,0,0
"0850173",1802,0,0,20,0,0,14,0,0
"0850174",1803,0,0,145,0,0,95,0,1
"0850175",1804,0,0,49,0,0,15,0,0
"0850176",1805,0,0,125,0,0,130,0,0
"0850177",1806,0,0,58,0,0,31,0,0
"0850178",1807,0,0,41,0,1,24,0,0
"0850179",1808,0,0,181,0,0,107,0,0
"0850180",1809,0,0,46,0,0,39,0,0
"0850181",1810,0,0,46,0,1,20,0,0
"0850182",1811,1,0,107,1,1,71,0,0
"0850183",1812,0,1,2,0,0,1,0,0
"0850184",1813,0,0,76,0,0,45,0,0
"0850185",1814,0,0,0,0,0,2,0,0
"0850186",1815,0,0,0,0,0,2,0,0
"0850187",1816,0,0,13,0,0,5,0,0
"0850188",1817,0,0,1,0,0,0,0,0
"0850189",1818,0,0,13,0,0,7,0,0
"0850190",1819,0,0,3,0,0,2,1,0
"0850191",1820,0,0,4,0,0,9,0,0
"0850192",1821,0,0,27,0,0,14,0,0
"0850193",1822,0,0,8,0,0,23,0,0
"0850194",1823,0,0,0,0,0,0,0,0
"0850195",1824,1,0,10,0,0,12,0,0
"0850196",1825,0,0,74,0,0,41,1,0
"0850197",1826,0,0,70,0,0,48,0,0
"0850198",1827,0,0,4,0,0,2,0,0
"0850199",1828,0,0,14,0,0,6,0,0
"0850200",1829,0,0,24,0,0,19,0,0
"0850201",1830,0,0,0,0,0,0,0,0
"0850202",1831,0,0,0,0,0,0,0,0
"0850203",1832,0,0,109,0,0,74,0,0
"0850204",1833,0,0,6,0,0,3,0,0
"0850205",1834,0,0,2,0,0,0,0,0
"0850206",1835,0,0,50,0,0,22,0,0
"0850207",1836,0,0,119,0,0,69,0,0
"0850208",1837,0,0,33,0,0,16,0,0
"0850209",1838,0,0,11,0,1,11,0,0
"0850210",1839,0,0,78,0,0,43,0,0
"0850211",1840,0,0,110,0,0,73,0,0
"0850212",1841,1,0,86,0,1,46,0,0
"0850213",1842,0,1,91,0,3,58,0,0
"0850214",1843,0,0,34,0,0,23,0,0
"0850215",1844,0,0,56,0,0,38,0,0
"0850216",1845,1,1,79,0,1,54,0,0
"0850217",1846,0,0,46,0,0,32,0,0
"0850218",1847,0,0,101,0,0,60,0,0
"0850219",1848,0,1,105,0,1,74,0,0
"0850220",1849,0,0,105,0,0,61,0,0
"0850221",1850,0,0,141,0,0,89,0,0
"0850222",1851,0,0,66,0,0,38,0,0
"0850223",1852,0,0,40,0,0,26,0,0
"0850224",1853,0,0,36,0,0,22,0,0
"0850225",1854,0,0,158,0,0,83,0,0
"0850226",1855,0,0,215,0,2,143,0,0
"0850227",1856,0,0,181,0,0,139,0,0
"0850228",1857,0,0,49,0,0,30,0,0
"0850229",1858,1,0,34,0,1,24,0,0
"0850230",1859,3,2,209,0,0,106,0,1
"0850231",1860,0,1,95,1,0,54,0,0
"0850232",1861,0,0,76,0,0,53,0,0
"0850233",1862,0,0,42,0,0,25,0,0
"0850234",1863,0,0,16,0,0,5,0,0
"0850235",1864,0,0,92,0,0,56,0,0
"0850236",1865,0,0,72,0,0,50,0,0
"0850237",1866,0,0,65,0,0,38,0,0
"0850238",1867,0,0,92,0,0,56,0,0
"0850239",1868,0,0,75,0,1,49,0,0
"0850240",1869,0,0,33,0,0,16,0,0
"0850241",1870,2,0,93,0,0,52,1,0
"0850242",1871,0,0,26,0,0,13,0,0
"0850243",1872,0,0,17,0,0,9,0,0
"0850244",1873,0,0,73,0,0,44,0,0
"0850245",1874,0,1,85,0,0,39,0,0
"0850246",1875,0,0,154,0,1,92,0,0
"0850247",1876,0,0,47,0,0,38,0,0
"0850248",1877,0,0,41,0,0,19,0,0
"0870101",1878,0,0,17,0,0,16,1,0
"0870201",1879,0,0,2,0,0,0,0,0
"0870202",1880,0,0,0,0,0,0,0,0
"0870301",1881,0,0,7,0,0,5,0,0
"0870302",1882,0,0,0,0,0,0,0,0
"0870401",1883,0,0,8,0,0,2,0,0
"0870402",1884,0,0,2,0,0,1,0,0
"0890101",1885,0,0,73,0,0,28,0,0
"0890102",1886,0,0,9,0,0,1,0,0
"0890103",1887,0,0,8,0,0,7,0,0
"0890201",1888,0,1,101,1,0,25,2,0
"0890202",1889,0,0,15,0,0,3,0,0
"0890302",1890,1,0,29,0,0,14,0,0
"0890303",1891,0,0,15,0,0,5,0,0
"0890304",1892,0,0,9,0,0,9,0,0
"0890305",1893,0,0,57,1,1,19,0,0
"0890401",1894,0,0,20,0,0,6,1,0
"0890402",1895,0,1,138,0,0,33,0,1
"0910101",1896,0,0,156,0,2,149,2,1
"0910102",1897,1,0,105,0,0,44,0,0
"0910103",1898,0,0,101,1,0,66,1,0
"0910104",1899,1,0,79,1,1,40,0,0
"0910105",1900,0,0,117,0,0,77,1,1
"0910106",1901,1,1,90,0,2,44,0,0
"0910107",1902,0,0,14,0,0,5,0,0
"0910108",1903,0,0,57,0,0,37,0,0
"0910109",1904,0,0,41,0,0,18,0,0
"0910110",1905,0,0,45,0,1,32,0,0
"0910201",1906,0,0,118,0,1,102,0,0
"0910202a",1907,0,1,70,0,0,47,0,0
"0910202b",1908,0,0,0,0,0,0,0,0
"0910203",1909,0,1,103,0,0,65,0,0
"0910204",1910,0,0,98,1,1,66,0,0
"0910205",1911,0,1,212,0,0,81,0,0
"0910206",1912,0,0,78,0,0,47,0,0
"0910207",1913,0,0,49,0,0,31,0,0
"0910208a",1914,0,0,91,0,1,40,0,0
"0910208b",1915,0,0,4,0,0,0,0,0
"0910208c",1916,0,0,0,0,0,0,0,0
"0910301a",1917,0,0,161,0,0,108,2,0
"0910301b",1918,0,0,0,0,0,0,0,0
"0910302",1919,0,1,98,0,1,112,0,0
"0910303",1920,1,3,65,0,0,32,0,0
"0910304",1921,1,2,68,0,1,73,2,0
"0910305",1922,1,0,41,1,0,40,0,0
"0910306",1923,0,0,28,0,0,28,0,0
"0910307",1924,0,0,38,0,0,31,0,0
"0910308",1925,0,1,110,1,0,86,1,0
"0910401",1926,0,0,123,0,0,73,0,0
"0910402",1927,0,0,157,0,0,82,0,1
"0910403",1928,0,0,70,0,0,44,0,0
"0910404",1929,0,0,116,0,1,61,0,0
"0910405",1930,0,0,99,0,1,73,0,0
"0910406",1931,0,0,161,0,2,100,0,0
"0910407",1932,0,0,70,0,0,41,0,0
"0910408",1933,0,0,79,0,0,52,1,0
"0930001",1934,1,0,33,0,0,17,0,0
"0930002",1935,0,0,24,0,0,17,0,1
"0930004",1936,0,0,6,0,1,1,0,0
"0930005",1937,0,0,13,0,0,17,1,0
"0930006",1938,0,0,13,0,0,2,0,0
"0930007",1939,0,0,13,0,0,4,0,0
"0930009",1940,0,0,10,0,0,0,0,0
"0930010",1941,0,0,14,0,1,3,0,0
"0930011",1942,0,0,19,0,0,11,0,0
"0930012",1943,0,1,59,0,1,35,1,1
"0930013",1944,0,0,7,0,0,1,0,0
"0930014",1945,0,0,0,0,0,2,0,0
"0930015",1946,0,0,11,0,0,7,0,1
"0930016",1947,0,0,0,0,0,0,0,0
"0950101",1948,0,0,2,0,0,3,0,0
"0950102",1949,0,0,1,0,0,0,0,0
"0950203",1950,0,0,1,0,0,0,0,0
"0950204",1951,0,0,0,0,0,0,0,0
"0950205",1952,0,0,3,0,0,0,0,0
"0950306",1953,0,0,9,1,0,4,0,0
"0950407",1954,0,0,0,0,0,0,0,0
"0950408",1955,0,0,11,0,0,4,0,0
"0970001",1956,0,0,7,0,0,3,0,0
"0970002",1957,1,0,73,0,2,30,0,0
"0970003",1958,0,0,7,0,0,5,0,0
"0970004",1959,0,0,15,0,0,6,0,0
"0970006",1960,1,1,25,0,0,26,1,0
"0970007",1961,0,0,25,0,0,12,0,0
"0970008",1962,0,0,11,0,0,5,0,0
"0970010",1963,1,0,31,0,0,43,0,0
"0970011",1964,0,0,32,0,1,40,0,0
"0970012",1965,0,0,20,0,0,12,0,0
"0970017",1966,0,0,1,0,0,4,0,0
"0970018",1967,0,0,13,0,0,14,0,0
"097001c",1968,1,0,96,0,0,59,0,0
"0970021",1969,0,0,10,0,0,10,0,0
"0970022",1970,0,0,28,0,0,24,0,0
"0970033",1971,0,1,6,0,0,3,0,0
"097004c",1972,0,0,49,0,1,38,2,0
"0990101",1973,1,1,167,1,0,88,0,1
"0990102",1974,0,0,15,0,0,6,0,0
"0990103",1975,0,0,11,0,0,3,0,0
"0990104",1976,0,3,153,0,2,101,1,2
"0990205",1977,0,0,47,0,0,18,0,0
"0990206",1978,0,0,68,0,0,45,0,0
"0990207",1979,0,0,169,0,1,104,2,1
"0990308",1980,1,0,55,0,0,42,0,0
"0990309",1981,0,0,15,0,0,4,1,0
"0990310",1982,1,0,11,0,0,13,1,0
"0990311",1983,0,0,1,0,0,5,0,0
"0990412",1984,1,0,119,0,0,62,1,0
"0990413",1985,0,0,43,0,1,25,0,1
"0990414",1986,0,0,6,0,0,1,0,0
"0990415",1987,0,0,4,0,0,0,0,0
"0990416",1988,0,1,126,0,0,60,0,0
"1010101",1989,0,0,8,0,0,6,0,0
"1010201",1990,0,0,9,0,0,2,0,0
"1010301",1991,0,0,7,0,1,6,0,0
"1010401",1992,0,1,3,0,0,4,0,0
"1030001",1993,0,1,11,0,0,10,0,0
"1030002",1994,1,0,23,0,0,9,1,0
"1030003",1995,0,2,23,0,0,3,0,0
"1030004",1996,0,1,5,1,0,2,1,0
"1050001",1997,10,14,108,1,6,67,2,2
"1050002",1998,32,11,44,2,8,66,6,1
"1050003",1999,11,18,42,8,17,71,14,5
"1050004",2000,1,22,72,1,3,36,3,1
"1070011",2001,0,0,26,0,0,13,0,0
"1070027",2002,0,0,36,0,1,24,0,0
"1070039",2003,0,0,22,0,0,26,0,0
"1070044",2004,0,1,47,0,1,28,0,0
"1090001",2005,0,11,97,1,2,41,3,0
"1090002",2006,0,8,81,1,4,35,2,1
"1090004",2007,1,6,81,0,2,29,1,0
"10903-3",2008,1,0,2,0,0,2,0,0
"10903-5",2009,1,7,97,0,5,53,1,0
"1110001",2010,0,0,3,0,0,4,0,0
"1110002",2011,0,0,0,0,0,0,0,0
"1110003",2012,0,0,0,0,0,0,0,0
"1110004",2013,0,0,0,0,0,1,0,0
"1110005",2014,0,0,0,0,0,0,0,0
"1110006",2015,0,0,8,0,0,1,0,0
"1110007",2016,0,0,4,0,0,1,0,0
"1110008",2017,0,0,5,0,0,5,0,0
"1110009",2018,0,1,4,0,1,1,0,0
"1131004",2019,0,0,129,0,0,50,0,0
"1131006",2020,0,0,131,0,1,44,0,0
"1131007",2021,0,0,13,0,0,10,0,0
"1131039",2022,0,0,24,0,0,7,0,0
"1131040",2023,0,0,209,0,0,106,0,0
"1131041",2024,0,0,41,0,0,11,0,0
"1131043",2025,0,0,131,0,2,84,0,0
"1131044",2026,0,0,214,1,0,88,0,0
"1131045",2027,0,0,115,0,0,43,1,0
"1131046",2028,0,0,26,0,0,13,0,0
"1131047",2029,0,0,104,0,0,61,0,0
"1131048",2030,0,0,245,0,1,169,0,0
"1131049",2031,0,0,109,0,1,59,0,0
"1131050",2032,0,0,19,0,0,4,0,0
"1131051",2033,0,0,21,0,0,8,0,0
"1131052",2034,0,2,348,0,1,262,1,0
"1131054",2035,0,0,109,0,0,77,0,1
"1131055",2036,0,0,40,0,0,31,1,0
"1131056",2037,0,0,73,0,0,47,0,0
"1131057",2038,1,0,159,1,1,94,0,0
"1131058",2039,0,0,147,0,0,155,0,0
"1131059",2040,1,0,172,0,2,108,0,1
"1131060",2041,0,0,489,0,0,327,0,0
"1131061",2042,0,1,171,0,1,157,1,0
"1131062",2043,0,0,2,0,0,1,0,0
"1131063",2044,0,0,107,0,1,75,0,0
"1131064",2045,0,0,5,0,0,2,0,0
"1131065",2046,0,0,244,0,1,91,0,0
"1131067",2047,0,0,3,0,0,0,0,0
"1131068",2048,0,0,2,0,0,1,0,0
"1131076",2049,0,0,5,0,0,1,0,0
"1131077",2050,0,0,0,0,0,0,0,0
"1131078",2051,0,1,100,0,1,26,0,0
"1131079",2052,0,2,176,1,0,90,0,0
"1131080",2053,0,0,48,1,0,19,0,0
"1131081",2054,0,0,352,0,0,208,2,0
"1131082",2055,0,0,11,0,0,8,0,0
"1131083",2056,2,2,147,0,0,64,2,0
"1131084",2057,3,3,575,0,2,158,1,0
"1131085",2058,0,0,95,0,1,58,0,0
"1131086",2059,0,2,46,0,0,11,0,0
"1131087",2060,0,1,489,0,3,95,0,0
"1131088",2061,0,0,135,1,1,87,0,0
"1131089",2062,0,0,241,0,1,46,0,0
"1131090",2063,0,1,259,0,0,82,0,0
"1131091",2064,0,2,225,0,0,58,1,1
"1131092",2065,1,0,307,0,2,73,0,0
"1131093",2066,0,2,176,0,0,36,1,1
"1131094",2067,0,1,162,0,0,27,0,0
"1131095",2068,0,0,146,0,1,37,0,0
"1131096",2069,0,1,122,0,0,40,1,0
"1131097",2070,0,1,259,0,0,49,2,0
"1131098",2071,0,1,246,0,2,55,2,1
"1131099",2072,0,1,4,0,0,2,0,0
"1131100",2073,0,2,373,0,0,57,0,0
"1131101",2074,0,0,113,0,1,45,1,0
"1131102",2075,0,3,131,0,1,44,3,0
"1131103",2076,0,0,32,0,0,13,0,0
"1131104",2077,0,0,239,0,1,57,2,0
"1131105",2078,0,0,3,0,0,1,0,0
"1131106",2079,0,0,17,0,0,9,0,0
"1131107",2080,0,0,74,0,0,28,0,0
"1131108",2081,0,0,244,1,1,64,1,0
"1131109",2082,1,0,13,0,0,8,1,0
"1131110",2083,0,0,2,0,0,0,0,0
"1131111",2084,0,1,97,0,0,16,0,0
"1131113",2085,0,0,25,1,0,9,2,0
"1131114",2086,0,0,68,0,0,13,1,0
"1131115",2087,0,0,99,0,0,66,0,1
"1131116",2088,0,0,111,0,2,60,1,0
"1131121",2089,0,0,165,0,0,59,1,1
"1131124",2090,0,0,0,0,0,0,0,0
"1131125",2091,0,0,110,0,0,52,0,0
"1131128",2092,0,0,35,0,0,22,0,0
"1131129",2093,0,0,8,0,0,2,0,0
"1131133",2094,0,0,52,0,0,18,0,0
"1131134",2095,0,0,31,0,0,7,0,0
"1131135",2096,0,0,170,0,1,48,2,0
"1131136",2097,0,0,0,0,0,0,0,0
"1131137",2098,0,0,3,0,0,2,0,0
"1131139",2099,0,0,0,0,0,0,0,0
"1131140",2100,0,0,0,0,0,0,0,0
"1131141",2101,0,0,66,0,0,38,0,0
"1131142",2102,0,0,120,0,1,75,0,0
"1131143",2103,0,0,103,1,1,46,0,0
"1131144",2104,0,0,164,0,1,105,0,0
"1131146",2105,0,0,137,0,0,87,0,0
"1131147",2106,0,0,43,0,0,34,0,0
"1131148",2107,0,0,0,0,0,0,0,0
"1131151",2108,0,0,3,0,0,3,0,0
"1131153",2109,0,0,6,0,0,1,0,0
"1131159",2110,0,0,0,0,0,0,0,0
"1131162",2111,0,0,0,0,0,0,0,0
"1131163",2112,0,1,123,0,0,82,0,0
"1131164",2113,0,0,189,0,1,100,0,0
"1131165",2114,0,0,199,0,0,95,0,0
"1131168",2115,1,0,321,0,0,108,0,0
"1131169",2116,0,1,318,0,0,137,1,0
"1131170",2117,0,0,112,0,0,67,0,0
"1131171",2118,0,1,234,1,1,165,0,0
"1131172",2119,0,0,164,1,0,125,0,0
"1131173",2120,0,0,158,0,0,86,0,0
"1131174",2121,0,0,268,0,2,193,0,0
"1131176",2122,0,0,0,0,0,0,0,0
"1131300",2123,0,0,115,0,0,81,0,0
"1131301",2124,0,1,154,0,1,57,0,0
"1131302",2125,0,1,155,0,1,45,0,0
"1131303",2126,0,0,5,0,0,2,0,0
"1131304",2127,0,0,89,0,0,53,0,0
"1131305",2128,0,0,56,0,0,39,0,0
"1131307",2129,0,0,13,0,0,2,0,0
"1131308",2130,0,0,106,0,0,51,2,0
"1131309",2131,0,0,13,0,0,8,0,0
"1131310",2132,0,1,130,1,1,61,0,0
"1131311",2133,1,0,151,1,0,54,0,0
"1131312",2134,1,0,57,0,0,22,0,0
"1131313",2135,0,0,38,0,0,7,0,0
"1131314",2136,0,1,169,0,3,65,0,0
"1131315",2137,0,0,2,0,0,1,0,0
"1131316",2138,0,0,54,0,0,14,0,0
"1131323",2139,0,0,0,0,0,0,0,0
"1131324",2140,0,0,183,0,1,79,0,0
"1131325",2141,0,0,160,0,0,75,1,0
"1131326",2142,0,0,80,1,0,55,0,0
"1131327",2143,0,0,75,0,0,23,1,0
"1131328",2144,0,0,1,0,0,0,0,0
"1131329",2145,0,0,1,0,0,0,0,0
"1131401",2146,0,0,19,0,0,11,0,0
"1131402",2147,0,1,185,0,1,45,1,0
"1131403",2148,0,0,2,0,0,0,0,0
"1131404",2149,0,0,77,0,0,8,0,0
"1131405",2150,0,0,22,0,0,11,0,0
"1131406",2151,0,0,40,0,0,9,0,0
"1131407",2152,0,0,0,0,0,0,0,0
"1131408",2153,0,0,0,0,0,0,0,0
"1131409",2154,0,0,45,0,0,14,0,0
"1131410",2155,0,0,163,0,0,35,0,0
"1131411",2156,0,0,183,1,0,72,1,0
"1131412",2157,0,0,16,0,0,8,0,0
"1131700",2158,0,0,85,0,1,58,0,0
"1131701",2159,0,1,120,0,0,62,0,0
"1131702",2160,0,1,131,0,0,79,0,0
"1131703",2161,0,2,176,0,1,87,1,1
"1131704",2162,0,0,81,0,0,70,0,0
"1131705",2163,0,0,104,0,0,94,0,0
"1131706",2164,0,1,145,0,0,75,0,0
"1131707",2165,0,0,18,0,1,11,0,0
"1131708",2166,0,0,35,0,0,16,0,0
"1131709",2167,0,0,290,0,1,86,0,0
"1131710",2168,0,0,179,2,1,39,0,0
"1131711",2169,0,1,78,0,0,60,0,0
"1131712",2170,0,0,101,0,1,85,0,0
"1131713",2171,0,0,33,0,0,51,0,0
"1131714",2172,0,0,83,0,0,65,0,0
"1131715",2173,0,0,89,0,0,48,0,0
"1131716",2174,0,0,120,1,1,72,0,0
"1131717",2175,0,0,212,2,2,113,0,0
"1131718",2176,0,0,108,0,1,47,1,0
"1131719",2177,0,0,151,0,0,75,0,0
"1131720",2178,0,0,211,1,0,120,1,0
"1131721",2179,0,0,125,0,0,69,0,0
"1131722",2180,0,0,182,0,1,102,0,0
"1131723",2181,0,0,14,0,0,3,0,0
"1131724",2182,0,0,9,0,0,3,0,0
"1131725",2183,0,0,17,0,0,23,0,0
"1131726",2184,0,0,81,0,1,54,0,0
"1131727",2185,0,0,7,0,0,5,0,0
"1131728",2186,0,0,74,0,0,55,0,0
"1131729",2187,0,0,91,0,0,34,0,0
"1131730",2188,0,0,0,0,0,0,0,0
"1131731",2189,0,0,0,0,0,0,0,0
"1131732",2190,0,0,68,0,0,37,0,0
"1131733",2191,0,0,162,0,0,96,0,0
"1131734",2192,2,0,79,0,0,27,0,0
"1131735",2193,0,1,264,1,2,124,1,0
"1131736",2194,0,0,90,0,0,40,0,1
"1131737",2195,0,1,232,0,2,117,0,0
"1131738",2196,0,0,127,0,2,71,0,0
"1131739",2197,0,0,188,0,2,104,0,0
"1131740",2198,0,5,304,0,1,133,0,0
"1131741",2199,0,0,283,0,2,110,0,0
"1131742",2200,1,0,291,0,1,92,0,0
"1131743",2201,2,0,299,0,0,122,0,0
"1131744",2202,0,0,5,0,1,2,0,0
"1131745",2203,0,0,126,0,1,99,0,0
"1131746",2204,0,0,125,1,0,54,0,2
"1131747",2205,0,0,153,0,0,94,1,0
"1131748",2206,0,0,150,0,2,90,0,0
"1131749",2207,1,0,211,0,3,128,0,0
"1131750",2208,0,0,148,0,1,80,1,0
"1131751",2209,0,0,210,0,2,124,0,0
"1131752",2210,1,0,223,1,1,146,1,0
"1132000",2211,0,0,0,0,0,1,0,0
"1132001",2212,0,0,2,0,0,0,0,0
"1132002",2213,0,1,123,0,0,57,0,0
"1132003",2214,0,0,230,0,0,95,0,0
"1132004",2215,0,0,152,0,2,57,0,0
"1132005",2216,0,0,99,0,0,48,0,0
"1132006",2217,0,0,122,0,0,53,0,0
"1132007",2218,0,0,198,0,2,78,0,0
"1132008",2219,0,0,109,0,3,32,0,0
"1132009",2220,0,0,216,0,0,88,1,0
"1132010",2221,0,0,119,0,1,42,1,0
"1132011",2222,0,0,159,0,1,63,1,0
"1132015",2223,0,0,108,0,0,31,0,0
"1132016",2224,2,2,237,0,0,72,0,0
"1132017",2225,0,0,103,0,0,59,0,0
"1132018",2226,0,0,61,0,0,19,0,0
"1132019",2227,0,0,142,0,0,29,0,0
"1132020",2228,0,0,260,0,0,129,0,0
"1132021",2229,0,0,233,0,3,68,0,0
"1132022",2230,0,0,65,0,1,20,0,0
"1132023",2231,0,0,113,0,0,40,0,0
"1132024",2232,0,0,123,0,1,62,0,0
"1132025",2233,0,0,194,0,0,69,0,0
"1132026",2234,1,0,140,0,0,30,1,1
"1132027",2235,0,0,91,0,0,36,0,0
"1132028",2236,0,0,0,0,0,0,0,0
"1132030",2237,0,0,71,0,0,21,0,0
"1132031",2238,0,0,162,0,0,207,0,0
"1132032",2239,0,0,108,0,0,97,0,0
"1132033",2240,0,0,125,0,3,81,0,0
"1132035",2241,0,1,81,0,0,95,0,0
"1132037",2242,0,0,47,0,0,21,0,0
"1132038",2243,0,0,278,0,1,174,0,0
"1132039",2244,0,0,218,0,0,172,0,0
"1132040",2245,0,0,130,1,0,62,0,0
"1132041",2246,0,0,213,0,0,132,0,0
"1132042",2247,1,0,293,0,0,134,0,0
"1132043",2248,0,0,177,0,0,81,0,0
"1132044",2249,0,0,85,0,0,36,0,0
"1132045",2250,0,0,160,0,0,76,0,2
"1132046",2251,0,0,155,0,0,86,0,0
"1132047",2252,0,0,156,0,0,124,1,0
"1132048",2253,1,0,190,0,0,132,0,0
"1132049",2254,0,0,157,0,2,74,0,0
"1132050",2255,0,1,147,0,0,79,0,0
"1132051",2256,0,0,172,0,0,101,0,0
"1132052",2257,0,0,75,0,0,35,0,0
"1132053",2258,0,0,149,0,0,116,0,0
"1132054",2259,0,0,142,0,0,145,0,0
"1132055",2260,0,0,84,0,0,46,0,0
"1132056",2261,0,0,69,0,0,32,1,0
"1132057",2262,0,0,31,0,0,5,0,0
"1132058",2263,0,0,84,0,0,56,0,0
"1132074",2264,0,0,22,1,0,10,0,0
"1132076",2265,0,0,1,0,1,2,0,0
"1132077",2266,0,1,101,0,0,31,0,0
"1132079",2267,0,0,128,0,0,86,0,0
"1132080",2268,0,0,13,0,0,16,0,0
"1132081",2269,0,0,81,0,0,21,0,0
"1132082",2270,0,0,222,0,3,177,0,0
"1132083",2271,0,0,100,0,0,89,0,0
"1132084",2272,0,0,24,1,0,29,0,0
"1132085",2273,0,0,13,0,0,20,0,0
"1132086",2274,0,1,281,0,1,232,1,0
"1132087",2275,0,0,300,0,1,251,0,0
"1132090",2276,0,0,5,0,0,1,0,0
"1132091",2277,0,0,51,0,0,31,0,0
"1132092",2278,0,0,0,0,0,0,0,0
"1132094",2279,0,0,20,0,0,12,0,0
"1132095",2280,0,0,0,0,0,0,0,0
"1132096",2281,0,0,0,0,0,0,0,0
"1132097",2282,0,0,0,0,0,0,0,0
"1132098",2283,0,0,243,0,1,117,0,0
"1132099",2284,0,0,426,0,0,187,0,0
"11320a8",2285,0,0,0,0,0,0,0,0
"1132100",2286,0,1,331,0,0,134,0,0
"1132101",2287,0,0,113,0,0,69,0,0
"1132102",2288,0,0,266,0,0,138,0,0
"1132103",2289,0,0,80,0,0,88,0,0
"1132104",2290,0,0,34,0,1,22,0,0
"1132105",2291,0,0,253,0,1,158,0,0
"1132106",2292,0,0,83,0,0,160,0,0
"1132107",2293,0,0,9,0,0,7,0,0
"1132108",2294,0,0,58,0,0,24,0,0
"1132109",2295,0,0,0,0,0,0,0,0
"1132110",2296,0,0,31,0,0,10,0,0
"1132111",2297,0,0,2,0,0,1,0,0
"1132112",2298,0,0,16,0,0,14,0,0
"1132113",2299,0,0,0,0,0,0,0,0
"1132114",2300,0,0,316,0,0,70,0,0
"1132115",2301,0,0,26,0,0,4,0,0
"1132116",2302,0,0,13,0,0,7,0,0
"1132117",2303,0,0,128,0,1,60,1,0
"1132118",2304,1,1,175,0,3,42,2,0
"1132119",2305,0,0,26,0,0,19,0,0
"1132120",2306,0,1,191,1,1,76,0,0
"1132121",2307,0,0,69,1,0,36,0,0
"1132122",2308,0,0,138,0,0,47,0,0
"1132123",2309,0,0,109,0,0,56,0,0
"1132124",2310,0,0,138,0,0,49,0,0
"1132125",2311,1,2,436,1,2,129,3,1
"1132126",2312,0,0,47,0,0,29,0,0
"1132127",2313,0,1,254,0,5,141,0,0
"1132128",2314,0,0,325,0,1,102,0,1
"1132129",2315,0,0,26,0,0,26,0,0
"1132130",2316,0,0,95,0,0,34,1,0
"1132131",2317,0,0,69,0,0,71,1,0
"1132132",2318,0,0,56,0,0,32,0,0
"1132133",2319,0,0,18,0,0,6,0,0
"1132134",2320,0,0,18,0,0,14,0,0
"1132137",2321,0,1,71,0,1,45,0,0
"1132138",2322,0,0,45,1,0,30,0,0
"1132139",2323,0,0,33,0,0,14,1,0
"1132140",2324,0,0,40,0,0,31,0,0
"1132141",2325,0,0,53,0,0,39,0,0
"1132142",2326,0,0,71,0,1,39,0,0
"1132143",2327,0,0,10,0,0,6,0,0
"1132144",2328,0,0,104,0,0,64,0,0
"1132145",2329,0,0,123,0,0,79,1,0
"1132146",2330,0,0,155,0,0,111,1,0
"1132147",2331,0,1,226,0,1,111,0,0
"1132148",2332,0,0,65,0,0,63,0,0
"1132149",2333,0,0,171,0,0,130,0,0
"1132150",2334,0,1,128,0,1,79,0,0
"1132151",2335,0,0,26,0,0,17,0,0
"1132152",2336,0,0,77,0,0,67,1,0
"1132153",2337,0,0,98,0,0,83,0,0
"1132154",2338,0,0,7,0,0,1,0,0
"1132155",2339,0,0,232,0,0,153,1,0
"1132200",2340,0,0,61,0,0,25,0,0
"1132201",2341,0,0,76,1,0,14,0,0
"1132202",2342,0,0,85,0,1,43,0,0
"1132203",2343,0,0,71,0,0,47,0,0
"1132220",2344,0,0,48,0,0,18,0,0
"1132221",2345,0,0,108,0,0,55,0,0
"1132222",2346,0,0,104,0,0,39,0,0
"1132223",2347,1,0,99,0,1,43,0,0
"1132224",2348,0,0,66,0,0,55,0,0
"1132225",2349,0,0,58,0,0,26,0,0
"1132226",2350,0,0,119,0,0,70,0,0
"1132300",2351,0,0,60,0,0,63,0,0
"1132301",2352,0,0,136,0,0,84,0,0
"1132302",2353,0,1,87,0,1,62,0,1
"1132303",2354,0,1,130,0,0,90,1,1
"1132305",2355,0,0,108,2,0,88,0,0
"1132306",2356,0,0,88,0,0,66,0,0
"1132307",2357,0,0,58,0,0,25,0,0
"1132308",2358,0,0,0,0,0,0,0,0
"1132309",2359,0,0,42,0,0,30,0,0
"1132310",2360,0,0,112,0,1,118,0,0
"1132311",2361,0,0,24,0,1,14,0,0
"1132312",2362,0,0,1,0,0,3,0,0
"1132313",2363,0,0,0,0,0,0,0,0
"1132315",2364,0,0,11,0,0,9,0,0
"1132316",2365,0,0,69,0,0,52,0,0
"1132400",2366,0,0,3,0,0,3,0,0
"1132401",2367,0,1,241,0,1,109,0,0
"1132402",2368,0,0,181,0,0,139,0,0
"1132403",2369,0,0,0,0,0,0,0,0
"1132404",2370,0,0,92,0,0,56,0,0
"1132405",2371,0,0,205,0,1,117,0,0
"1132406",2372,1,0,204,0,3,112,0,0
"1132407",2373,0,0,203,0,1,145,1,0
"1132408",2374,0,0,65,0,1,68,0,0
"1132409",2375,0,0,133,1,0,84,0,0
"1132410",2376,0,0,97,0,0,84,0,0
"1132411",2377,0,1,40,0,0,23,0,0
"1132412",2378,0,0,0,0,0,0,0,0
"1132417",2379,0,0,21,0,0,11,0,0
"1132500",2380,0,0,58,0,0,84,0,0
"1132501",2381,0,0,79,0,0,73,0,0
"1132502",2382,0,0,74,0,0,64,0,0
"1132503",2383,0,0,174,0,0,138,0,0
"1132504",2384,0,0,65,1,1,79,0,0
"1132505",2385,0,0,135,1,0,136,1,0
"1132506",2386,0,0,134,0,0,83,0,0
"1132507",2387,0,0,131,0,1,90,0,0
"1132508",2388,0,0,169,0,2,151,0,0
"1132509",2389,0,0,183,0,1,151,0,0
"1132510",2390,0,0,111,0,0,96,0,0
"1132511",2391,0,1,112,0,0,124,0,0
"1132512",2392,0,0,79,0,0,51,0,0
"1132513",2393,0,0,194,0,1,129,0,0
"1132514",2394,0,0,189,0,1,119,0,0
"1132515",2395,0,0,46,0,0,36,0,0
"1132517",2396,0,0,160,0,1,100,0,0
"1132518",2397,0,0,166,0,3,86,0,0
"1132519",2398,0,0,165,0,2,126,0,0
"1132520",2399,0,1,205,0,0,201,2,0
"1132521",2400,0,0,145,0,1,147,0,0
"1132523",2401,1,0,66,0,1,98,1,0
"1132601",2402,1,0,149,0,0,84,0,0
"1132602",2403,0,0,259,0,0,120,0,0
"1132603",2404,0,0,211,0,0,112,0,0
"1132604",2405,0,0,199,1,1,125,0,0
"1132605",2406,0,0,105,0,0,63,0,0
"1132606",2407,0,0,75,0,0,51,0,0
"1132607",2408,0,0,0,0,0,0,0,0
"1132608",2409,0,0,143,0,0,67,0,0
"1132609",2410,0,0,0,0,0,0,0,0
"1132610",2411,0,0,0,0,0,0,0,0
"1132611",2412,0,0,61,0,0,66,1,0
"1132612",2413,0,0,53,0,0,30,0,0
"1132613",2414,0,0,159,0,0,99,0,0
"1132614",2415,0,0,0,0,0,0,0,0
"1132800",2416,0,0,0,0,0,0,0,0
"1132801",2417,0,0,145,0,0,99,0,0
"1132802",2418,0,0,159,0,1,117,0,0
"1132803",2419,0,0,47,0,0,22,0,0
"1132804",2420,0,0,124,0,0,67,0,0
"1132805",2421,0,0,179,1,0,119,0,0
"1132806",2422,0,0,144,0,1,75,0,0
"1132807",2423,0,0,122,0,1,66,0,0
"1132808",2424,1,0,128,0,0,64,0,0
"1132809",2425,0,0,162,0,0,86,2,0
"1132810",2426,0,0,0,0,0,0,0,0
"1132900",2427,0,0,219,0,1,129,0,0
"1132901",2428,0,0,55,0,0,54,0,0
"1132902",2429,0,1,120,0,0,101,0,0
"1132903",2430,0,0,88,0,0,102,0,0
"1132904",2431,0,0,1,0,0,1,0,0
"1132905",2432,0,0,28,0,0,9,0,0
"1132910",2433,0,0,7,0,0,2,0,0
"1132911",2434,0,0,3,0,0,3,0,0
"1132913",2435,0,0,1,0,0,0,0,0
"11329a1",2436,0,0,4,0,0,5,0,0
"1133000",2437,0,0,164,0,1,86,0,0
"1133001",2438,0,0,47,0,0,11,0,0
"1133002",2439,0,0,117,0,0,23,0,0
"1133003",2440,0,0,354,0,0,87,3,1
"1133004",2441,0,1,425,0,3,137,1,0
"1133005",2442,0,0,8,0,0,10,0,0
"1133006",2443,0,0,188,0,1,73,0,0
"1133007",2444,0,0,40,0,1,23,0,0
"1133008",2445,0,0,56,0,0,47,0,0
"1133009",2446,0,0,0,0,0,0,0,0
"1133010",2447,0,0,74,0,0,14,0,0
"1133011",2448,0,0,70,0,1,59,0,0
"1133012",2449,0,1,30,0,0,5,1,0
"1133013",2450,0,2,35,1,0,16,0,0
"1133014",2451,0,0,72,0,0,23,0,0
"1133015",2452,0,1,15,0,0,8,0,0
"1133016",2453,0,0,123,0,1,110,0,0
"1133017",2454,0,0,82,0,0,28,1,0
"1133018",2455,0,0,290,0,2,37,0,0
"1133019",2456,0,1,100,0,0,10,1,0
"1133020",2457,0,0,21,0,0,18,0,0
"1133021",2458,0,0,111,0,0,15,0,0
"1133022",2459,0,0,222,0,1,25,0,0
"1133023",2460,0,0,199,0,0,23,2,0
"1133024",2461,0,0,213,0,0,20,1,0
"1133025",2462,0,0,16,0,0,2,0,0
"1133026",2463,0,0,110,0,0,13,0,1
"1133027",2464,0,0,217,0,0,18,0,1
"1133028",2465,0,0,160,0,1,19,1,0
"1133029",2466,0,0,84,0,0,7,0,0
"1133030",2467,0,0,0,0,0,0,0,0
"1133031",2468,0,0,43,0,0,10,0,0
"1133032",2469,0,0,87,0,1,71,1,0
"1133033",2470,0,0,46,0,0,4,0,0
"1133034",2471,0,1,204,0,1,27,0,0
"1133035",2472,0,0,226,0,1,34,0,0
"1133036",2473,0,0,4,0,0,1,0,0
"1133037",2474,1,0,73,0,0,11,0,0
"1133038",2475,1,0,187,0,1,31,2,0
"1133039",2476,0,0,485,1,5,51,2,2
"1133040",2477,0,0,158,0,3,12,2,0
"1133041",2478,0,0,5,0,0,0,0,0
"1133042",2479,1,0,231,1,2,21,0,0
"1133043",2480,1,0,342,2,3,40,3,0
"1133044",2481,1,0,372,0,2,42,2,0
"1133045",2482,0,0,109,2,2,14,0,0
"1133046",2483,0,0,409,1,5,100,2,0
"1133047",2484,0,0,213,1,1,26,1,0
"1133048",2485,0,0,480,0,4,63,0,0
"1133049",2486,5,1,427,0,3,46,1,0
"1133050",2487,0,0,239,0,0,36,4,1
"1133051",2488,0,0,144,0,0,26,1,0
"1133052",2489,0,1,395,0,1,36,2,0
"1133053",2490,0,0,257,0,0,62,3,0
"1133054",2491,1,0,756,3,2,93,4,1
"1133055",2492,0,1,718,0,4,110,0,0
"1133056",2493,0,1,705,0,2,101,1,1
"1133057",2494,2,1,555,0,3,73,2,1
"1133058",2495,0,2,569,0,3,63,1,0
"1133059",2496,3,0,342,0,1,39,0,0
"1133060",2497,0,1,401,2,1,32,1,2
"1133061",2498,0,0,234,0,1,15,0,0
"1133062",2499,0,0,329,1,0,43,4,0
"1133063",2500,1,1,614,1,1,89,3,0
"1133064",2501,0,1,537,0,4,65,2,2
"1133065",2502,0,1,469,1,0,41,3,0
"1133066",2503,0,0,333,0,0,49,0,0
"1133067",2504,2,1,217,0,1,29,0,0
"1133068",2505,0,0,632,0,5,100,1,0
"1133069",2506,1,0,310,0,2,34,0,2
"1133070",2507,0,0,558,0,3,57,3,2
"1133071",2508,1,0,531,0,1,48,3,0
"1133072",2509,0,0,7,0,0,2,0,0
"1133073",2510,0,0,27,0,0,3,0,0
"1133074",2511,0,0,43,0,0,15,0,0
"1133075",2512,0,0,37,0,0,2,0,0
"1133076",2513,0,0,0,0,0,0,0,0
"1133077",2514,0,2,417,0,1,111,0,1
"1133078",2515,0,2,427,0,1,97,1,0
"1133079",2516,0,0,38,0,0,11,0,0
"1133080",2517,1,0,103,0,1,30,1,0
"1133081",2518,0,0,134,0,0,42,0,0
"1133082",2519,0,0,369,0,1,46,0,0
"1133083",2520,0,1,84,0,1,34,0,0
"1133084",2521,0,0,123,1,0,91,0,0
"1133085",2522,0,0,35,0,0,10,0,0
"1133086",2523,0,0,164,0,0,115,0,0
"1133087",2524,0,0,0,0,0,0,0,0
"1133088",2525,1,0,10,0,0,2,0,0
"1133089",2526,0,0,0,0,0,0,0,0
"1133090",2527,0,0,67,0,0,65,0,0
"1133091",2528,0,0,0,0,0,0,0,0
"1133092",2529,0,1,260,0,0,31,0,1
"1133093",2530,0,0,0,0,0,0,0,0
"1133094",2531,0,0,0,0,0,0,0,0
"1133095",2532,0,0,113,0,2,98,0,1
"1133096",2533,0,0,132,0,1,109,0,0
"1133097",2534,0,0,30,0,0,2,0,0
"1133098",2535,0,0,46,0,0,4,0,0
"1133099",2536,1,0,61,0,0,8,0,0
"11330a4",2537,0,0,0,0,0,0,0,0
"11330a6",2538,0,0,0,0,0,0,0,0
"11330c4",2539,0,0,0,0,0,0,0,0
"11330t4",2540,0,0,0,0,0,0,0,0
"11330t6",2541,0,0,0,0,0,0,0,0
"1133100",2542,0,2,232,0,0,54,0,0
"1133101",2543,0,0,86,0,0,22,0,0
"1133102",2544,0,0,330,0,0,84,0,0
"1133103",2545,0,0,464,1,2,85,0,0
"1133104",2546,0,0,390,1,2,110,1,0
"1133105",2547,0,1,327,1,1,77,0,0
"1133106",2548,1,0,497,0,1,130,1,0
"1133107",2549,0,1,462,1,1,78,0,0
"1133108",2550,0,0,188,0,0,59,0,0
"1133109",2551,1,0,372,0,1,123,0,0
"1133110",2552,0,0,512,0,3,107,2,0
"1133111",2553,0,0,0,0,0,0,0,0
"1133112",2554,0,0,0,0,0,0,0,0
"1133113",2555,0,0,0,0,0,0,0,0
"1133114",2556,0,0,0,0,0,0,0,0
"1133115",2557,0,0,334,0,0,93,0,0
"1133116",2558,0,0,1,0,0,1,0,0
"1133117",2559,0,0,4,0,0,3,0,0
"1133119",2560,0,0,0,0,0,0,0,0
"11331a4",2561,0,0,0,0,0,0,0,0
"11331a5",2562,0,0,0,0,0,0,0,0
"1133200",2563,1,1,298,0,3,69,1,0
"1133201",2564,1,2,158,0,1,53,1,0
"1133202",2565,0,1,334,1,0,61,0,0
"1133203",2566,1,1,263,1,2,75,0,0
"1133204",2567,0,1,235,0,2,87,0,0
"1133205",2568,0,0,290,0,2,47,1,0
"1133206",2569,0,0,255,2,0,83,0,0
"1133207",2570,0,1,204,0,1,92,1,0
"1133208",2571,0,0,156,0,1,56,0,0
"1133209",2572,0,0,18,0,0,7,0,0
"1133210",2573,1,1,178,0,0,59,0,0
"1133211",2574,0,1,82,0,1,38,2,0
"11332a0",2575,0,0,0,0,0,0,0,0
"11332a1",2576,0,0,0,0,0,0,0,0
"11332c1",2577,0,0,0,0,0,0,0,0
"11332t0",2578,0,0,0,0,0,0,0,0
"11332t1",2579,0,0,0,0,0,0,0,0
"1133304",2580,0,1,284,0,2,126,0,0
"1133305",2581,0,1,269,0,2,111,1,0
"1133306",2582,0,0,83,0,0,24,0,0
"1133307",2583,0,0,112,1,1,39,0,0
"1133308",2584,0,0,129,2,2,41,1,0
"1133309",2585,0,0,147,0,1,61,0,0
"1133310",2586,1,2,162,1,0,48,0,0
"1133311",2587,0,0,152,0,1,61,0,0
"1133312",2588,0,0,277,0,0,88,0,0
"1133313",2589,0,0,326,0,0,92,0,0
"1133314",2590,0,1,353,0,2,80,0,0
"1133315",2591,1,0,87,0,1,38,0,0
"1133316",2592,0,0,229,0,2,77,0,0
"1133317",2593,0,0,204,0,0,40,0,0
"1133318",2594,0,1,123,1,0,46,1,0
"1133319",2595,0,0,9,0,0,2,0,0
"1133321",2596,0,0,0,0,0,0,0,0
"1133325",2597,0,0,190,1,2,53,0,0
"1133327",2598,0,0,0,0,0,0,0,0
"1133328",2599,0,0,2,0,0,0,0,0
"1133500",2600,0,0,125,0,0,45,0,0
"1133501",2601,0,0,0,0,0,0,0,0
"1133503",2602,0,0,44,0,0,19,0,0
"1133504",2603,0,0,21,0,0,11,0,0
"1133600",2604,0,0,398,0,2,46,2,0
"1133601",2605,0,1,427,0,0,83,0,0
"1133602",2606,0,0,160,0,0,22,0,0
"1133603",2607,1,0,74,0,0,7,0,0
"1133604",2608,0,0,511,1,2,92,1,0
"1133605",2609,0,0,442,0,0,81,2,0
"1133606",2610,0,1,575,1,2,73,2,0
"1133607",2611,0,0,903,0,2,138,1,0
"1133608",2612,0,1,628,0,3,107,0,1
"1133609",2613,1,0,547,0,2,103,0,0
"1133610",2614,0,0,56,0,0,15,0,0
"1133611",2615,0,0,160,1,0,27,0,0
"1133612",2616,0,1,683,2,2,116,3,1
"1133613",2617,0,0,83,0,0,10,0,0
"1133614",2618,0,0,163,0,0,29,1,0
"1133615",2619,0,1,514,0,1,74,2,0
"1133616",2620,0,0,111,0,0,20,0,0
"1133617",2621,0,0,364,0,1,59,2,0
"1133618",2622,0,0,48,0,0,7,0,0
"1133619",2623,0,0,8,0,1,7,0,0
"1133620",2624,0,0,231,0,0,37,2,0
"1133621",2625,0,0,129,0,0,26,0,0
"1133701",2626,0,0,0,0,0,0,0,0
"1133702",2627,0,0,0,0,0,0,0,0
"1133800",2628,0,2,785,2,2,139,0,0
"1133801",2629,0,0,22,0,0,11,0,0
"1133802",2630,0,0,715,0,4,113,1,2
"1133803",2631,0,0,544,2,3,80,0,0
"1133805",2632,0,0,899,1,1,138,4,0
"1133806",2633,1,0,133,0,1,20,0,0
"1133807",2634,0,2,462,0,3,89,0,0
"1133808",2635,1,1,425,0,2,140,2,1
"1133809",2636,0,0,62,0,3,14,0,0
"1133900",2637,0,2,379,1,1,70,0,0
"1133920",2638,0,1,129,0,1,34,1,0
"1133921",2639,0,2,213,1,2,90,1,0
"1133922",2640,0,0,10,0,0,4,0,0
"1133940",2641,0,0,191,0,2,33,1,0
"1133950",2642,0,0,252,0,3,48,2,0
"1133951",2643,0,1,320,1,1,62,0,0
"1133952",2644,0,0,17,0,0,3,0,0
"1133960",2645,0,0,171,0,0,68,0,0
"1133961",2646,0,0,132,0,2,54,0,0
"1133962",2647,0,0,208,0,0,117,0,2
"1133963",2648,0,0,126,0,0,49,0,0
"1133964",2649,0,0,158,0,0,68,0,0
"1133965",2650,0,0,166,0,0,81,0,0
"1133966",2651,0,0,176,0,0,99,0,0
"1133967",2652,0,0,88,0,1,42,0,0
"1133968",2653,0,1,218,1,0,104,0,0
"1133969",2654,0,0,146,0,1,57,1,0
"1133970",2655,0,1,184,0,0,70,0,0
"1133971",2656,1,0,94,0,0,67,0,0
"1133980",2657,1,1,131,1,1,80,1,0
"1133981",2658,0,0,36,0,0,37,0,0
"1133982",2659,0,0,114,0,0,49,0,0
"1133983",2660,0,0,69,0,0,30,0,0
"1133984",2661,0,0,49,0,0,32,0,0
"1134000",2662,0,0,27,0,0,18,0,0
"1134001",2663,0,2,112,0,1,57,1,0
"1134002",2664,0,0,124,0,0,53,0,0
"1134003",2665,0,0,23,0,0,11,0,0
"1134004",2666,0,0,186,0,0,91,0,0
"1134005",2667,0,0,62,0,1,41,0,0
"1134006",2668,0,0,126,0,0,74,1,0
"1134007",2669,0,0,28,0,0,8,0,0
"1134008",2670,1,0,33,0,0,15,0,0
"1134009",2671,0,2,122,0,1,69,1,0
"1134010",2672,1,0,132,0,0,81,0,0
"1134011",2673,0,0,81,0,0,41,0,0
"1134012",2674,0,0,11,0,0,7,0,0
"1134013",2675,0,0,34,0,0,14,0,0
"1134014",2676,0,0,180,0,0,44,0,0
"1134015",2677,0,1,358,0,0,63,2,1
"1134016",2678,0,0,314,0,3,81,0,0
"1134017",2679,0,0,55,0,1,26,0,0
"1134018",2680,0,0,111,0,0,42,0,0
"1134019",2681,0,0,278,1,3,109,0,0
"1134020",2682,0,1,84,0,1,32,0,0
"1134021",2683,0,0,329,0,0,135,0,0
"1134022",2684,0,0,131,0,3,65,0,0
"1134023",2685,0,0,0,0,0,0,0,0
"1134024",2686,1,0,236,0,0,43,1,0
"1134025",2687,0,0,50,0,0,10,0,0
"1134026",2688,0,0,22,0,0,8,0,0
"1134027",2689,0,1,26,0,0,10,0,0
"1134028",2690,0,0,132,0,0,20,1,0
"1134029",2691,0,0,3,0,0,0,0,0
"1134030",2692,0,1,4,0,0,1,0,0
"1134031",2693,0,1,307,0,0,47,0,0
"1134033",2694,0,0,124,0,0,60,0,0
"1134035",2695,0,0,172,0,0,54,1,0
"1134036",2696,0,1,101,0,1,26,0,0
"1134037",2697,0,0,34,0,0,5,0,0
"1134038",2698,0,0,322,0,1,85,3,0
"1134039",2699,0,0,73,0,0,7,0,0
"1134040",2700,0,0,140,0,1,24,0,0
"1134041",2701,1,0,90,0,0,12,0,0
"1134043",2702,0,0,172,0,1,36,1,1
"1134044",2703,0,0,128,0,1,46,0,0
"1134046",2704,1,1,159,1,0,40,0,0
"1134047",2705,1,0,136,0,0,17,0,0
"1134048",2706,0,0,0,0,0,0,0,0
"1134049",2707,0,0,0,0,0,0,0,0
"1134050",2708,1,0,498,0,0,150,1,0
"1134051",2709,0,0,0,0,0,0,0,0
"1134052",2710,0,1,397,0,1,122,0,0
"1134053",2711,0,0,38,1,1,17,0,0
"1134054",2712,0,0,27,0,0,14,0,0
"1134055",2713,1,3,291,1,2,85,3,0
"1134056",2714,0,1,325,0,3,79,2,0
"1134057",2715,0,1,196,0,1,64,0,0
"1134058",2716,0,1,87,0,1,42,0,0
"1134059",2717,0,0,23,0,0,7,0,0
"1134060",2718,0,2,201,0,1,71,0,0
"1134061",2719,0,1,172,0,1,80,1,0
"1134062",2720,0,4,119,0,2,65,0,0
"1134063",2721,0,3,328,0,0,153,0,2
"1134065",2722,0,2,59,0,1,31,0,0
"1134066",2723,0,0,58,0,0,26,1,0
"1134067",2724,0,1,172,1,2,83,1,0
"1134068",2725,0,0,146,0,0,104,1,1
"1134069",2726,0,2,266,0,0,176,0,0
"1134070",2727,0,2,137,0,1,55,0,0
"1134071",2728,0,0,28,0,0,10,0,0
"1134072",2729,0,0,32,0,0,16,0,0
"1134073",2730,0,1,225,0,0,130,0,0
"1134074",2731,0,0,372,1,1,243,0,0
"1134075",2732,0,2,90,0,0,63,0,0
"1134076",2733,0,5,257,1,0,93,1,0
"1134077",2734,0,2,108,0,1,78,1,0
"1134078",2735,0,0,135,0,1,139,0,0
"1134079",2736,0,1,642,0,3,265,0,0
"1134080",2737,0,1,97,0,0,39,0,0
"1134081",2738,0,0,274,0,0,108,3,0
"1134082",2739,0,1,31,0,0,6,0,0
"1134083",2740,0,0,34,0,0,38,2,0
"1134084",2741,0,0,66,0,0,28,0,0
"1134085",2742,0,2,128,0,2,34,0,0
"1134086",2743,0,2,303,0,3,93,0,0
"1134087",2744,0,2,62,0,0,19,1,0
"1134088",2745,0,0,27,0,0,9,0,0
"1134090",2746,0,0,3,0,0,7,0,0
"1134091",2747,0,0,0,0,0,0,0,0
"1134092",2748,0,0,16,0,0,11,0,0
"1134093",2749,0,0,11,0,0,1,0,0
"1134094",2750,0,0,41,0,0,20,0,0
"1134095",2751,0,0,6,0,0,1,0,0
"1134096",2752,0,0,0,0,0,0,0,0
"1134097",2753,0,0,121,0,0,37,1,0
"1134098",2754,0,0,5,0,0,0,0,0
"1134099",2755,0,0,105,0,1,32,0,0
"11340a2",2756,0,0,0,0,0,0,0,0
"11340a3",2757,0,0,0,0,0,0,0,0
"1134100",2758,0,0,0,0,0,0,0,0
"1134101",2759,0,0,3,0,0,1,0,0
"1134107",2760,0,0,12,0,0,7,0,0
"1134108",2761,0,0,10,0,0,3,0,0
"1134109",2762,0,0,5,0,0,0,0,0
"1134110",2763,0,1,177,0,1,24,1,1
"1134111",2764,0,0,35,1,0,11,0,0
"1134112",2765,0,0,0,0,1,2,0,0
"1134113",2766,1,4,123,0,2,63,0,0
"1134114",2767,0,2,116,0,1,46,0,0
"1134115",2768,0,0,43,0,0,16,0,0
"1134116",2769,0,0,0,0,0,0,0,0
"1134117",2770,0,0,2,0,0,0,0,0
"1134118",2771,0,0,0,0,0,0,0,0
"1134119",2772,0,0,1,0,0,0,0,0
"1134120",2773,0,0,40,0,0,17,0,0
"1134122",2774,0,0,0,0,0,0,0,0
"1134125",2775,0,0,0,0,0,0,0,0
"1134126",2776,0,0,109,0,0,31,0,0
"1134127",2777,0,0,22,0,0,12,0,0
"1134128",2778,0,1,88,0,0,29,0,0
"1134129",2779,0,0,71,0,0,26,0,0
"1134130",2780,0,0,149,0,1,65,1,0
"1134131",2781,0,0,236,1,0,100,0,0
"1134135",2782,0,0,149,0,0,66,0,0
"1134141",2783,0,0,23,0,0,9,0,0
"1134143",2784,0,0,22,0,0,4,0,0
"1134145",2785,0,0,0,0,0,0,0,0
"1134147",2786,0,0,2,0,0,0,0,0
"1134149",2787,0,0,10,0,0,6,0,0
"1134152",2788,0,0,0,0,0,0,0,0
"1134153",2789,0,0,43,0,0,18,0,0
"1134157",2790,0,0,23,0,0,12,0,0
"1134161",2791,0,0,83,0,0,31,0,0
"1134166",2792,0,0,0,0,0,0,0,0
"11341a1",2793,0,0,0,0,0,0,0,0
"1134300",2794,0,1,107,0,0,61,0,0
"1134500",2795,0,0,103,0,0,30,0,0
"1134501",2796,0,0,165,0,0,58,0,0
"1134502",2797,0,1,312,0,1,108,0,0
"1134503",2798,1,0,307,0,0,117,0,0
"1134504",2799,0,2,92,0,1,22,1,0
"1134505",2800,0,0,126,0,1,75,1,0
"1134506",2801,0,0,63,0,0,27,0,0
"1134507",2802,0,0,146,0,0,27,1,0
"1134508",2803,0,0,32,0,0,19,1,0
"1134509",2804,0,0,61,0,0,45,0,0
"1134510",2805,0,7,145,0,1,73,0,0
"1134511",2806,0,3,84,0,1,44,1,0
"1134512",2807,0,0,61,0,0,32,0,0
"1134513",2808,0,0,133,0,1,67,0,0
"1134514",2809,0,0,79,0,0,49,0,0
"1134515",2810,1,4,111,0,0,70,0,0
"1134516",2811,0,0,0,0,0,0,0,0
"1134517",2812,1,0,186,0,1,82,0,0
"1134518",2813,0,0,102,0,0,55,0,0
"1134519",2814,0,1,331,0,1,116,0,0
"1134520",2815,0,3,79,0,0,29,0,0
"1134521",2816,1,0,323,0,0,113,0,0
"1134522",2817,1,1,336,1,1,137,0,0
"1134523",2818,1,0,30,0,0,8,0,0
"1134525",2819,0,5,88,0,2,37,1,0
"1134527",2820,0,1,89,0,3,48,0,0
"1134528",2821,0,0,0,0,0,0,0,0
"1134529",2822,0,0,74,0,0,29,0,0
"1134530",2823,0,0,52,0,2,20,0,0
"1134531",2824,0,0,29,0,0,17,0,0
"1134532",2825,0,0,6,0,0,11,1,0
"1134533",2826,0,0,54,0,0,35,0,0
"1134534",2827,0,0,2,0,0,5,0,0
"1134535",2828,0,1,72,0,0,33,0,0
"1134536",2829,0,0,4,0,0,2,0,0
"1134537",2830,0,0,2,0,0,0,0,0
"1134538",2831,0,0,33,0,0,17,0,0
"1134539",2832,0,0,0,0,0,0,0,0
"1134541",2833,0,0,0,0,0,0,0,0
"1134542",2834,0,0,0,0,0,0,0,0
"1134554",2835,0,0,2,0,0,1,0,0
"1134555",2836,0,0,1,0,0,1,0,0
"1134557",2837,0,0,0,0,0,0,0,0
"1134558",2838,0,0,0,0,0,0,0,0
"1134559",2839,0,0,0,0,0,0,0,0
"1134600",2840,0,0,68,0,1,37,0,0
"1134601",2841,0,1,256,0,1,157,0,0
"1134602",2842,0,0,110,0,0,65,0,0
"1134603",2843,0,0,5,0,0,0,0,0
"1134604",2844,0,1,156,0,0,88,0,0
"1134605",2845,0,0,140,0,1,76,0,0
"1134606",2846,0,0,150,0,0,90,0,0
"1134607",2847,0,0,93,0,1,67,0,0
"1134608",2848,0,2,185,0,1,93,1,0
"1134609",2849,0,0,131,0,0,53,0,1
"1134610",2850,0,0,121,0,0,87,0,0
"1134611",2851,0,0,75,0,0,74,0,0
"1134612",2852,0,0,22,0,1,12,0,0
"1134613",2853,0,0,41,0,1,23,0,0
"1134614",2854,0,0,23,0,0,17,0,0
"1134615",2855,0,0,20,0,0,5,0,0
"1134616",2856,0,0,69,0,2,36,0,0
"1134617",2857,0,0,7,0,0,5,0,0
"1134618",2858,0,0,21,0,0,18,0,0
"1134619",2859,0,0,73,0,0,53,0,0
"1134620",2860,0,0,84,0,0,37,0,0
"1134621",2861,0,2,202,0,0,164,1,0
"1134622",2862,0,0,121,1,1,79,0,1
"1134623",2863,0,2,146,0,2,85,0,1
"1134624",2864,0,1,98,0,1,55,0,0
"1134625",2865,0,0,103,0,2,82,0,0
"1134626",2866,0,0,133,0,3,86,0,0
"1134627",2867,0,0,134,0,1,108,0,0
"1134628",2868,0,0,144,0,0,70,0,0
"1134629",2869,0,0,57,0,0,47,0,0
"1134630",2870,0,1,109,0,0,42,0,0
"1134631",2871,0,0,73,0,0,40,0,0
"1134632",2872,2,0,116,0,1,53,0,0
"1134633",2873,0,0,47,0,0,21,0,0
"1134634",2874,0,0,81,0,0,65,0,0
"1134639",2875,0,0,21,0,0,18,0,0
"1134640",2876,0,0,177,0,0,89,1,0
"1134641",2877,0,1,37,0,2,12,0,0
"1134642",2878,0,0,8,0,0,5,0,0
"1134644",2879,0,0,0,0,0,0,0,0
"1134646",2880,0,0,17,0,0,26,0,0
"1134648",2881,0,0,155,0,1,66,0,0
"1134649",2882,0,0,0,0,0,0,0,0
"1134651",2883,0,0,5,0,0,2,0,0
"1134652",2884,0,0,37,0,1,22,0,0
"1134653",2885,0,1,4,0,0,0,0,0
"1134654",2886,0,1,56,0,0,40,0,0
"1134655",2887,0,0,3,0,0,1,0,0
"1134656",2888,0,0,11,0,0,5,0,0
"1134657",2889,0,0,5,0,1,1,0,0
"1134658",2890,0,0,7,0,0,3,0,0
"1134659",2891,0,0,14,0,0,12,0,0
"1134660",2892,0,0,2,0,0,0,0,0
"1134661",2893,1,1,53,0,0,29,0,0
"1134662",2894,0,0,9,0,0,9,0,0
"1134663",2895,0,0,0,0,0,0,0,0
"1134664",2896,0,0,34,0,0,26,0,0
"1134665",2897,0,0,0,0,0,0,0,0
"1134667",2898,0,0,0,0,0,0,0,0
"1134673",2899,0,0,0,0,0,0,0,0
"1134674",2900,0,0,0,0,0,0,0,0
"1134675",2901,0,0,5,0,1,4,0,0
"1134677",2902,0,0,0,0,0,1,0,0
"1134678",2903,0,0,0,0,0,0,0,0
"1150001",2904,0,0,22,0,0,3,0,0
"1150002",2905,0,1,31,0,0,8,0,0
"1150003",2906,1,1,22,0,0,11,0,0
"1150004",2907,1,0,13,1,0,11,0,0
"1150005",2908,0,0,4,0,0,1,0,0
"1150011",2909,0,0,0,0,0,0,0,0
"1150012",2910,0,0,0,0,0,0,0,0
"1150013",2911,0,0,0,0,0,0,0,0
"1150017",2912,0,0,0,0,0,0,0,0
"1170001",2913,0,0,39,0,0,23,0,0
"1170002",2914,0,4,47,0,0,18,0,0
"1170003",2915,0,3,58,0,0,25,0,1
"1170004",2916,0,0,56,0,1,20,0,0
"1190001",2917,0,0,15,0,0,5,0,0
"1190003",2918,0,0,22,0,0,4,0,0
"1190004",2919,0,1,16,0,0,16,0,0
"1190005",2920,0,0,25,0,0,10,0,0
"1190007",2921,0,0,14,0,0,6,0,0
"1190009",2922,0,0,4,0,0,2,0,0
"1190010",2923,0,0,14,0,0,8,0,0
"1211000",2924,0,0,57,0,0,37,0,0
"1211001",2925,0,1,14,0,2,29,0,1
"1211002",2926,0,0,1,0,0,6,0,0
"1211003",2927,0,0,26,0,1,35,0,0
"1211004",2928,1,0,44,0,1,65,1,0
"1211005",2929,0,0,0,0,0,0,0,0
"1211006",2930,0,0,0,0,0,0,0,0
"1211007",2931,0,0,43,0,0,20,0,0
"1211008",2932,0,0,44,0,0,41,0,0
"1211009",2933,0,0,6,0,0,5,0,0
"1211010",2934,0,1,78,0,1,62,1,0
"1211011",2935,0,1,67,0,1,41,0,0
"1211012",2936,0,0,19,0,1,17,0,0
"1211013",2937,0,0,58,0,0,65,0,0
"1211014",2938,0,1,25,1,1,27,0,0
"1211015",2939,0,0,18,0,0,13,0,0
"1211016",2940,0,0,12,0,0,9,0,0
"1211017",2941,0,0,8,0,0,8,0,0
"1211018",2942,0,0,0,0,0,0,0,0
"1211019",2943,0,0,14,0,0,8,0,0
"1211020",2944,0,0,66,0,0,29,0,0
"1211021",2945,0,0,89,0,0,46,0,0
"1211022",2946,0,0,29,0,0,15,0,0
"1211023",2947,0,0,64,0,0,28,0,0
"1211024",2948,0,0,132,1,0,63,0,0
"1211025",2949,0,0,67,0,0,35,0,0
"1211026",2950,0,0,161,0,2,50,0,1
"1211027",2951,0,0,40,0,0,15,0,0
"1211028",2952,0,0,17,0,1,4,0,0
"1211029",2953,0,0,5,0,0,1,0,0
"1211030",2954,0,0,1,0,0,0,0,0
"1211031",2955,0,0,95,0,0,59,0,1
"1211032",2956,0,0,93,0,2,66,0,0
"1211033",2957,0,0,94,0,0,50,0,0
"1211034",2958,0,0,35,0,0,19,0,0
"1211035",2959,0,0,187,1,2,123,0,0
"1211036",2960,0,0,173,0,2,95,0,0
"1211037",2961,0,0,58,0,1,30,0,0
"1211038",2962,0,0,26,0,1,26,0,0
"1211039",2963,0,0,11,0,0,12,0,0
"1211040",2964,0,0,22,0,0,25,0,0
"1211041",2965,1,0,136,0,0,75,0,0
"1211042",2966,0,0,91,0,1,55,1,0
"1211043",2967,0,0,1,0,0,5,0,0
"1211044",2968,0,0,20,0,0,18,0,0
"1211045",2969,0,0,47,0,0,43,0,0
"1211046",2970,0,0,18,0,0,17,0,0
"1211047",2971,0,1,137,0,1,91,0,0
"1211048",2972,0,0,31,0,0,21,0,0
"1211049",2973,0,0,96,0,2,83,0,0
"1211050",2974,0,0,6,0,0,5,0,0
"1211051",2975,0,0,6,0,0,7,0,0
"1211052",2976,0,0,29,0,0,22,0,0
"1211053",2977,0,0,0,0,0,0,0,0
"1211054",2978,0,0,66,0,0,58,0,0
"1211055",2979,0,0,20,0,0,13,0,0
"1211056",2980,0,0,46,0,0,55,0,0
"1211057",2981,0,0,27,0,1,37,0,0
"1211058",2982,0,0,90,0,4,129,0,0
"1211059",2983,0,1,154,0,1,187,1,0
"1211060",2984,0,0,76,0,0,108,1,0
"1211061",2985,0,0,140,0,2,219,0,1
"1211062",2986,0,0,143,0,2,309,0,2
"1211063",2987,0,0,78,0,1,83,0,0
"1211064",2988,0,0,194,0,1,219,0,0
"1211065",2989,0,1,38,0,2,50,0,0
"1211066",2990,0,0,8,0,0,10,0,0
"1212067",2991,0,1,52,0,1,82,0,0
"1212068",2992,0,0,92,0,1,59,0,0
"1212069",2993,0,0,77,0,0,63,0,0
"1212070",2994,0,0,0,0,0,0,0,0
"1212071",2995,0,0,125,0,0,94,0,0
"1212072",2996,0,1,105,0,0,76,0,0
"1212073",2997,0,1,130,0,2,101,0,0
"1212074",2998,0,0,71,0,0,35,0,0
"1212075",2999,0,0,15,0,0,16,0,0
"1212076",3000,0,0,144,0,3,85,0,0
"1212077",3001,0,0,88,0,1,48,0,0
"1212078",3002,0,0,25,0,1,18,0,0
"1212079",3003,0,0,56,0,0,40,0,0
"1212080",3004,0,0,80,0,0,39,0,1
"1212081",3005,0,0,65,0,0,33,0,0
"1212082",3006,0,0,16,0,0,11,0,0
"1212083",3007,0,0,34,0,0,14,0,0
"1212084",3008,0,0,85,0,0,91,0,0
"1212085",3009,0,1,126,0,2,138,0,0
"1212086",3010,0,0,112,0,1,101,0,0
"1212087",3011,0,0,151,1,1,121,0,0
"1212088",3012,1,0,79,1,1,74,0,0
"1212089",3013,0,0,83,0,1,33,0,0
"1212090",3014,2,0,156,0,2,153,1,0
"1212091",3015,0,0,150,0,1,58,0,0
"1212092",3016,0,0,36,0,0,77,0,0
"1212093",3017,0,0,1,0,0,7,0,0
"1212094",3018,0,0,13,0,0,6,0,0
"1212095",3019,0,0,108,0,0,63,0,0
"1212096",3020,0,0,141,0,0,74,0,0
"1212097",3021,0,0,133,0,1,101,0,0
"1212098",3022,0,0,4,0,0,9,0,0
"1212099",3023,0,0,98,0,0,61,0,0
"1212100",3024,1,1,167,0,1,165,0,0
"1212101",3025,0,1,183,0,0,174,0,0
"1212102",3026,0,0,251,0,4,157,1,0
"1212103",3027,0,0,111,0,2,82,1,1
"1212104",3028,0,1,162,0,1,93,0,0
"1212105",3029,0,0,100,0,2,74,0,0
"1212106",3030,0,0,164,0,2,125,0,0
"1212107",3031,0,0,179,0,1,110,0,0
"1212108",3032,0,0,80,0,2,73,0,0
"1212109",3033,0,0,181,0,2,127,0,0
"1212110",3034,0,0,121,0,1,91,1,0
"1212111",3035,0,0,190,0,2,121,0,0
"1212112",3036,0,0,67,0,1,47,0,0
"1212113",3037,0,0,189,0,3,104,1,0
"1212114",3038,0,0,67,0,2,64,0,0
"1213115",3039,0,0,119,0,1,79,0,0
"1213116",3040,0,0,192,0,4,124,0,0
"1213117",3041,0,0,23,0,0,12,0,0
"1213118",3042,0,0,64,0,0,61,0,0
"1213119",3043,0,0,4,0,0,5,0,0
"1213120",3044,0,0,53,0,0,51,0,0
"1213121",3045,0,0,76,0,0,35,0,0
"1213122",3046,0,0,53,0,1,60,0,0
"1213123",3047,0,1,178,0,0,123,0,0
"1213124",3048,0,0,11,0,0,0,0,0
"1213125",3049,0,0,15,0,0,7,0,0
"1213126",3050,0,0,83,1,3,56,0,0
"1213127",3051,1,0,132,0,1,153,0,1
"1213128",3052,0,0,86,1,0,87,0,0
"1213129",3053,0,0,113,0,0,80,0,0
"1213130",3054,1,1,186,0,3,153,0,0
"1213131",3055,0,1,174,0,1,123,2,0
"1213132",3056,0,0,154,0,0,106,1,0
"1213133",3057,0,1,167,0,1,133,0,0
"1213134",3058,0,0,79,0,0,69,0,0
"1213135",3059,0,1,172,0,2,157,0,1
"1213136",3060,0,0,90,0,0,59,0,1
"1213137",3061,0,1,108,0,3,83,0,0
"1213138",3062,0,0,94,0,1,86,0,0
"1213139",3063,0,0,125,0,1,95,0,0
"1213140",3064,0,0,115,0,0,91,0,0
"1213141",3065,0,1,84,0,1,54,0,0
"1213142",3066,0,0,14,0,0,8,0,0
"1213143",3067,1,0,62,0,0,56,0,0
"1213144",3068,0,0,135,0,1,96,0,0
"1213145",3069,0,0,151,0,1,150,0,0
"1213146",3070,0,0,95,0,1,76,0,0
"1213147",3071,0,0,135,0,0,105,0,0
"1213148",3072,0,0,77,0,0,102,0,0
"1213149",3073,1,0,58,0,0,57,0,0
"1213150",3074,0,0,81,0,0,79,0,0
"1213151",3075,0,0,96,0,0,69,0,0
"1213152",3076,0,0,88,0,0,65,0,0
"1213153",3077,0,0,119,0,1,98,0,1
"1213154",3078,0,0,109,0,0,83,0,0
"1213155",3079,1,0,163,1,2,126,0,0
"1213156",3080,0,0,29,0,0,20,0,0
"1213157",3081,0,0,12,0,0,7,0,0
"1213158",3082,0,0,82,0,2,59,0,0
"1213159",3083,0,1,101,0,0,119,0,0
"1213160",3084,0,0,89,0,1,76,0,0
"1214161",3085,0,0,122,0,4,109,0,0
"1214162a",3086,0,0,19,0,0,18,0,0
"1214162b",3087,0,0,4,0,0,3,0,0
"1214163",3088,0,0,62,0,0,71,0,0
"1214164",3089,0,1,183,0,3,165,0,0
"1214165",3090,0,1,275,0,2,370,2,0
"1214166",3091,1,1,98,0,0,140,0,0
"1214167",3092,1,1,125,0,0,326,1,0
"1214168",3093,1,0,82,0,0,313,0,0
"1214169",3094,0,0,56,0,0,366,0,0
"1214170",3095,0,0,126,0,2,736,1,0
"1214171",3096,0,0,18,0,0,48,0,0
"1214172",3097,0,0,25,1,1,334,1,0
"1214173",3098,0,0,0,0,0,2,0,0
"1214174",3099,0,0,24,0,0,186,0,0
"1214175",3100,0,0,2,0,0,30,0,0
"1214176",3101,0,0,156,0,1,140,0,0
"1214177",3102,0,0,17,0,0,89,0,0
"1214178",3103,1,1,90,0,2,195,0,0
"1214179",3104,0,0,122,0,2,112,0,0
"1214180",3105,0,0,38,0,0,35,0,0
"1214181",3106,0,0,156,1,1,142,0,0
"1214182",3107,0,0,3,0,0,1,0,0
"1214183",3108,0,0,9,0,0,8,0,0
"1214184",3109,0,0,111,0,0,45,0,0
"1214185",3110,0,0,52,0,0,18,0,0
"1214186",3111,0,1,76,0,3,35,0,1
"1214187",3112,0,0,39,0,0,205,0,0
"1214188",3113,0,0,0,0,0,0,0,0
"1214189",3114,0,0,19,0,0,21,0,0
"1214190",3115,0,0,47,0,0,52,0,0
"1214191",3116,0,0,22,0,2,33,0,0
"1214192",3117,0,0,25,0,0,28,0,0
"1214193",3118,1,0,53,0,0,37,0,0
"1214194",3119,0,0,6,0,0,7,0,0
"1214195",3120,0,0,3,0,0,3,0,0
"1214196",3121,0,0,17,0,0,26,0,0
"1214197",3122,0,0,22,0,0,22,0,0
"1214198",3123,0,0,49,0,0,41,0,0
"1214199",3124,0,0,1,0,0,1,0,0
"1214200",3125,0,0,2,0,0,1,0,0
"1214201",3126,0,0,50,0,0,34,0,0
"1214202",3127,0,0,80,0,1,61,0,0
"1214203",3128,0,0,50,0,1,29,0,0
"1214204",3129,0,0,92,0,0,108,1,0
"1214205a",3130,0,0,89,0,0,52,0,0
"1214205b",3131,0,0,0,0,0,0,0,0
"1214206",3132,0,1,76,0,0,56,0,0
"1214207",3133,0,0,20,0,0,21,0,0
"1214208",3134,0,0,3,0,0,9,0,0
"1214209",3135,0,0,61,0,0,42,0,0
"1214210",3136,0,0,103,0,1,80,0,0
"1214211",3137,1,0,139,0,2,102,0,0
"1214212",3138,0,0,18,0,0,8,0,0
"1214213",3139,0,0,20,0,0,21,0,0
"1214214",3140,0,0,50,0,0,45,1,0
"1214215",3141,0,1,28,1,1,22,0,0
"1214216",3142,0,0,8,0,0,8,0,0
"1214217",3143,0,0,11,0,0,9,0,0
"1214218",3144,0,0,4,0,0,1,0,0
"1214219",3145,0,0,37,0,0,34,0,0
"1214220",3146,0,0,45,0,0,41,0,0
"1214221",3147,0,0,4,0,0,4,0,0
"1214222",3148,0,0,77,0,0,62,0,0
"1214223",3149,0,0,27,0,0,17,0,0
"1214224",3150,0,0,37,0,0,22,0,0
"1219100",3151,0,0,0,0,0,0,0,0
"1219101",3152,0,0,0,0,0,0,0,0
"1219102",3153,0,0,0,0,0,0,0,0
"1219200",3154,0,0,0,0,0,0,0,0
"1219201",3155,0,0,0,0,0,0,0,0
"1219202",3156,0,0,0,0,0,0,0,0
"1219203",3157,0,0,0,0,0,0,0,0
"1219204",3158,0,0,0,0,0,0,0,0
"1219300",3159,0,0,0,0,0,0,0,0
"1219301",3160,0,0,0,0,0,0,0,0
"1219302",3161,0,0,0,0,0,0,0,0
"1219303",3162,0,0,0,0,0,0,0,0
"1219304",3163,0,0,0,0,0,0,0,0
"1230101",3164,0,0,35,0,0,15,0,0
"1230102",3165,0,1,67,0,0,9,0,0
"1230201",3166,0,0,13,0,0,4,0,0
"1230202",3167,0,0,36,0,0,10,0,0
"1230203",3168,0,0,15,0,0,11,0,1
"1230301",3169,0,0,27,0,1,9,2,0
"1230302",3170,0,0,31,0,0,8,0,0
"1230303",3171,0,0,5,0,1,9,1,1
"1230401",3172,0,1,54,0,2,25,0,0
"1230402",3173,0,0,10,0,0,13,0,0
"1250001",3174,0,0,2,0,0,1,0,0
"1250002",3175,0,0,0,0,0,1,0,0
"1250003",3176,0,0,4,0,0,3,0,0
"1250004",3177,1,0,2,0,0,2,0,0
"1250005",3178,0,0,1,0,0,2,0,0
"1250006",3179,0,0,4,0,0,2,0,0
"1270001",3180,8,37,380,3,15,145,9,2
"1270002",3181,8,34,410,1,12,126,10,1
"1270003",3182,4,16,177,1,1,42,1,1
"1270004",3183,3,0,26,0,2,5,0,0
"1270005",3184,1,21,376,0,1,67,3,1
"1270006",3185,8,40,244,0,7,92,4,2
"1270007",3186,4,14,191,1,1,57,3,1
"1290101",3187,0,0,10,0,0,9,0,0
"1290201",3188,0,0,9,0,0,8,0,0
"1290301",3189,0,0,1,0,0,1,0,0
"1290303",3190,0,0,6,0,0,10,1,0
"1290401",3191,0,0,7,0,0,7,0,0
"1310001",3192,1,25,666,2,3,152,4,1
"1310002",3193,6,19,481,2,1,94,6,2
"1310003",3194,1,7,188,0,0,31,1,0
"1310004",3195,0,6,61,0,0,8,0,0
"1310005",3196,0,5,94,0,0,33,2,0
"1310006",3197,0,3,58,1,0,8,2,0
"1310007",3198,1,0,18,0,0,6,1,2
"1310008",3199,7,37,388,1,2,126,14,2
"1310009",3200,2,10,319,0,2,65,5,2
"1330001",3201,0,0,29,0,2,37,0,2
"1330002",3202,0,1,6,0,0,3,0,0
"1330003",3203,0,0,19,0,0,16,1,1
"1330004",3204,0,1,6,0,0,8,0,0
"1330005",3205,0,0,14,0,0,10,0,0
"1330006",3206,0,0,7,0,0,1,0,1
"1330007",3207,2,0,32,1,0,11,0,1
"1330008",3208,1,0,43,0,0,31,0,0
"1330009",3209,0,0,15,0,0,5,0,0
"1350101",3210,2,3,53,0,0,29,1,0
"1350102",3211,1,1,49,1,0,22,1,0
"1350103",3212,0,0,37,0,0,19,0,0
"1350104",3213,0,3,49,0,0,28,0,0
"1350108",3214,0,1,41,0,0,19,0,0
"1350109",3215,0,0,2,0,0,1,0,0
"1350110",3216,1,1,33,0,0,13,0,0
"1350111",3217,0,1,26,0,0,14,0,0
"1350201",3218,0,0,45,0,1,32,0,0
"1350202",3219,1,0,68,0,0,34,0,0
"1350203",3220,0,1,72,0,0,55,1,0
"1350204",3221,0,0,76,0,0,44,0,0
"1350205",3222,0,0,33,1,0,34,0,0
"1350206",3223,0,0,20,0,0,16,0,0
"1350207",3224,0,0,10,0,0,18,0,0
"1350208",3225,0,1,58,0,1,49,0,0
"1350209",3226,0,0,23,0,0,23,0,0
"1350301",3227,0,1,83,1,0,35,0,0
"1350302",3228,0,0,31,0,0,15,0,0
"1350303",3229,0,0,53,0,1,27,0,0
"1350304",3230,0,1,25,0,0,2,0,0
"1350305",3231,0,0,20,1,0,9,0,0
"1350306",3232,0,3,31,0,0,18,0,0
"1350307",3233,0,0,56,0,1,41,0,0
"1350308",3234,0,0,21,0,0,19,0,0
"1350309",3235,0,1,30,1,0,24,0,0
"1350310",3236,0,0,33,0,0,20,0,0
"1350311",3237,0,0,28,0,0,18,0,0
"1350312",3238,0,0,24,0,1,36,0,0
"1350313",3239,0,0,19,0,0,9,0,0
"1350314",3240,0,1,37,0,0,20,1,0
"1350401",3241,1,0,19,0,0,11,0,0
"1350402",3242,1,1,115,2,0,15,0,0
"1350403",3243,1,5,195,0,0,43,2,1
"1350404",3244,1,1,38,0,0,21,0,0
"1350405",3245,1,0,71,0,0,20,0,0
"1350406",3246,0,1,97,0,0,34,0,1
"1350407",3247,1,1,43,0,0,27,0,0
"1350408",3248,0,0,30,0,0,6,0,0
"1350409",3249,0,1,29,0,0,15,0,0
"1350412",3250,0,0,32,0,0,7,0,0
"1370001",3251,0,2,11,0,0,7,0,0
"1370002",3252,1,0,8,0,0,8,0,0
"1370003",3253,0,0,8,0,0,8,0,0
"1370004",3254,0,0,15,0,0,4,0,1
"1391001",3255,0,1,248,1,1,29,2,1
"1391002",3256,0,0,1,0,0,3,0,0
"1391003",3257,1,0,73,0,1,40,0,0
"1391004",3258,0,0,0,0,0,0,0,0
"1391005",3259,0,0,62,0,0,35,0,0
"1391006",3260,0,0,55,0,0,35,1,0
"1391007",3261,0,0,65,0,0,22,0,0
"1391008",3262,0,0,5,0,0,2,0,0
"1391009",3263,2,0,81,0,0,31,0,1
"1391010",3264,0,0,85,0,0,29,0,0
"1391011",3265,1,0,93,0,1,44,0,0
"1391012",3266,0,1,189,0,0,42,1,0
"1391013",3267,0,0,67,0,2,25,0,0
"1391014",3268,1,0,62,0,0,28,0,0
"1391015",3269,2,1,71,0,0,30,0,0
"1391016",3270,3,0,103,0,1,20,2,1
"1391017",3271,1,1,80,2,0,56,1,0
"1391018",3272,0,1,124,0,1,37,0,0
"1391019",3273,0,0,52,0,0,36,0,0
"1391020",3274,0,0,53,0,0,23,1,0
"1391021",3275,0,0,44,0,1,18,0,0
"1391022",3276,0,1,89,0,2,34,0,0
"1391023",3277,0,0,0,0,0,0,0,0
"1391024",3278,1,0,67,0,1,44,0,0
"1391025",3279,1,0,98,0,0,42,0,0
"1391026",3280,1,0,58,0,0,50,1,0
"1391027",3281,1,0,42,0,0,35,0,0
"1391028",3282,0,0,52,1,0,41,0,0
"1391029",3283,0,0,22,0,1,8,0,0
"1391030",3284,0,0,82,0,0,23,0,0
"1391031",3285,0,0,57,0,0,3,0,0
"1391032",3286,0,1,53,1,0,29,0,1
"1391033",3287,0,0,24,0,0,14,0,0
"1391034",3288,0,1,64,0,2,48,0,0
"1391035",3289,0,0,34,0,0,35,0,0
"1391036",3290,0,0,47,0,0,41,0,2
"1391037",3291,0,0,21,0,0,15,0,0
"1391038",3292,0,0,42,0,0,31,0,0
"1391039",3293,0,0,48,0,0,41,0,0
"1391040",3294,0,0,8,0,0,4,0,0
"1391041",3295,0,1,63,0,0,28,0,0
"1391042",3296,0,0,4,0,0,5,0,0
"1391043",3297,0,1,98,0,0,37,0,0
"1391044",3298,0,0,17,0,0,10,0,0
"1391045",3299,0,0,6,0,0,1,0,0
"1391046",3300,0,0,9,0,0,4,0,0
"1391047",3301,0,0,8,0,0,4,0,0
"1391048",3302,0,0,42,0,0,28,0,0
"1391049",3303,0,1,12,0,1,7,0,0
"1391050",3304,0,0,133,0,1,57,0,0
"1391051",3305,1,0,131,0,0,50,1,0
"1391052",3306,0,0,187,0,0,49,0,0
"1391053",3307,0,0,98,0,0,24,0,0
"1391054",3308,0,0,127,0,0,26,1,1
"1391055",3309,0,0,101,0,0,40,0,0
"1391056",3310,2,0,66,0,0,34,0,1
"1391057",3311,0,0,55,0,0,21,0,0
"1391058",3312,0,0,32,0,0,13,0,0
"1391059",3313,0,0,15,0,0,7,0,0
"1410001",3314,0,2,107,1,0,60,0,0
"1410002",3315,1,4,136,0,1,64,0,1
"1410003",3316,2,0,198,1,2,70,1,0
"1410004",3317,2,1,128,0,0,57,1,1
"1410005",3318,0,1,170,0,0,98,0,0
"1410006",3319,0,2,127,0,0,74,0,0
"1410007",3320,2,4,249,0,4,147,1,0
"1410008",3321,0,6,210,0,10,134,1,0
"1410009",3322,1,3,291,2,2,183,5,0
"1410010",3323,3,7,305,0,2,122,0,0
"1410011",3324,2,1,306,0,1,208,1,1
"1410012",3325,0,2,108,1,0,58,0,1
"1410013",3326,1,1,261,0,0,159,1,1
"1410014",3327,2,3,237,0,1,159,1,0
"1410015",3328,0,3,199,0,2,119,0,1
"1410016",3329,3,5,342,0,1,179,0,0
"1410017",3330,1,0,128,0,1,93,0,1
"1410018",3331,1,0,263,0,1,141,0,0
"1410019",3332,3,5,292,0,3,165,1,1
"1410020",3333,0,0,110,0,1,72,2,1
"1410021",3334,1,2,198,0,5,121,1,2
"1410022",3335,0,3,218,2,4,182,0,1
"1410023",3336,2,1,163,0,3,80,0,0
"1410024",3337,2,6,305,1,6,187,4,1
"1410025",3338,2,1,200,0,4,161,1,2
"1410026",3339,0,0,176,0,0,109,3,0
"1410027",3340,3,1,203,1,1,107,3,0
"1410028",3341,0,0,31,0,0,13,0,0
"1410029",3342,0,5,245,0,0,144,2,1
"1410030",3343,1,0,31,0,0,8,0,0
"1410031",3344,0,1,90,1,0,63,0,0
"1410032",3345,1,0,171,0,3,117,1,0
"1410033",3346,4,2,258,1,3,196,1,1
"1410034",3347,0,0,40,0,1,41,0,1
"1410035",3348,0,2,262,2,6,207,0,0
"1410036",3349,1,3,186,0,0,182,1,1
"1410037",3350,2,8,206,0,2,63,1,2
"1410038",3351,3,3,193,0,2,122,0,0
"1410039",3352,0,4,103,1,0,31,1,0
"1410040",3353,1,0,99,0,0,41,0,0
"1410041",3354,0,2,107,1,0,46,0,1
"1410042",3355,3,3,183,0,0,74,2,1
"1410043",3356,0,0,129,0,2,85,1,0
"1410044",3357,2,1,163,1,0,118,1,1
"1410045",3358,1,0,238,1,2,118,1,2
"1410046",3359,0,0,102,1,0,50,0,1
"1410047",3360,2,3,218,1,6,106,2,0
"1410048",3361,1,2,157,0,1,90,2,0
"1410049",3362,0,1,72,0,0,44,2,0
"1410050",3363,1,2,115,1,2,79,0,0
"1410051",3364,2,1,159,0,5,62,0,2
"1410052",3365,1,3,174,1,0,76,0,0
"1410053",3366,5,1,208,0,1,117,1,1
"1410054",3367,2,3,151,0,1,74,1,0
"1410055",3368,4,4,214,1,2,109,3,1
"1410056",3369,3,4,160,3,2,96,1,1
"1410057",3370,1,0,107,1,2,67,2,0
"1410058",3371,0,0,127,0,3,50,1,0
"1410059",3372,2,1,199,2,2,122,1,1
"1410060",3373,0,0,177,2,1,89,3,1
"1410061",3374,0,1,119,0,0,85,4,0
"1410062",3375,3,1,93,0,0,44,0,0
"1410063",3376,3,11,222,0,2,96,1,2
"1410064",3377,0,0,257,0,3,81,2,0
"1410065",3378,1,0,9,0,0,19,0,1
"1410066",3379,4,1,222,0,1,89,2,2
"1410067",3380,0,4,222,0,1,89,2,0
"1410068",3381,1,0,71,0,1,40,0,0
"1410069",3382,3,7,416,0,2,208,0,1
"1410070",3383,1,3,331,1,4,143,1,1
"1410071",3384,3,2,259,0,1,137,1,2
"1410072",3385,0,4,126,0,0,59,1,1
"1410073",3386,1,1,118,0,1,62,0,0
"1410074",3387,2,7,210,0,1,95,2,0
"1410075",3388,0,0,178,0,3,121,0,0
"1410076",3389,3,3,129,0,0,40,1,0
"1410077",3390,0,4,195,0,2,83,0,0
"1410078",3391,2,5,186,0,2,39,3,1
"1410079",3392,0,1,69,0,0,19,0,0
"1410080",3393,0,4,168,0,0,46,2,1
"1410081",3394,1,0,33,0,1,5,0,0
"1410082",3395,3,1,234,1,1,54,0,3
"1410083",3396,0,2,169,0,0,55,0,0
"1410084",3397,2,3,237,1,4,78,3,2
"1410085",3398,3,4,207,0,0,65,0,0
"1410086",3399,0,0,3,0,0,4,0,0
"1410087",3400,0,0,0,0,0,0,0,0
"1410088",3401,0,0,12,0,0,17,0,0
"1410089",3402,1,10,293,2,1,152,4,1
"1410090",3403,1,3,257,0,3,118,0,1
"1410091",3404,1,1,130,0,3,48,1,2
"1410092",3405,3,0,289,0,2,154,5,1
"1410093",3406,0,2,162,0,1,78,0,1
"1410094",3407,2,2,291,0,1,111,1,1
"1410095",3408,1,2,276,1,2,134,1,0
"1410096",3409,1,3,347,2,4,160,1,3
"1410097",3410,0,2,172,0,0,87,0,0
"1410098",3411,4,3,249,1,5,94,1,4
"1410099",3412,0,2,84,1,1,49,0,0
"1410100",3413,3,0,269,1,3,120,0,0
"1410101",3414,1,3,270,0,1,104,0,1
"1410102",3415,0,5,232,0,2,89,1,0
"1410103",3416,0,1,191,0,1,95,1,1
"1410104",3417,3,3,304,1,5,123,0,1
"1410105",3418,0,3,296,0,2,114,1,2
"1410106",3419,2,5,245,1,2,121,1,0
"1410107",3420,2,3,217,1,0,81,3,2
"1410108",3421,1,3,196,0,1,103,1,1
"1410109",3422,1,0,162,0,0,97,0,0
"1410110",3423,3,1,323,0,2,149,1,0
"1410111",3424,1,0,57,0,0,33,0,0
"1410112",3425,5,3,306,0,2,202,1,1
"1410113",3426,1,0,178,0,1,93,0,0
"1410114",3427,1,3,235,0,0,156,2,0
"1410115",3428,2,1,123,0,1,61,3,0
"1410116",3429,1,2,193,0,1,120,1,1
"1410117",3430,3,1,314,1,1,127,0,0
"1410118",3431,2,0,210,0,0,99,0,1
"1410119",3432,3,3,179,0,1,93,0,0
"1410120",3433,1,2,247,0,0,154,1,2
"1410121",3434,0,2,181,0,2,83,0,0
"1410122",3435,2,4,316,0,1,190,2,1
"1410123",3436,1,5,251,0,2,139,0,0
"1410124",3437,1,1,204,0,1,114,0,0
"1410125",3438,4,3,280,0,1,156,1,1
"1410126",3439,1,3,336,1,4,158,1,1
"1410127",3440,0,0,13,0,0,4,0,0
"1410128",3441,0,0,53,0,1,30,0,0
"1410129",3442,2,1,101,0,0,78,0,0
"1410130",3443,2,2,268,1,2,158,1,0
"1410131",3444,0,0,137,0,0,56,0,1
"1410132",3445,0,0,21,0,0,12,0,0
"1410133",3446,3,3,338,0,4,78,4,0
"1410134",3447,3,1,147,0,0,57,1,0
"1410135",3448,1,3,297,0,2,90,1,2
"1410136",3449,1,1,197,1,1,60,0,1
"1410137",3450,2,2,218,0,2,49,1,1
"1410138",3451,2,3,248,0,2,70,1,0
"1410139",3452,2,0,267,0,2,79,0,0
"1410140",3453,2,4,202,0,0,61,2,3
"1410141",3454,0,0,158,0,1,43,0,0
"1410142",3455,2,2,137,1,3,38,1,0
"1410143",3456,0,7,316,1,1,95,1,3
"1410144",3457,0,7,300,0,1,96,1,3
"1410145",3458,4,2,159,0,0,77,2,1
"1410146",3459,0,4,161,0,0,40,0,0
"1410147",3460,0,2,161,0,1,70,0,0
"1410148",3461,1,1,281,1,1,95,1,1
"1410149",3462,6,1,328,0,3,89,1,0
"1410150",3463,6,5,221,1,2,64,1,0
"1410151",3464,2,1,224,2,2,65,1,0
"1410152",3465,0,1,153,0,1,55,0,0
"1410153",3466,3,6,271,0,1,94,0,0
"1410154",3467,1,5,193,1,0,93,0,0
"1410155",3468,1,1,98,0,0,38,1,1
"1410156",3469,3,2,172,0,0,62,1,1
"1410157",3470,1,2,58,0,2,19,1,0
"1410158",3471,1,1,106,0,3,64,1,0
"1410159",3472,0,4,166,1,1,64,0,1
"1410160",3473,3,3,249,1,1,71,1,0
"1410161",3474,1,2,89,0,0,20,1,0
"1410162",3475,1,2,238,2,0,90,0,0
"1410163",3476,0,9,230,0,1,82,2,0
"1410164",3477,4,6,311,1,2,111,1,0
"1410165",3478,2,1,319,0,1,91,1,0
"1410166",3479,1,0,158,1,6,79,0,1
"1410167",3480,0,2,240,0,4,129,4,2
"1410168",3481,0,0,21,0,0,4,0,0
"1410169",3482,1,1,111,1,1,55,0,1
"1410170",3483,7,2,245,1,2,116,6,4
"1410171",3484,0,2,136,0,1,44,1,0
"1410172",3485,5,9,451,3,8,109,5,6
"1410173",3486,2,6,191,1,5,67,2,1
"1410174",3487,0,0,3,0,0,1,0,0
"1410175",3488,0,0,38,0,0,17,0,0
"1410176",3489,1,2,103,0,2,56,0,0
"1410177",3490,0,0,35,0,0,20,0,0
"1410178",3491,1,0,94,0,0,45,0,2
"1410179",3492,0,1,49,1,0,16,0,1
"1410180",3493,0,5,90,1,1,64,1,1
"1410181",3494,0,0,39,0,0,28,0,0
"1410182",3495,0,0,49,0,0,22,0,0
"1410183",3496,0,0,1,0,0,0,0,0
"1410184",3497,0,0,0,0,0,0,0,0
"1410185",3498,0,0,62,0,0,39,1,1
"1410186",3499,1,0,71,0,1,39,0,0
"1410187",3500,0,0,0,0,0,0,0,0
"1410188",3501,0,0,10,0,0,4,0,0
"1410189",3502,0,0,0,0,0,1,0,0
"1410190",3503,0,0,11,0,0,5,0,0
"1410191",3504,0,0,39,0,0,16,0,0
"1410192",3505,0,2,214,0,1,124,0,1
"1410193",3506,1,1,45,0,0,31,0,0
"1410194",3507,1,0,64,0,0,45,0,0
"1410195",3508,1,1,90,1,1,63,1,1
"1410196",3509,1,0,154,0,0,83,2,0
"1410197",3510,1,2,211,0,0,122,2,1
"1410198",3511,0,0,175,0,1,119,0,0
"1410199",3512,0,1,90,0,2,57,0,0
"1410200",3513,0,0,1,0,0,1,0,0
"1410201",3514,1,1,104,0,2,65,1,1
"1410202",3515,0,1,87,0,3,54,0,0
"1410203",3516,0,1,67,0,1,43,0,0
"1410204",3517,0,0,0,0,0,0,0,0
"1410205",3518,0,1,122,0,1,71,0,0
"1410206",3519,0,0,39,0,1,20,0,0
"1410207",3520,0,6,145,0,3,48,3,1
"1410208",3521,0,1,118,0,1,46,1,0
"1410209a",3522,0,0,3,0,0,2,0,0
"1410209b",3523,0,0,0,0,0,0,0,0
"1410210",3524,0,0,0,0,0,0,0,0
"1410211a",3525,0,1,12,0,0,5,0,0
"1410211b",3526,0,0,0,0,0,0,0,0
"1410212",3527,0,0,4,0,0,2,0,0
"1410213",3528,0,0,24,0,0,7,0,0
"1410214",3529,0,0,0,0,0,0,0,0
"1410215",3530,3,5,180,0,2,109,0,0
"1410216",3531,0,0,0,0,0,0,0,0
"1410217",3532,0,0,15,0,0,9,0,0
"1410218",3533,0,0,12,0,0,3,0,0
"1410219",3534,2,2,118,0,0,43,1,2
"1410220",3535,2,2,125,0,1,36,0,0
"1410221",3536,0,0,3,0,0,1,0,0
"1430010",3537,0,0,19,1,0,27,0,0
"1430011",3538,0,0,9,0,0,7,0,0
"1430012",3539,1,0,26,0,1,29,0,0
"1430018",3540,0,0,24,0,0,21,0,0
"1430019",3541,0,1,30,0,0,17,0,1
"1430020",3542,1,1,17,0,1,14,0,0
"1430021",3543,0,0,25,0,0,13,0,0
"1430023",3544,0,0,9,0,0,3,0,0
"1430024",3545,0,1,38,0,0,25,0,0
"1430025",3546,2,0,10,0,0,11,0,0
"1430030",3547,0,0,9,0,1,8,0,0
"1430031",3548,1,0,29,0,0,12,0,0
"1430032",3549,2,0,27,0,0,27,0,0
"1430033",3550,0,0,16,0,0,41,0,0
"1430034",3551,0,0,21,0,1,10,0,0
"1430035",3552,0,0,1,0,0,17,0,0
"1430041",3553,0,0,17,0,0,8,0,0
"1430044",3554,0,0,32,0,1,19,0,0
"1430045",3555,2,0,43,0,1,35,0,0
"1430046",3556,1,0,21,0,0,16,0,0
"1430047",3557,0,0,4,0,0,5,0,0
"1450101",3558,0,0,33,0,0,5,0,0
"1450102",3559,0,0,57,0,0,18,0,0
"1450103",3560,0,0,21,0,0,8,0,0
"1450201",3561,0,0,26,0,0,5,0,0
"1450202",3562,0,0,120,0,1,15,0,0
"1450203",3563,2,1,103,0,1,13,0,0
"1450301",3564,0,0,26,0,0,5,0,0
"1450302",3565,0,1,46,0,0,11,0,0
"1450303",3566,0,0,7,0,1,4,0,0
"1450401",3567,0,0,26,0,1,7,0,0
"1450402",3568,0,0,38,0,0,20,1,0
"1450403",3569,1,0,48,0,0,4,1,0
"1470001",3570,0,0,28,0,1,16,0,0
"1470002",3571,0,0,16,0,1,18,0,0
"1470003",3572,1,0,33,1,0,7,0,1
"1470004",3573,0,0,54,0,0,29,0,0
"1470005",3574,0,0,11,0,0,8,0,0
"1470006",3575,0,0,17,0,0,8,0,0
"1470007",3576,1,0,11,0,0,7,0,0
"1470009",3577,0,0,25,0,0,17,1,0
"1470010",3578,0,1,42,0,1,27,0,0
"1470011",3579,0,0,44,0,1,21,0,0
"1470012",3580,0,0,21,0,0,11,0,0
"1470013",3581,0,0,12,0,0,6,0,0
"1470015",3582,1,0,24,0,0,12,0,0
"1470016",3583,1,0,12,0,0,7,0,0
"1470017",3584,0,1,17,0,0,12,1,0
"1470018",3585,0,1,85,0,3,51,0,0
"1470019",3586,0,0,55,0,1,22,0,0
"1490110",3587,0,0,21,0,0,21,0,0
"1490112",3588,1,0,43,0,0,19,0,0
"1490204",3589,0,1,43,0,0,37,1,0
"1490207",3590,0,1,51,0,1,34,1,0
"1490315",3591,0,0,14,0,0,8,0,0
"1490316",3592,1,2,69,2,2,36,0,0
"1490422",3593,1,0,20,0,0,11,0,0
"1490423",3594,1,0,38,0,0,18,0,0
"1490425",3595,1,0,86,0,1,33,0,0
"149101n",3596,0,0,95,0,2,49,0,2
"149201e",3597,0,0,38,0,0,9,0,0
"149301w",3598,0,0,66,0,0,34,0,0
"1510001",3599,4,0,51,1,7,33,3,0
"1510004",3600,1,5,45,1,2,28,3,0
"1510010a",3601,1,2,52,2,7,44,0,1
"1510010b",3602,0,0,0,0,0,0,0,0
"1510012",3603,0,2,78,1,5,41,4,0
"1530001",3604,0,2,14,0,0,6,0,0
"1530002",3605,0,0,7,0,0,12,0,0
"1530003",3606,0,4,18,0,0,3,0,0
"1530004",3607,0,1,21,0,0,3,0,0
"1550101",3608,2,0,11,0,1,22,1,0
"1550201",3609,5,2,22,2,1,35,5,0
"1550301",3610,2,1,20,3,3,26,4,1
"1550401",3611,1,1,27,0,0,29,4,2
"1571004",3612,0,0,134,0,0,74,0,0
"1571005",3613,0,0,40,0,0,18,0,0
"1571006",3614,0,0,126,0,1,62,0,0
"1571008",3615,0,0,31,0,0,9,0,0
"1571013",3616,0,0,138,0,1,59,0,0
"1571014",3617,0,0,105,0,0,59,0,0
"1571019",3618,0,0,16,0,0,8,0,0
"1571038",3619,0,0,181,0,0,81,1,0
"1571041",3620,0,0,66,0,1,44,0,0
"1571054",3621,0,0,21,0,0,5,0,0
"1571057",3622,0,1,121,0,0,50,1,0
"1571063",3623,0,0,92,0,0,58,0,0
"1571103",3624,0,0,164,0,0,80,0,0
"1571104",3625,0,0,115,0,0,79,0,0
"1571122",3626,0,0,141,0,0,81,0,0
"1571130",3627,0,0,152,0,0,104,0,0
"1571132",3628,0,0,175,0,0,108,0,0
"1571133",3629,0,0,125,0,0,75,0,1
"1571142",3630,0,1,146,0,2,76,0,0
"1571143",3631,0,0,213,0,0,109,0,0
"1571144",3632,0,0,182,0,2,76,0,0
"1571145",3633,0,0,65,0,0,55,0,0
"1571146",3634,0,0,135,0,0,78,1,0
"1571148a",3635,0,0,123,0,1,58,0,0
"1571148b",3636,0,0,0,0,0,0,0,0
"1571149",3637,0,0,116,0,0,80,0,0
"1571156",3638,0,0,78,0,0,41,0,0
"1571159",3639,0,0,109,0,0,49,0,0
"1571160",3640,0,1,74,0,1,40,0,0
"1571165",3641,0,0,70,0,0,33,0,0
"1572003",3642,0,1,209,1,1,45,0,0
"1572007",3643,0,1,362,1,0,141,0,0
"1572009",3644,0,0,170,0,0,61,0,0
"1572010",3645,0,1,111,0,0,36,0,0
"1572017",3646,1,0,564,0,0,91,1,0
"1572018",3647,0,0,27,0,0,23,0,0
"1572021",3648,0,0,17,0,0,13,0,0
"1572023",3649,0,0,331,0,1,50,1,1
"1572028",3650,1,1,257,0,2,76,0,0
"1572030",3651,0,1,246,0,0,92,0,0
"1572031",3652,0,1,579,0,1,92,1,3
"1572033",3653,0,0,196,0,0,42,0,0
"1572034",3654,1,0,502,0,1,126,1,0
"1572036",3655,0,0,236,0,0,36,1,1
"1572050",3656,0,0,720,1,0,121,1,0
"1572051",3657,0,0,551,1,1,91,2,0
"1572052",3658,1,1,541,0,1,87,0,0
"1572055",3659,0,0,195,0,0,28,0,0
"1572056",3660,0,0,73,0,1,15,0,0
"1572058",3661,0,0,50,0,0,14,0,0
"1572059",3662,1,0,497,0,0,81,0,0
"1572061",3663,0,0,196,0,0,67,1,0
"1572068",3664,0,0,10,0,0,5,0,0
"1572070",3665,0,0,96,0,0,41,0,0
"1572075",3666,0,1,328,0,0,56,0,0
"1572077",3667,0,1,388,0,0,57,0,1
"1572081",3668,0,0,131,0,0,28,0,0
"1572085",3669,0,0,175,0,1,69,1,0
"1572087",3670,0,0,109,0,0,34,0,0
"1572088",3671,0,1,168,0,1,54,0,0
"1572089",3672,0,0,233,0,0,49,0,0
"1572090",3673,0,0,70,0,0,23,0,0
"1572091",3674,0,0,92,0,0,29,1,0
"1572094",3675,0,0,1,0,0,0,0,0
"1572097",3676,0,0,322,0,1,128,0,1
"1572108",3677,1,0,692,0,0,160,0,0
"1572109",3678,0,0,76,0,0,19,0,0
"1572114",3679,1,1,714,0,0,117,1,2
"1572115",3680,0,0,225,0,0,56,0,1
"1572116",3681,0,1,555,0,0,73,0,0
"1572118",3682,0,0,354,0,0,97,0,0
"1572120",3683,0,0,160,0,1,76,0,0
"1572123",3684,0,0,326,0,0,48,0,0
"1572128",3685,0,0,162,0,0,56,0,0
"1572134",3686,0,0,303,0,0,82,0,0
"1572136",3687,0,0,66,0,0,12,0,0
"1572151",3688,0,0,260,0,0,52,0,0
"1572152",3689,0,1,76,0,0,16,1,0
"1572153",3690,0,2,370,0,0,64,2,2
"1572161",3691,0,0,20,0,0,7,0,0
"1572171",3692,0,0,146,0,0,50,0,0
"1573011",3693,1,0,99,0,0,21,0,0
"1573016",3694,0,0,228,0,1,111,1,0
"1573020",3695,0,0,110,0,1,74,0,0
"1573022",3696,0,0,203,0,2,122,0,0
"1573027",3697,0,0,2,0,0,1,0,0
"1573029",3698,1,1,73,0,0,49,0,0
"1573035",3699,0,0,81,0,0,56,0,0
"1573042",3700,0,0,34,0,0,21,0,0
"1573043",3701,0,0,76,0,0,22,0,1
"1573044",3702,0,1,164,0,0,56,0,0
"1573045",3703,0,1,120,0,0,72,0,0
"1573046",3704,0,1,166,0,1,99,0,0
"1573047",3705,0,0,41,0,0,17,0,0
"1573049",3706,0,0,407,0,1,100,0,1
"1573053",3707,0,0,0,0,0,0,0,0
"1573060",3708,0,0,278,0,0,72,1,0
"1573062",3709,0,0,374,0,1,101,1,0
"1573064",3710,0,0,174,0,0,89,0,0
"1573065a",3711,0,0,318,0,3,137,0,0
"1573065b",3712,0,0,0,0,0,0,0,0
"1573071",3713,0,0,23,0,0,13,0,0
"1573078",3714,0,0,54,0,0,16,0,0
"1573079",3715,0,0,20,0,0,10,0,0
"1573080",3716,0,0,49,0,0,22,0,0
"1573084",3717,0,0,92,0,0,38,0,0
"1573086",3718,0,0,99,0,1,71,0,0
"1573092",3719,0,0,96,0,1,30,0,0
"1573093",3720,0,0,61,0,0,8,0,0
"1573096",3721,0,0,176,0,1,102,1,1
"1573098",3722,0,0,159,0,1,79,0,0
"1573102",3723,0,0,151,0,0,57,0,0
"1573105",3724,0,0,22,0,0,8,0,0
"1573107",3725,1,0,112,0,0,48,0,0
"1573110",3726,0,1,142,2,0,65,1,0
"1573111",3727,0,0,70,0,0,50,0,0
"1573112",3728,0,2,32,0,0,2,0,0
"1573119",3729,0,0,133,0,0,65,1,0
"1573121",3730,0,0,35,0,0,23,0,0
"1573125",3731,0,1,260,0,0,125,0,0
"1573126",3732,0,0,41,0,0,21,0,0
"1573127a",3733,0,0,258,0,0,110,0,0
"1573127b",3734,0,0,1,0,0,0,0,0
"1573129",3735,0,0,245,0,1,116,0,0
"1573131a",3736,0,0,65,0,0,21,0,0
"1573131b",3737,0,0,0,0,0,0,0,0
"1573135",3738,0,0,377,0,3,190,0,0
"1573137",3739,0,0,43,0,0,12,0,0
"1573138",3740,0,0,55,0,0,11,0,0
"1573139",3741,0,0,33,0,0,20,0,0
"1573140",3742,0,0,197,1,0,87,2,1
"1573147",3743,0,1,93,0,0,41,0,0
"1573155",3744,0,1,206,1,0,104,1,0
"1573157",3745,0,0,60,0,0,21,0,0
"1573158",3746,0,0,63,0,1,30,0,0
"1573166",3747,0,0,4,0,0,2,0,0
"1573168",3748,0,0,24,0,0,9,0,0
"1573169",3749,0,0,30,0,0,14,0,0
"1573172",3750,0,0,120,0,0,40,0,0
"1573174",3751,0,0,86,0,0,40,0,0
"1573175",3752,0,1,158,0,1,47,0,0
"1574001",3753,0,0,136,0,0,42,0,1
"1574002",3754,0,0,125,0,0,19,0,0
"1574012",3755,0,0,156,0,0,35,1,0
"1574015",3756,0,0,46,0,0,9,0,0
"1574024",3757,0,0,10,0,0,5,0,0
"1574025",3758,0,0,153,0,0,60,0,0
"1574026",3759,0,0,191,0,0,92,1,0
"1574032",3760,0,1,89,0,0,31,0,0
"1574037",3761,0,1,166,1,1,38,1,0
"1574039",3762,0,0,75,0,0,43,0,0
"1574040",3763,1,2,174,0,0,26,0,0
"1574048",3764,0,2,121,0,2,27,0,4
"1574066",3765,0,0,424,0,1,93,0,0
"1574067",3766,0,0,185,0,0,65,0,2
"1574069",3767,0,0,173,0,0,79,0,0
"1574072",3768,0,0,1,0,0,1,0,0
"1574073a",3769,0,0,55,0,0,22,0,0
"1574073b",3770,0,0,0,0,0,0,0,0
"1574074",3771,0,1,228,0,0,79,0,0
"1574076",3772,0,0,226,0,0,108,1,0
"1574082",3773,0,0,260,1,0,112,1,1
"1574083",3774,0,0,276,0,1,99,0,1
"1574095",3775,0,0,84,0,0,36,0,0
"1574099",3776,0,1,252,0,0,92,0,1
"1574100",3777,0,0,246,0,1,55,0,0
"1574101",3778,0,1,299,0,0,98,0,0
"1574106",3779,0,0,280,0,0,105,0,1
"1574113",3780,0,0,363,1,0,94,1,0
"1574117",3781,0,0,48,0,0,23,0,0
"1574124",3782,0,0,170,0,0,101,0,0
"1574141",3783,0,0,86,0,0,25,0,0
"1574150",3784,0,0,374,0,0,168,0,0
"1574154",3785,1,1,97,0,0,36,0,1
"1574162",3786,0,0,20,0,0,8,0,0
"1574163",3787,0,0,96,0,0,47,0,0
"1574164",3788,0,0,106,0,0,47,0,0
"1574167",3789,0,0,1,0,0,0,0,0
"1574170",3790,0,0,4,0,0,3,0,0
"1574173",3791,0,1,58,0,0,28,0,0
"1590101",3792,1,0,26,0,0,14,0,0
"1590102",3793,0,0,8,0,0,1,0,0
"1590201",3794,0,1,8,0,1,7,0,0
"1590202",3795,0,0,40,1,0,15,0,0
"1590301",3796,0,0,16,0,0,10,0,0
"1590302",3797,0,0,24,0,0,4,0,0
"1590401",3798,0,0,27,0,0,14,0,0
"1590402",3799,1,0,15,0,0,8,0,0
"1610001",3800,0,0,54,0,1,16,2,0
"1610002",3801,0,0,50,0,0,9,0,1
"1610003",3802,0,0,3,0,0,2,0,0
"1610004a",3803,0,0,10,0,0,0,1,0
"1610004b",3804,0,0,1,0,0,0,0,0
"1610005a",3805,0,0,71,0,0,18,0,0
"1610005b",3806,0,0,37,0,1,8,0,0
"1610006a",3807,0,0,13,0,0,2,0,0
"1610006b",3808,0,0,1,0,0,0,0,0
"1610006c",3809,0,0,0,0,0,0,0,0
"1610007a",3810,0,0,24,0,0,14,1,0
"1610007b",3811,0,0,1,0,0,1,0,0
"1610008",3812,0,0,17,0,0,4,0,0
"1610009a",3813,0,0,4,0,0,1,0,0
"1610009b",3814,0,0,6,0,0,3,0,0
"1610009c",3815,0,0,0,0,0,0,0,0
"1610010",3816,0,0,2,1,3,2,0,1
"1610011a",3817,0,0,30,0,0,6,0,0
"1610011b",3818,0,0,22,0,0,6,0,0
"1610011c",3819,0,0,0,0,0,0,0,0
"1610013",3820,0,0,28,1,0,6,0,0
"1610015",3821,0,0,8,0,0,4,0,0
"1630001",3822,10,23,328,5,8,119,5,4
"1630002",3823,7,14,309,4,7,69,2,0
"1630003",3824,2,17,282,1,2,50,1,0
"1630004",3825,5,16,220,2,6,123,10,5
"1630005",3826,0,0,51,0,6,31,1,0
"1630006",3827,0,3,57,0,0,24,2,2
"1630008",3828,3,23,346,2,14,117,11,3
"1630009",3829,2,13,177,0,2,53,2,0
"1630010",3830,1,5,94,1,2,44,2,2
"1650002",3831,1,0,24,0,0,10,0,0
"1650003",3832,0,0,12,0,0,13,0,0
"1650004",3833,1,1,14,2,1,9,0,0
"1650005",3834,0,0,2,0,0,1,0,0
"1650006",3835,0,0,2,0,0,0,0,0
"1650008",3836,1,4,28,1,1,26,0,0
"1650009",3837,0,0,9,0,0,0,0,0
"1670137",3838,0,0,55,0,0,41,0,0
"1670142",3839,0,2,246,0,2,73,2,0
"1670143",3840,0,4,113,0,1,36,2,0
"1670144",3841,0,0,81,0,0,50,0,0
"1670146",3842,1,2,151,1,5,75,1,1
"1670148",3843,1,2,160,0,2,71,1,0
"1670150",3844,0,1,104,1,4,58,0,0
"1670151",3845,0,1,96,0,2,58,0,0
"1670152",3846,0,0,56,0,0,42,0,0
"1670159",3847,0,3,145,0,1,69,0,0
"1670165",3848,0,0,48,0,0,24,0,0
"1670166",3849,0,0,98,0,0,78,1,0
"1670167",3850,0,0,89,0,1,66,0,0
"1670168",3851,0,0,0,0,0,0,0,0
"1670172",3852,0,0,30,0,1,7,0,1
"1670173",3853,0,0,29,0,0,18,0,0
"1670185",3854,0,0,70,0,0,59,0,0
"1670191",3855,0,0,114,0,0,88,0,0
"1670193",3856,1,0,97,1,1,49,0,0
"1670196",3857,0,0,150,0,0,11,0,0
"1670197",3858,0,0,21,0,0,11,1,0
"1670202",3859,0,0,78,0,0,68,0,0
"1670203",3860,0,2,22,0,0,19,0,0
"1670204",3861,0,0,24,1,0,11,0,0
"1670206",3862,0,0,223,0,0,194,2,0
"1670211",3863,1,0,99,0,0,41,1,0
"1670214",3864,1,1,438,0,2,132,1,1
"1670215",3865,1,1,331,0,4,146,1,1
"1670216",3866,0,3,172,0,1,59,2,0
"1670218",3867,0,1,247,0,0,116,2,0
"1670221",3868,1,0,68,0,1,58,0,0
"1670223",3869,0,1,174,0,1,94,0,0
"1670224",3870,1,2,218,1,4,101,0,0
"1670225",3871,0,0,102,0,1,24,0,0
"1670226",3872,0,0,104,0,1,28,0,0
"1670227",3873,1,2,78,0,1,32,0,0
"1670230",3874,1,2,250,0,1,47,1,1
"1670245",3875,0,0,95,0,0,19,0,0
"1670274",3876,0,0,27,0,0,21,0,0
"1670275",3877,0,0,10,0,0,4,0,0
"1670276",3878,0,1,129,0,0,67,0,0
"1670277",3879,1,1,54,0,1,35,0,0
"1670278",3880,0,0,75,0,2,56,0,0
"1670333",3881,1,1,95,1,1,64,0,0
"1670340",3882,0,0,72,0,0,11,0,0
"1670341",3883,0,0,58,0,0,23,0,0
"1670353",3884,0,0,120,1,4,94,0,0
"1670354",3885,0,0,183,0,0,110,0,0
"1670355",3886,0,2,106,0,0,63,0,0
"1670356",3887,0,1,96,0,0,73,0,0
"1670357",3888,0,0,114,0,1,80,0,0
"1670363",3889,0,0,79,0,0,50,0,0
"1670364",3890,0,0,94,1,1,67,0,0
"1670370",3891,0,0,99,0,1,46,0,0
"1670371",3892,0,0,106,0,1,47,0,0
"1670384",3893,0,0,29,0,0,18,0,0
"1670386",3894,0,1,53,0,0,35,0,0
"1670387",3895,1,0,101,0,0,48,0,0
"1670388",3896,0,0,121,1,1,81,0,0
"1670389",3897,0,0,63,0,1,7,1,0
"1670390",3898,0,0,113,0,0,67,0,1
"1670392",3899,0,0,24,0,0,17,0,0
"1670398",3900,0,0,28,0,0,9,0,0
"1670399",3901,1,0,16,0,0,4,0,1
"1670401",3902,0,0,32,0,0,20,0,0
"1670412",3903,0,0,0,0,0,0,0,0
"1670419",3904,0,0,114,0,0,28,0,0
"1670420",3905,1,1,90,0,0,38,0,0
"1670422",3906,0,0,39,0,0,16,0,0
"1670428",3907,0,1,71,0,0,50,0,0
"1670429",3908,0,0,60,0,0,26,0,0
"1670431",3909,0,0,399,0,1,50,1,2
"1670432",3910,0,1,155,0,0,45,0,0
"1670434",3911,1,1,164,0,1,19,0,0
"1670435",3912,0,0,77,0,0,24,0,0
"1670436",3913,0,2,502,1,2,44,1,0
"1670438",3914,2,2,334,0,2,84,1,0
"1670439",3915,0,0,154,0,0,86,1,1
"1670458",3916,0,1,31,0,0,15,0,0
"1670460",3917,0,1,88,0,0,51,0,0
"1670461",3918,0,0,82,1,0,80,0,0
"1670462",3919,1,1,47,0,1,36,0,0
"1670479",3920,0,1,19,0,0,17,0,0
"1670480",3921,0,0,8,0,0,3,0,0
"1670481",3922,0,0,2,0,0,5,0,0
"1670482",3923,0,0,4,0,0,3,0,0
"1670483",3924,0,1,156,0,1,76,0,0
"1670492",3925,0,0,50,0,0,24,0,0
"1670495",3926,0,0,35,0,0,24,0,0
"1672301",3927,0,0,1,0,0,0,0,0
"1672321",3928,0,0,0,0,0,1,0,0
"1672323",3929,0,0,11,0,0,4,0,0
"1674191",3930,0,0,0,0,0,0,0,0
"1674322",3931,0,0,0,0,0,0,0,0
"1674391",3932,0,0,0,0,0,2,0,0
"1674801",3933,0,0,0,0,0,0,0,0
"1690001",3934,0,0,6,0,1,5,0,0
"1690002",3935,1,1,6,0,0,7,0,0
"1690003",3936,0,0,11,0,0,3,1,0
"1690004",3937,0,0,7,0,1,4,0,0
"1690005",3938,0,0,2,0,0,1,0,0
"1690006",3939,0,0,3,0,0,2,0,0
"1710001",3940,0,0,52,0,0,30,0,0
"1710002",3941,0,0,32,0,0,37,0,0
"1710003",3942,0,0,28,0,0,23,1,0
"1710004",3943,0,0,100,0,0,59,0,0
"1710005",3944,0,0,45,0,1,26,0,0
"1710006",3945,0,0,14,0,0,6,0,0
"1710007",3946,0,0,56,0,0,35,0,0
"1710008",3947,0,0,7,0,0,4,0,0
"1710009",3948,0,0,1,0,0,0,0,0
"1710010",3949,0,0,21,0,0,14,0,0
"1710012",3950,0,1,60,0,0,28,0,0
"1710013",3951,0,0,42,0,0,32,0,0
"1710015",3952,0,0,35,0,0,20,0,0
"1730001",3953,0,0,0,0,0,0,0,0
"1730002",3954,0,0,2,0,0,1,0,0
"1730003",3955,0,0,0,0,0,2,0,0
"1730004",3956,0,0,2,0,0,1,0,0
"1750011",3957,1,12,153,0,2,52,3,2
"1750012",3958,0,1,7,0,0,2,0,0
"1750021",3959,1,6,103,0,2,50,5,1
"1750022",3960,0,0,49,0,0,10,2,0
"1750031",3961,1,2,30,1,1,13,0,0
"1750032",3962,0,0,10,0,0,2,0,0
"1750041",3963,0,1,14,0,0,8,0,0
"1750042",3964,1,0,13,0,1,14,0,0
"1750043",3965,0,0,11,0,0,3,1,0
"1770001",3966,0,0,65,0,0,27,0,0
"1770002",3967,1,1,64,0,0,23,1,0
"1770003",3968,1,3,55,0,1,20,1,0
"1770005",3969,0,0,24,0,0,11,0,0
"1770007",3970,0,0,5,0,1,3,0,0
"1770008",3971,0,0,7,0,0,7,0,0
"1770009",3972,0,0,56,0,0,6,0,0
"1770010",3973,0,0,7,0,0,5,0,0
"1770011",3974,0,0,2,0,0,1,0,0
"1770012",3975,1,0,5,0,0,2,0,0
"1770013",3976,0,0,12,0,0,1,0,0
"1770014",3977,0,0,2,0,0,2,0,0
"1770015",3978,1,0,9,0,0,4,0,0
"17704/6",3979,0,0,55,0,0,8,0,0
"1790001",3980,0,0,0,0,0,0,0,0
"1790002",3981,0,0,20,0,1,22,0,1
"1790003",3982,0,0,0,0,0,0,0,0
"1790004",3983,0,0,4,0,0,2,0,0
"1790005",3984,0,0,37,0,1,29,0,0
"1790006",3985,0,0,28,0,0,22,1,0
"1790007",3986,2,0,22,0,3,11,0,0
"1810101",3987,0,0,68,0,0,40,0,0
"1810102",3988,0,0,99,0,1,144,1,0
"1810103",3989,0,0,73,0,0,51,0,0
"1810104",3990,0,0,24,0,0,18,0,0
"1810105",3991,0,0,15,0,0,17,0,0
"1810106",3992,1,0,36,0,0,62,1,0
"1810107",3993,0,0,31,0,1,45,0,0
"1810108",3994,0,0,30,0,0,23,0,0
"1810109",3995,1,0,71,0,1,46,0,0
"1810201",3996,0,0,105,0,0,89,0,0
"1810202",3997,0,2,83,0,1,90,2,0
"1810203",3998,0,0,39,0,0,16,0,0
"1810204",3999,0,0,1,0,0,0,0,0
"1810205",4000,0,0,58,0,0,66,0,0
"1810206",4001,0,1,50,1,0,34,0,0
"1810207",4002,0,0,21,0,0,8,0,0
"1810208",4003,1,1,28,0,0,25,1,1
"1810209",4004,1,0,20,0,0,24,0,0
"1810210",4005,0,0,27,1,0,30,0,0
"1810301",4006,0,0,89,0,0,69,0,0
"1810302",4007,1,0,113,1,0,88,0,1
"1810303",4008,0,0,9,0,0,4,0,0
"1810304",4009,1,0,100,0,2,102,0,1
"1810305",4010,0,0,29,0,0,25,0,0
"1810306",4011,0,0,56,0,0,62,1,0
"1810307",4012,1,2,37,1,1,24,1,0
"1810308",4013,0,0,18,0,0,9,0,0
"1810309",4014,0,0,24,0,0,13,0,0
"1810310",4015,0,0,5,0,0,4,0,0
"1810401",4016,0,1,100,0,1,35,1,0
"1810402",4017,0,0,83,1,0,77,0,1
"1810403",4018,2,0,72,0,0,50,0,0
"1810404",4019,0,0,80,0,0,86,0,0
"1810405",4020,0,0,18,0,0,18,0,0
"1810406",4021,0,1,44,0,1,39,1,0
"1810407",4022,0,0,5,0,0,6,0,0
"1810408",4023,0,0,8,0,0,19,0,0
"1810409",4024,0,0,61,0,0,57,0,1
"1810410",4025,0,0,62,0,0,45,1,0
"1810411",4026,0,0,2,0,0,3,0,0
"1810412",4027,0,0,46,0,0,24,0,0
"1830001",4028,0,1,64,1,0,20,0,0
"1830002",4029,0,0,137,0,2,40,2,0
"1830003",4030,0,1,67,0,0,28,0,0
"1830004",4031,0,0,102,0,1,28,0,0
"1830005",4032,0,1,91,0,0,40,0,0
"1830006",4033,0,0,45,0,0,15,0,1
"1830007",4034,0,0,65,0,1,30,0,0
"1830008",4035,0,0,114,0,0,78,0,0
"1830009",4036,0,0,120,1,1,60,0,0
"1830010",4037,0,2,129,0,0,73,0,0
"1830011",4038,1,0,101,0,0,51,0,0
"1830012",4039,0,0,68,0,0,35,0,0
"1830013",4040,0,2,61,0,0,28,1,1
"1830014",4041,0,1,124,0,1,26,0,0
"1830015",4042,0,2,58,0,0,17,1,0
"1830016",4043,0,2,77,0,0,38,0,0
"1830017",4044,0,0,80,0,0,13,0,0
"1830018",4045,1,2,479,0,0,78,0,0
"1830019",4046,0,2,679,1,2,66,4,0
"1830020",4047,1,1,356,2,1,70,0,2
"1830021",4048,0,1,406,0,2,77,2,0
"1850001",4049,0,0,55,1,1,16,1,0
"1850002",4050,0,0,9,0,0,11,0,0
"1850003",4051,1,0,177,0,1,24,0,0
"1850004",4052,0,0,21,0,0,9,0,0
"1850005",4053,0,0,53,0,0,20,0,0
"1850006",4054,0,0,99,1,0,23,0,0
"1850007",4055,0,1,35,0,0,14,0,0
"1850008",4056,0,0,23,0,1,3,0,0
"1850009",4057,0,0,9,0,2,3,0,0
"1850010",4058,0,0,23,0,0,12,0,0
"1850012",4059,0,0,40,0,1,10,0,1
"1850014",4060,0,0,18,0,1,34,0,0
"1850015",4061,0,0,22,0,0,22,0,0
"1870102",4062,0,0,40,0,0,26,0,1
"1870103",4063,0,1,24,0,0,7,0,0
"1870104",4064,0,1,47,0,0,19,0,0
"1870105",4065,0,0,84,0,0,44,1,0
"1870106",4066,0,2,119,0,2,54,0,0
"1870107",4067,0,0,30,0,0,22,0,0
"1870109",4068,0,0,14,0,0,4,0,0
"1870110",4069,0,0,24,0,0,3,0,0
"1870112",4070,0,0,3,0,0,36,0,0
"1870113",4071,1,0,32,0,0,22,0,1
"1870114",4072,0,0,29,0,0,16,0,0
"1870115",4073,0,0,5,0,0,4,0,0
"1870116",4074,0,0,78,0,0,39,0,0
"1870117",4075,0,1,31,1,0,18,0,0
"1870119",4076,0,0,56,0,2,30,0,0
"1870120",4077,0,1,22,0,0,16,0,1
"1870123",4078,0,0,0,0,0,3,0,0
"1870124",4079,0,0,0,0,0,0,0,0
"1870125",4080,0,0,4,0,0,5,0,1
"1870126",4081,0,0,5,0,0,0,0,0
"1870127",4082,0,0,0,0,0,1,0,0
"1870128",4083,0,0,63,0,0,42,0,0
"1870129",4084,0,0,63,0,0,49,0,0
"1870201",4085,0,0,24,0,1,8,0,0
"1870202",4086,1,1,82,0,0,35,0,0
"1870203",4087,0,0,27,0,0,9,0,0
"1870204",4088,1,0,95,0,1,40,0,0
"1870205",4089,0,0,28,0,0,18,0,0
"1870206",4090,0,3,98,1,1,77,0,0
"1870207",4091,0,2,76,0,0,22,1,0
"1870208",4092,0,1,73,0,0,39,0,0
"1870209",4093,0,0,66,0,0,19,2,1
"1870210",4094,1,1,65,0,0,28,0,0
"1870211",4095,0,0,11,0,0,2,0,0
"1870212",4096,0,0,20,0,0,4,0,0
"1870213",4097,0,0,25,0,0,25,0,0
"1870214",4098,0,0,18,0,1,8,0,0
"1870215",4099,0,0,15,0,0,13,0,0
"1870216",4100,0,0,4,0,0,0,0,0
"1870217",4101,0,0,4,0,0,1,0,0
"1870218",4102,0,0,5,0,0,2,0,0
"1870219",4103,0,0,0,0,0,1,0,0
"1870220",4104,0,0,7,0,0,1,0,0
"1870221",4105,0,0,2,0,0,0,0,0
"1870222",4106,0,0,0,0,0,0,0,0
"1870223",4107,0,0,17,0,0,14,0,0
"1870224",4108,0,0,13,0,0,7,0,0
"1870225",4109,0,0,3,0,0,2,0,0
"1870226",4110,0,0,11,0,0,7,0,0
"1870227",4111,1,0,21,0,0,16,0,0
"1870228",4112,0,1,44,0,0,37,0,1
"1870229",4113,0,0,12,0,0,4,0,1
"1870230",4114,0,0,4,0,0,2,0,0
"1870231",4115,0,0,6,0,0,3,0,0
"1870232",4116,0,0,4,0,0,0,0,0
"1870303",4117,0,0,86,1,0,41,0,1
"1870304",4118,0,0,188,0,0,106,0,0
"1870305",4119,0,0,162,3,1,109,0,1
"1870306",4120,0,0,249,0,0,102,0,0
"1870307",4121,0,0,250,0,0,108,0,0
"1870308",4122,1,0,107,1,0,58,1,1
"1870309",4123,0,1,126,0,1,61,0,1
"1870310",4124,0,0,83,1,0,55,1,0
"1870311",4125,0,0,123,0,0,70,0,0
"1870401",4126,1,1,45,0,0,23,0,0
"1870404",4127,0,0,126,0,1,64,0,1
"1870405",4128,0,0,34,1,1,25,0,2
"1870406",4129,0,0,20,0,0,12,0,0
"1870407",4130,1,0,41,0,0,15,0,0
"1870408",4131,0,1,41,0,0,29,1,0
"1870409",4132,0,0,96,0,0,40,0,1
"1870410",4133,0,0,1,0,0,4,0,0
"1870412",4134,0,0,108,0,1,52,0,1
"1870413",4135,1,0,12,0,0,10,0,0
"1870414",4136,0,0,83,0,0,52,0,0
"1870415",4137,0,0,159,0,0,127,1,0
"1890101",4138,0,2,9,0,0,6,0,0
"1890102",4139,0,0,2,0,0,1,0,0
"1890103",4140,0,1,10,0,0,5,0,0
"1890104",4141,0,2,18,0,0,5,0,0
"1890105",4142,0,0,3,1,1,3,0,0
"1890108",4143,0,0,1,0,0,1,0,0
"1890110",4144,0,2,3,0,0,5,0,0
"1890111",4145,1,0,9,0,0,7,0,0
"1890112",4146,0,0,5,0,0,5,0,0
"1890202",4147,0,1,5,0,0,3,0,0
"1890203",4148,0,0,18,2,0,4,0,0
"1890204",4149,0,2,20,0,0,9,0,0
"1890205",4150,1,0,9,0,0,6,0,0
"1890206",4151,0,0,2,0,0,1,0,0
"1890213",4152,0,1,4,1,0,3,0,0
"1890214",4153,0,2,18,0,0,15,0,0
"1890215",4154,0,0,5,1,0,4,0,0
"1890304",4155,0,0,19,1,0,10,0,0
"1890305",4156,0,0,13,0,0,13,0,0
"1890306",4157,0,0,7,0,0,0,0,0
"1890307",4158,0,1,7,0,0,4,0,0
"1890316",4159,0,0,33,0,0,6,1,0
"1890317",4160,0,0,4,0,0,0,0,0
"1890318",4161,0,0,13,0,0,18,1,0
"1890406",4162,0,1,15,0,0,7,0,0
"1890407",4163,1,0,30,1,0,14,0,0
"1890408",4164,1,0,11,0,0,5,0,0
"1890409",4165,0,0,15,0,0,15,0,0
"1890419",4166,0,0,0,0,0,0,0,0
"1890420",4167,0,0,4,0,0,1,0,0
"1910101",4168,0,0,7,0,1,6,0,0
"1910201",4169,0,0,11,0,0,5,0,0
"1910202",4170,1,0,13,0,2,7,0,0
"1910301",4171,0,0,4,0,0,0,0,0
"1910302",4172,0,1,8,0,1,6,0,0
"1910401",4173,0,0,8,0,0,3,0,0
"1910402",4174,0,1,12,0,0,1,0,0
"1930001",4175,0,0,19,0,0,12,0,0
"1930004",4176,0,0,4,0,0,3,0,0
"1930005",4177,0,0,2,0,0,2,0,0
"1930007",4178,0,2,34,0,1,18,0,0
"1930009",4179,0,0,3,0,0,2,0,0
"1930012",4180,0,0,3,0,0,2,0,0
"1930014",4181,1,0,2,0,0,2,0,0
"1930015",4182,0,0,5,0,0,4,0,0
"1930017",4183,0,0,1,0,0,1,0,0
"1930022",4184,0,0,19,0,1,18,0,0
"1930023",4185,0,1,26,0,1,20,0,0
"1950001",4186,0,0,1,0,0,0,0,0
"1950002",4187,0,0,0,0,0,0,0,0
"1950003",4188,1,1,3,0,0,4,0,0
"1950004",4189,0,0,0,0,0,3,0,0
"1950005",4190,0,0,9,0,0,2,0,0
"1950006",4191,0,0,8,0,1,3,0,0
"1950007",4192,0,0,0,0,0,0,0,0
"1950009",4193,0,0,0,0,0,0,0,0
"1970001",4194,0,1,12,0,2,20,1,0
"1970002",4195,0,0,13,0,0,13,0,0
"1970003",4196,2,1,23,1,7,35,1,0
"1970004",4197,0,0,23,0,3,20,2,0
"1990001",4198,0,0,55,0,1,21,1,0
"1990002",4199,2,1,72,0,1,53,0,0
"1990003",4200,0,0,3,0,0,3,0,0
"1990004",4201,1,0,18,0,0,6,0,0
"1990005",4202,0,0,2,0,0,2,0,0
"1990006",4203,0,0,49,1,0,41,0,1
"1990007",4204,0,0,9,0,0,4,1,0
"1990008",4205,0,0,13,0,1,13,0,0
"1990009",4206,1,0,70,0,0,30,0,1
"1990010",4207,0,0,76,0,1,16,0,0
"1990011",4208,0,0,38,0,1,22,0,0
"1990012",4209,0,0,22,1,0,8,0,0
"1990013",4210,0,0,23,0,1,24,1,0
"1990014",4211,0,0,22,0,0,20,0,0
"1990015",4212,2,0,43,0,1,14,0,0
"1990016",4213,1,1,22,0,0,24,0,0
"1990017",4214,0,0,11,0,1,13,0,0
"1990018",4215,0,0,53,0,2,62,1,0
"1990019",4216,0,0,24,0,0,22,0,0
"2010001",4217,0,0,143,0,0,86,0,0
"2010002",4218,0,1,312,0,0,218,0,0
"2010003",4219,0,0,330,0,0,209,0,0
"2010004",4220,0,0,302,0,0,116,1,0
"2010005",4221,0,0,251,0,0,143,0,0
"2010006",4222,2,1,219,0,0,110,0,0
"2010007",4223,0,0,179,1,0,19,1,2
"2010008",4224,0,1,146,1,0,98,0,0
"2010009",4225,0,4,166,1,0,112,0,0
"2010010",4226,1,2,239,0,0,101,3,0
"2010011",4227,0,3,192,0,2,79,0,1
"2010012",4228,0,2,27,0,0,15,0,0
"2010013",4229,0,1,102,2,0,46,0,0
"2010014",4230,0,1,211,1,0,114,0,0
"2010015",4231,0,0,307,0,4,75,0,0
"2010016",4232,0,0,103,0,0,63,0,0
"2010017",4233,0,0,123,0,1,59,0,1
"2010018",4234,0,0,176,0,0,82,0,0
"2010019",4235,0,0,121,0,0,88,0,0
"2010020",4236,0,0,204,0,2,133,0,0
"2010021",4237,0,0,111,1,0,86,0,0
"2010022",4238,0,0,271,0,1,66,2,0
"2010023",4239,0,0,16,1,0,12,0,0
"2010024",4240,0,0,88,0,0,28,0,0
"2010025",4241,0,1,133,0,0,33,0,0
"2010026",4242,0,7,231,1,1,187,0,0
"2010027",4243,0,10,404,0,1,288,0,2
"2010028",4244,1,1,185,1,1,63,2,0
"2010029",4245,0,1,125,1,0,49,0,2
"2010030",4246,1,0,309,0,2,137,0,1
"2010031",4247,0,1,351,1,0,36,0,0
"2010032",4248,0,0,186,0,1,139,0,0
"2010033",4249,1,1,446,0,1,291,0,0
"2010034",4250,0,1,354,0,1,302,0,0
"2010035",4251,0,0,29,0,0,15,0,0
"2010036",4252,2,2,310,1,1,71,0,0
"2010037",4253,0,0,333,0,0,221,0,0
"2010038",4254,0,0,391,0,0,254,1,0
"2010039",4255,0,0,393,0,1,307,0,0
"2010040",4256,0,0,76,0,0,23,0,0
"2010041",4257,0,0,79,0,0,41,0,0
"2010042",4258,0,0,175,2,0,24,1,1
"2010043",4259,0,2,131,0,0,86,0,0
"2010044",4260,0,3,183,0,1,94,0,0
"2010045a",4261,0,0,197,0,0,55,2,1
"2010045b",4262,0,0,0,0,0,0,0,0
"2010046",4263,0,3,242,0,2,113,2,4
"2010047",4264,0,0,218,2,0,43,1,0
"2010048",4265,0,1,148,0,0,27,0,2
"2010049",4266,0,0,45,0,0,29,0,0
"2010050",4267,0,0,191,0,1,106,0,0
"2010051",4268,0,0,47,0,0,34,0,0
"2010052",4269,0,0,200,0,2,136,0,1
"2010053",4270,1,0,253,0,0,153,0,0
"2010054",4271,0,0,149,0,0,83,0,0
"2010055",4272,1,0,122,0,0,97,0,0
"2010056",4273,1,0,68,0,0,52,0,1
"2010057",4274,0,2,468,0,1,256,1,0
"2010058",4275,0,0,174,0,0,101,0,0
"2010059",4276,0,2,308,0,2,191,0,0
"2010060",4277,0,0,346,0,0,347,0,0
"2010061",4278,0,0,115,1,1,37,1,0
"2010062",4279,2,2,226,0,4,87,2,0
"2010063",4280,0,1,50,0,0,21,2,0
"2010064",4281,1,8,178,3,0,63,0,0
"2010065",4282,0,3,224,1,0,77,2,0
"2010066",4283,0,0,126,0,0,27,0,1
"2010067",4284,0,8,241,1,2,93,1,1
"2010068",4285,0,0,481,3,1,71,3,2
"2010069",4286,0,0,97,0,0,27,0,0
"2010070",4287,0,0,287,0,1,113,0,0
"2010071",4288,0,0,189,0,1,129,0,1
"2010072",4289,0,3,271,0,0,108,1,0
"2010073",4290,0,1,141,0,2,92,1,0
"2010074",4291,0,0,174,0,0,102,0,1
"2010075",4292,0,0,156,0,0,105,0,0
"2010076",4293,0,0,62,0,0,27,0,0
"2010077",4294,0,0,0,0,0,0,0,0
"2010078",4295,0,3,163,0,1,56,1,1
"2010079",4296,1,3,321,0,3,91,3,2
"2010080",4297,1,3,418,2,2,108,0,1
"2010081",4298,0,7,174,0,1,54,1,0
"2010082",4299,0,0,107,0,1,90,0,1
"2010083",4300,0,0,222,0,1,67,0,1
"2010084",4301,0,0,54,0,0,37,0,0
"2010085",4302,0,0,280,1,0,100,2,0
"2010086",4303,0,1,239,0,2,148,1,2
"2010087",4304,0,0,278,0,0,70,0,0
"2010088",4305,0,0,56,0,0,48,0,0
"2010089",4306,0,0,90,0,0,30,0,0
"2010090",4307,0,1,87,0,0,59,0,0
"2010091",4308,0,0,48,0,1,51,0,0
"2010092",4309,0,0,142,0,0,93,0,1
"2010093",4310,1,3,258,0,1,89,0,2
"2010094",4311,0,0,34,0,0,21,1,0
"2010095",4312,0,0,167,0,0,83,0,1
"2010096",4313,0,0,184,1,0,48,0,2
"2010097",4314,3,1,91,0,1,43,0,2
"2010098",4315,0,0,73,0,2,50,1,0
"2010099",4316,0,1,99,1,0,50,0,0
"2010100",4317,0,1,85,0,1,40,0,0
"2010101",4318,0,0,30,0,0,13,0,0
"2010102",4319,1,5,115,1,0,30,0,1
"2010103",4320,0,1,103,0,0,31,0,1
"2010104",4321,1,1,425,0,1,47,0,2
"2010105",4322,0,1,192,0,5,69,0,1
"2010106",4323,0,0,6,0,0,5,0,0
"2010107",4324,0,3,153,0,0,30,0,1
"2010108",4325,0,1,162,1,0,74,0,0
"2010109",4326,0,0,373,0,0,44,5,3
"2010110",4327,0,0,185,0,0,74,0,0
"2010111",4328,0,0,99,0,0,57,0,1
"2010112",4329,0,0,102,0,0,67,0,0
"2010113",4330,0,0,159,0,0,73,0,0
"2010114",4331,0,0,35,0,0,33,0,0
"2010115",4332,0,0,176,0,2,36,2,0
"2010116",4333,0,0,120,0,0,66,0,0
"2010117",4334,0,0,102,1,1,64,0,0
"2010118",4335,0,1,128,0,1,50,0,0
"2010119",4336,0,0,25,0,1,18,0,0
"2010120",4337,0,0,88,0,0,44,0,0
"2010121",4338,0,1,30,0,1,29,0,0
"2010122",4339,0,1,298,0,0,59,1,1
"2010123",4340,1,0,259,0,2,192,0,0
"2010124",4341,0,0,57,0,0,45,0,0
"2010125",4342,0,0,106,0,0,93,0,0
"2010126",4343,0,0,54,0,0,28,0,0
"2010127",4344,0,0,59,0,0,37,1,0
"2010128",4345,0,0,196,0,1,89,0,0
"2010129",4346,0,0,120,0,0,82,0,0
"2010130",4347,0,0,130,0,1,65,0,0
"2010131",4348,0,0,89,1,0,27,0,0
"2010132",4349,1,1,532,0,1,45,3,1
"2010133",4350,0,0,277,0,0,99,0,0
"2010134",4351,0,3,144,0,3,78,1,0
"2010135",4352,0,0,183,0,0,63,0,0
"2010136",4353,0,0,444,1,1,119,0,2
"2010137",4354,0,0,70,0,0,26,0,0
"2010138",4355,0,0,295,0,1,28,0,1
"2010139",4356,0,0,332,0,1,188,0,0
"2010140",4357,1,2,633,0,2,191,1,0
"2010141",4358,0,0,11,0,0,4,0,0
"2010142",4359,0,1,76,0,1,37,0,0
"2010143",4360,0,0,173,1,1,65,0,1
"2010144",4361,0,0,201,1,1,25,0,0
"2010145",4362,0,0,251,0,0,25,1,1
"2010146",4363,0,0,199,0,0,132,0,0
"2010147",4364,0,0,452,1,0,73,2,1
"2010148",4365,0,0,400,0,0,185,0,0
"2010149",4366,1,0,77,0,1,26,0,0
"2010150",4367,1,0,248,1,0,30,2,1
"2010151",4368,0,0,107,0,0,11,0,1
"2010152",4369,0,1,223,0,0,70,1,1
"2010153",4370,0,4,158,0,0,51,0,0
"2010154",4371,0,5,249,2,0,102,0,2
"2010155",4372,0,0,227,0,0,75,0,0
"2010156",4373,0,0,4,0,0,3,0,0
"2010157",4374,1,1,356,0,0,50,1,1
"2010158",4375,0,0,511,1,1,53,4,0
"2010159",4376,0,0,88,0,0,43,0,0
"2010160",4377,0,0,108,0,0,15,1,1
"2010161",4378,0,0,192,0,0,17,1,1
"2010162",4379,0,1,81,0,2,50,0,1
"2010163",4380,2,8,286,2,5,133,4,4
"2010164",4381,0,1,245,0,0,26,0,0
"2010165",4382,0,0,141,0,0,76,0,0
"2010166",4383,0,0,112,0,0,71,0,0
"2010167",4384,0,1,6,0,0,0,0,0
"2010168",4385,0,0,76,0,0,7,0,0
"2010169",4386,0,2,419,0,0,34,2,0
"2010170",4387,0,2,86,0,0,52,0,2
"2010171",4388,0,1,208,1,0,26,2,0
"2010172",4389,0,0,72,0,0,29,0,0
"2010173",4390,0,0,60,1,0,34,0,0
"2010174",4391,0,0,176,0,0,99,0,0
"2010175",4392,0,1,312,0,1,106,0,1
"2010176",4393,0,0,170,0,0,66,1,0
"2010177",4394,0,0,156,0,2,72,0,0
"2010178",4395,0,0,135,0,0,45,0,0
"2010179",4396,0,0,91,0,0,55,0,1
"2010180",4397,0,1,362,0,0,62,1,1
"2010181",4398,1,3,211,0,2,106,1,2
"2010182",4399,0,0,97,0,1,45,1,0
"2010183",4400,0,0,217,0,1,72,0,0
"2010184",4401,0,0,56,0,0,23,2,0
"2010185",4402,0,1,207,0,2,56,0,0
"2010186",4403,0,0,103,0,1,19,0,1
"2010187",4404,0,0,25,0,1,2,0,1
"2010188",4405,0,1,85,2,1,33,0,0
"2010189",4406,0,1,104,0,2,53,0,0
"2010190",4407,1,1,120,1,0,33,0,2
"2010191",4408,0,3,52,0,0,17,0,2
"2010192",4409,1,1,301,1,1,56,0,0
"2010193",4410,0,1,173,0,1,89,0,2
"2010194",4411,0,0,266,0,0,175,0,0
"2010195",4412,0,0,286,0,1,44,0,1
"2010196",4413,0,0,38,0,0,7,0,0
"2010197",4414,1,0,430,0,0,73,3,2
"2010198",4415,0,0,70,0,0,14,0,0
"2010199",4416,1,1,98,0,0,81,0,0
"2010200",4417,0,1,442,0,0,181,0,0
"2010201",4418,0,0,77,1,0,5,0,0
"2010202",4419,2,0,202,1,0,38,0,1
"2010203",4420,0,3,100,0,0,22,2,0
"2010204",4421,1,2,280,0,3,196,0,0
"2010205",4422,0,0,321,2,0,32,0,1
"2010206",4423,2,4,310,1,0,207,1,1
"2010207",4424,2,1,201,1,1,102,0,0
"2010208",4425,1,5,273,0,1,67,1,4
"2010209",4426,1,1,292,1,1,81,1,1
"2010210",4427,0,1,447,0,0,166,1,0
"2010211",4428,2,5,306,1,2,123,1,1
"2010212",4429,0,0,82,0,1,28,0,0
"2010213",4430,0,1,122,0,0,55,0,0
"2010214",4431,0,0,141,0,1,52,0,0
"2010215",4432,0,1,212,0,0,98,0,0
"2010216",4433,1,0,281,0,0,43,0,0
"2010217",4434,0,1,219,0,1,85,1,0
"2010218",4435,1,4,283,1,0,130,0,1
"2010219",4436,1,0,507,1,1,92,1,1
"2010220",4437,5,2,90,0,1,55,1,1
"2010221",4438,0,2,169,0,1,65,0,0
"2010222",4439,0,0,407,0,0,135,0,0
"2010223",4440,0,2,306,0,1,256,0,0
"2010224",4441,0,0,252,0,0,152,0,0
"2010225",4442,0,0,53,0,0,37,0,0
"2010226",4443,1,10,253,2,2,109,0,2
"2010227",4444,0,0,101,0,0,19,0,0
"2010228",4445,0,0,333,0,1,77,0,0
"2010229",4446,0,2,58,0,0,20,0,0
"2010230",4447,0,0,172,0,1,18,0,0
"2010231",4448,0,0,221,0,1,75,0,1
"2010232",4449,1,0,189,0,1,71,0,0
"2010233",4450,0,0,215,0,1,142,0,0
"2010234",4451,0,0,200,0,0,47,1,0
"2010235",4452,1,1,572,0,1,94,4,3
"2010236",4453,0,1,316,0,0,40,0,3
"2010237",4454,0,1,336,0,1,34,0,1
"2010238",4455,0,0,233,0,0,34,0,1
"2010239",4456,1,0,304,0,1,44,0,3
"2010240",4457,3,0,464,1,0,34,0,1
"2010241",4458,1,0,158,0,0,46,2,0
"2010242",4459,0,0,54,0,0,36,0,0
"2010243",4460,0,0,109,0,0,10,0,0
"2010244",4461,0,0,176,0,0,96,0,0
"2010245",4462,0,0,105,0,0,79,0,0
"2010246",4463,1,0,160,0,0,96,1,2
"2010247",4464,0,1,161,0,0,33,1,0
"2010248",4465,1,2,109,0,0,32,1,0
"2010249",4466,0,0,104,0,0,66,0,0
"2010250",4467,0,1,197,1,1,42,1,1
"2010251",4468,3,0,436,0,0,58,3,2
"2010252",4469,0,1,497,0,0,50,2,3
"2010253",4470,2,1,353,0,2,35,1,2
"2010254",4471,0,2,57,0,3,17,0,0
"2010255",4472,0,0,280,0,0,148,0,0
"2010256",4473,0,3,288,0,5,176,1,0
"2010257",4474,0,6,192,0,0,77,0,0
"2010258",4475,0,0,137,0,0,58,0,0
"2010259",4476,0,0,626,3,0,48,2,0
"2010260",4477,0,0,53,0,0,38,0,0
"2010261",4478,0,2,81,1,0,39,2,1
"2010262",4479,0,0,168,0,0,125,0,1
"2010263",4480,0,0,149,0,1,89,0,0
"2010264",4481,0,1,95,0,0,63,0,0
"2010265",4482,0,2,155,0,0,78,0,0
"2010266",4483,1,3,183,1,5,94,1,0
"2010267",4484,1,0,74,0,0,48,0,1
"2010268",4485,0,0,225,0,0,76,0,0
"2010269",4486,0,0,97,0,1,24,0,0
"2010270",4487,0,1,307,0,1,170,0,1
"2010271",4488,0,0,532,1,1,52,3,2
"2010272",4489,0,0,140,0,0,91,1,0
"2010273",4490,0,0,101,0,0,36,0,0
"2010274",4491,0,0,126,0,0,79,0,0
"2010275",4492,2,1,221,1,0,56,0,1
"2010276",4493,1,1,441,0,0,50,3,0
"2010277",4494,0,2,105,0,1,45,0,0
"2010278",4495,0,2,148,0,1,85,1,0
"2010279",4496,0,1,61,0,1,45,0,1
"2010280",4497,0,1,97,0,0,44,0,0
"2010281",4498,0,0,387,0,0,115,0,1
"2010282",4499,0,0,120,0,0,82,0,0
"2010283",4500,0,2,130,1,0,42,1,0
"2010284",4501,0,3,309,0,3,118,0,0
"2010285",4502,1,1,435,1,1,73,0,0
"2010286",4503,0,0,753,0,1,120,1,3
"2010287",4504,0,0,203,0,3,111,1,0
"2010288",4505,1,1,439,2,1,36,1,1
"2010289",4506,1,3,112,0,0,52,0,0
"2010290",4507,0,0,22,0,0,34,0,0
"2010291",4508,0,0,122,0,0,57,0,0
"2010292",4509,0,0,147,0,0,22,1,0
"2010293",4510,0,0,114,0,0,70,0,0
"2010294",4511,1,0,384,0,2,40,4,1
"2010295",4512,0,0,100,0,1,10,0,0
"2010296",4513,1,0,104,0,1,94,1,0
"2010297",4514,0,0,156,0,0,66,1,2
"2010298",4515,0,1,175,1,1,82,1,0
"2010299",4516,0,1,89,0,0,50,1,0
"2010300",4517,0,0,66,0,0,52,0,0
"2010301",4518,0,2,124,0,0,54,0,3
"2010302",4519,0,1,151,0,1,81,0,0
"2010303",4520,0,0,136,0,0,45,0,0
"2010304",4521,0,0,231,0,0,95,0,0
"2010305",4522,0,0,185,0,0,83,0,1
"2010306",4523,0,0,105,0,0,50,0,0
"2010307",4524,1,0,158,0,0,108,0,0
"2010308",4525,0,2,114,0,1,41,0,0
"2010309",4526,0,0,134,0,1,58,0,0
"2010310",4527,0,0,85,0,0,46,0,0
"2010311",4528,0,0,141,1,4,92,0,1
"2010312",4529,0,1,190,1,0,114,2,0
"2010313",4530,0,0,1,0,0,0,0,0
"2010314",4531,0,1,99,0,1,57,0,1
"2010315",4532,0,0,131,0,0,69,0,0
"2010316",4533,0,0,132,0,0,83,0,0
"2010317",4534,0,0,136,0,0,73,1,0
"2010318",4535,0,3,798,1,1,155,2,3
"2010319",4536,0,1,373,1,0,61,0,3
"2010320",4537,0,0,115,1,1,38,0,4
"2010321",4538,0,1,124,0,0,60,0,0
"2010322",4539,0,1,90,0,0,28,0,1
"2010323",4540,0,1,106,0,1,73,0,1
"2010324",4541,0,0,229,0,1,96,2,0
"2010325",4542,0,1,151,1,0,54,0,0
"2010326",4543,0,0,59,0,0,19,0,0
"2010327",4544,1,1,282,0,0,33,4,2
"2010328",4545,0,1,85,0,1,37,0,0
"2010329",4546,0,1,140,0,0,65,0,0
"2010330",4547,1,0,113,0,0,63,0,0
"2010331",4548,0,0,16,0,0,14,0,0
"2010332",4549,0,0,375,1,1,93,1,1
"2010333",4550,0,0,85,0,0,107,0,1
"2010334",4551,0,0,61,0,0,10,0,1
"2010335",4552,0,0,100,0,1,45,1,0
"2010336",4553,2,0,565,2,3,142,2,1
"2010337",4554,1,0,80,0,0,20,0,1
"2010338",4555,0,2,319,0,0,100,3,1
"2010339",4556,2,2,209,1,1,85,1,1
"2010340",4557,0,0,127,0,0,103,0,0
"2010341",4558,0,1,91,0,1,25,0,0
"2010342",4559,0,0,73,0,0,22,0,0
"2010343",4560,1,3,291,2,4,130,1,3
"2010344",4561,0,0,137,0,1,39,0,1
"2010345",4562,0,0,125,0,1,79,0,0
"2010346",4563,0,0,0,0,0,0,0,0
"2010347",4564,1,1,156,0,0,80,0,0
"2010348",4565,0,0,54,0,0,36,0,0
"2010349",4566,0,0,53,0,0,55,0,0
"2010350",4567,0,0,317,0,2,184,0,0
"2010351",4568,0,0,129,0,0,56,0,0
"2010352",4569,0,0,114,0,1,89,0,1
"2010353",4570,1,3,532,0,2,145,2,3
"2010354",4571,1,5,430,1,3,121,1,1
"2010355",4572,0,0,222,0,1,52,0,1
"2010356",4573,0,0,143,1,0,90,0,0
"2010357",4574,0,0,135,1,0,138,0,0
"2010358",4575,1,1,137,1,0,41,1,0
"2010359",4576,0,0,207,0,0,63,0,1
"2010360",4577,0,0,311,0,1,169,0,1
"2010361",4578,0,0,79,0,0,119,0,0
"2010362",4579,0,0,171,0,0,114,0,1
"2010363",4580,0,1,182,0,0,71,0,0
"2010364",4581,0,3,100,0,0,63,0,0
"2010365",4582,1,0,511,0,0,71,1,1
"2010366",4583,1,1,185,0,1,59,0,3
"2010367",4584,0,1,125,0,1,48,2,0
"2010368",4585,0,0,123,0,0,24,0,1
"2010369",4586,0,0,15,0,1,15,0,0
"2010370",4587,0,0,95,0,0,58,0,0
"2010371",4588,0,0,114,0,1,15,0,0
"2010372",4589,0,0,189,0,0,40,1,0
"2010373",4590,0,1,19,0,0,1,0,0
"2010374",4591,0,0,71,0,0,26,0,0
"2010375",4592,1,3,206,0,2,71,3,3
"2010376",4593,0,1,104,0,0,45,0,0
"2010377",4594,0,0,12,0,0,21,0,0
"2010378",4595,0,1,90,0,1,70,0,1
"2010379",4596,0,0,329,0,3,53,0,3
"2010380",4597,2,1,298,1,0,117,0,1
"2010381",4598,0,2,101,2,3,40,1,3
"2010382",4599,1,0,39,0,2,28,2,0
"2010383",4600,0,0,196,0,1,64,0,1
"2010384",4601,0,1,414,0,0,63,1,0
"2010385",4602,0,0,97,0,0,40,0,0
"2010386",4603,0,0,76,0,0,36,0,1
"2010387",4604,1,1,193,1,1,106,0,3
"2010388",4605,0,0,158,1,0,52,0,0
"2010389",4606,0,0,47,0,1,127,0,0
"2010390",4607,1,1,304,0,4,121,1,3
"2010391",4608,0,0,80,0,0,52,0,0
"2010392",4609,0,0,269,0,0,30,3,1
"2010393",4610,0,0,58,0,1,60,0,0
"2010394",4611,0,0,55,0,0,15,0,0
"2010395",4612,0,0,107,0,0,55,0,0
"2010396",4613,0,0,486,0,1,36,2,2
"2010397",4614,1,0,38,0,0,11,0,0
"2010398",4615,0,0,212,0,0,143,1,0
"2010399",4616,0,0,196,0,0,64,1,1
"2010400",4617,0,0,0,0,0,0,0,0
"2010401",4618,2,0,333,2,1,42,0,0
"2010402",4619,0,0,498,1,0,85,1,0
"2010403",4620,0,0,202,0,0,90,0,0
"2010404",4621,1,2,141,0,2,53,0,1
"2010405",4622,0,0,138,0,0,66,0,0
"2010406",4623,0,0,114,0,0,6,0,0
"2010407",4624,0,1,206,0,1,156,0,0
"2010408",4625,1,0,80,1,0,25,0,0
"2010409",4626,0,1,105,0,2,48,0,0
"2010410",4627,0,0,85,0,0,24,0,0
"2010411",4628,0,6,170,1,2,64,0,2
"2010412",4629,0,1,61,0,0,6,0,1
"2010413",4630,4,3,469,1,1,112,2,2
"2010414",4631,0,0,106,0,0,48,0,0
"2010415",4632,0,0,123,0,0,69,0,1
"2010416",4633,0,1,134,0,2,117,0,0
"2010417",4634,0,0,72,0,0,33,0,0
"2010418",4635,0,4,266,2,2,112,1,1
"2010419",4636,0,6,168,0,2,67,0,0
"2010420",4637,1,1,110,1,0,80,0,0
"2010421",4638,0,1,222,0,1,57,1,0
"2010422",4639,0,1,628,2,1,64,3,1
"2010423",4640,0,0,84,1,0,26,0,1
"2010424",4641,0,0,51,0,0,39,0,0
"2010425",4642,0,0,82,0,0,32,0,0
"2010426",4643,1,0,77,0,1,33,0,0
"2010427",4644,0,0,113,0,2,46,1,1
"2010428",4645,0,2,174,0,0,50,2,3
"2010429",4646,1,1,273,1,1,81,3,0
"2010430",4647,0,0,89,0,0,39,0,0
"2010431",4648,0,1,214,1,1,126,0,1
"2010432",4649,0,0,82,0,0,49,0,0
"2010433",4650,0,1,26,0,0,9,0,0
"2010434",4651,0,0,92,0,0,61,0,1
"2010435",4652,0,0,191,0,1,97,0,0
"2010436",4653,0,0,235,0,0,150,0,0
"2010437",4654,0,0,132,0,0,55,0,0
"2010438",4655,0,1,183,0,1,101,0,0
"2010439",4656,0,0,169,0,1,77,0,0
"2010440",4657,0,0,112,0,1,42,0,0
"2010441",4658,0,0,67,0,1,38,0,0
"2010442",4659,0,0,98,0,1,65,0,0
"2010443",4660,0,0,41,0,0,19,0,0
"2010444",4661,0,0,154,0,0,101,1,0
"2010445",4662,0,0,120,0,1,63,1,1
"2010446",4663,0,0,16,0,0,7,2,0
"2010447",4664,0,0,103,0,0,43,1,0
"2010448",4665,0,2,313,0,3,170,1,0
"2010449",4666,0,0,0,0,0,0,0,0
"2010450",4667,0,1,266,0,0,92,1,0
"2010451",4668,0,0,78,1,0,50,1,0
"2010452",4669,0,0,62,0,0,48,0,0
"2010453",4670,0,0,63,0,0,24,0,0
"2010454",4671,0,0,429,1,0,46,2,2
"2010455",4672,0,0,240,0,0,14,3,3
"2010456",4673,0,1,164,0,0,64,1,0
"2010457",4674,0,0,0,0,0,0,0,0
"2010458",4675,0,1,373,2,1,62,1,0
"2010459",4676,0,0,143,0,2,79,0,0
"2010460",4677,2,2,373,0,0,114,1,1
"2010461",4678,0,0,224,0,0,90,0,0
"2010462",4679,0,0,329,0,0,121,0,0
"2010463",4680,0,1,101,0,0,60,0,2
"2010464",4681,0,0,84,0,0,59,0,0
"2010465",4682,0,1,260,0,0,117,0,0
"2010466",4683,0,0,334,1,0,111,0,1
"2010467",4684,0,1,160,1,0,31,0,0
"2010468",4685,1,0,279,0,0,89,1,2
"2010469",4686,0,0,34,0,0,17,0,0
"2010470",4687,0,0,28,0,0,29,0,0
"2010471",4688,0,0,58,0,0,33,0,0
"2010472",4689,0,0,122,0,1,68,0,0
"2010473",4690,0,0,98,0,0,90,0,0
"2010474",4691,0,0,35,0,0,33,0,0
"2010475",4692,0,0,52,0,0,25,0,0
"2010476",4693,0,0,86,0,0,32,0,0
"2010477",4694,0,0,106,0,1,97,0,0
"2010478",4695,0,0,131,0,1,76,0,0
"2010479",4696,0,0,123,1,0,105,0,0
"2010480",4697,0,0,107,0,0,56,0,0
"2010481",4698,0,0,104,1,1,112,0,2
"2010482",4699,1,1,108,0,2,74,1,1
"2010483",4700,0,0,285,1,0,158,0,1
"2010484",4701,0,0,153,0,1,87,0,0
"2010485",4702,0,0,141,1,4,93,0,1
"2010486",4703,0,1,133,0,1,72,0,0
"2010487",4704,5,1,273,2,2,90,3,2
"2010488",4705,0,0,184,1,0,50,1,0
"2010489",4706,0,1,232,0,1,94,2,2
"2010490",4707,0,0,253,0,2,106,0,1
"2010491",4708,0,0,104,0,1,84,0,0
"2010492",4709,0,0,145,0,0,89,0,0
"2010493",4710,0,0,197,1,1,58,1,0
"2010494",4711,0,0,307,0,0,64,1,1
"2010495",4712,0,0,112,0,0,76,1,0
"2010496",4713,2,1,188,0,0,59,2,0
"2010497",4714,1,0,211,2,0,19,0,0
"2010498",4715,0,0,91,1,0,50,0,1
"2010499",4716,0,0,141,0,0,72,0,0
"2010500",4717,0,1,180,0,0,88,0,0
"2010501",4718,0,0,250,0,0,110,0,0
"2010502",4719,2,0,59,1,2,39,3,1
"2010503",4720,0,0,53,0,1,30,0,0
"2010504",4721,0,0,141,0,0,74,0,0
"2010505",4722,1,3,298,0,2,228,2,1
"2010506",4723,0,0,638,0,0,122,2,1
"2010507",4724,0,0,91,0,1,39,0,1
"2010508",4725,0,1,324,0,0,139,0,1
"2010509",4726,0,0,74,0,0,67,0,1
"2010510",4727,0,0,224,0,1,167,0,0
"2010511",4728,0,0,49,0,0,15,0,0
"2010512",4729,2,5,235,0,0,141,0,0
"2010513",4730,0,0,121,0,0,66,0,0
"2010514",4731,0,0,160,0,0,81,1,0
"2010515",4732,0,0,72,0,0,52,0,0
"2010516",4733,0,0,141,0,1,70,0,0
"2010517",4734,0,1,109,0,0,69,0,0
"2010518",4735,1,0,174,0,0,103,0,0
"2010519",4736,1,0,88,1,1,64,0,0
"2010520",4737,0,0,18,0,0,8,0,0
"2010521",4738,0,1,128,0,0,95,0,2
"2010522",4739,0,0,122,0,1,102,0,0
"2010523",4740,1,1,211,0,0,150,0,2
"2010524",4741,0,1,334,0,0,103,0,3
"2010525",4742,0,0,486,0,2,133,0,4
"2010526",4743,0,3,71,0,0,23,0,0
"2010527",4744,0,1,16,0,0,5,0,0
"2010528",4745,0,0,110,0,0,28,1,0
"2010529",4746,0,0,57,0,0,55,0,0
"2010530",4747,0,2,95,0,1,34,1,2
"2010531",4748,0,0,89,0,3,53,1,1
"2010532",4749,0,0,31,0,0,20,1,0
"2010533",4750,0,0,52,0,0,11,1,0
"2010534",4751,0,0,48,0,0,32,0,0
"2010535",4752,0,0,16,0,0,9,0,0
"2010536",4753,1,1,230,0,1,76,0,2
"2010537",4754,0,1,226,0,0,105,0,1
"2010538",4755,0,2,445,0,1,64,3,3
"2010539",4756,0,0,88,1,0,29,0,0
"2010540",4757,0,0,243,0,1,89,2,0
"2010541",4758,0,0,197,0,0,84,3,0
"2010542",4759,1,0,341,1,0,61,1,3
"2010543",4760,0,2,155,1,0,61,1,1
"2010544",4761,0,2,42,0,0,2,0,0
"2010545",4762,0,0,115,0,0,33,0,0
"2010546",4763,0,0,36,0,0,15,0,0
"2010547",4764,0,0,77,0,0,60,0,0
"2010548",4765,0,0,134,0,0,51,0,1
"2010549",4766,1,0,295,0,0,72,0,1
"2010550",4767,0,0,186,0,1,86,0,0
"2010551",4768,0,0,86,0,0,48,0,0
"2010552",4769,0,0,96,1,0,69,0,0
"2010553",4770,0,0,114,0,1,54,1,0
"2010554",4771,0,0,139,0,0,43,0,0
"2010555",4772,1,0,189,0,2,66,0,1
"2010556",4773,0,1,183,0,0,62,0,3
"2010557",4774,1,2,184,1,0,68,0,1
"2010558",4775,0,0,104,0,1,53,0,1
"2010559",4776,1,2,325,0,2,213,1,2
"2010560",4777,0,1,91,1,1,29,0,0
"2010561",4778,0,1,140,1,0,43,0,0
"2010562",4779,0,0,89,0,0,13,0,0
"2010563",4780,1,1,271,1,0,198,2,0
"2010564",4781,1,0,313,0,2,185,0,0
"2010565",4782,0,0,44,0,0,5,2,0
"2010566",4783,0,1,253,0,2,109,0,0
"2010567",4784,0,0,176,0,0,66,0,1
"2010568",4785,0,0,189,0,0,103,0,0
"2010569",4786,0,0,218,0,0,140,0,0
"2010570",4787,0,0,103,0,0,96,0,0
"2010571",4788,0,2,63,0,0,28,0,0
"2010572",4789,0,1,183,0,2,127,0,0
"2010573",4790,0,0,222,1,0,26,0,1
"2010574",4791,0,1,40,0,1,10,0,0
"2010575",4792,0,2,135,0,0,77,0,1
"2010576",4793,0,0,415,0,1,74,2,1
"2010577",4794,0,0,95,0,0,66,0,2
"2010578",4795,0,0,163,1,1,68,0,0
"2010579",4796,0,0,50,0,0,19,2,1
"2010580",4797,1,0,156,0,1,21,2,0
"2010581",4798,0,1,233,0,0,21,2,2
"2010582",4799,0,0,198,0,1,26,1,1
"2010583",4800,0,0,171,0,0,21,0,0
"2010584",4801,1,2,570,0,0,51,0,2
"2010585",4802,0,1,291,0,0,29,0,0
"2010586",4803,0,0,110,0,1,71,0,0
"2010587",4804,0,3,206,0,0,53,0,2
"2010588",4805,1,0,196,0,1,104,0,0
"2010589",4806,0,0,69,0,0,49,0,0
"2010590",4807,2,0,84,0,1,50,0,0
"2010591",4808,2,4,154,0,1,59,0,1
"2010592",4809,0,0,160,0,1,35,1,0
"2010593",4810,0,4,279,0,1,128,1,0
"2010594",4811,0,0,218,0,0,72,1,0
"2010595",4812,0,1,145,0,0,33,0,0
"2010596",4813,0,0,157,0,0,94,0,1
"2010597",4814,0,0,111,0,0,48,0,0
"2010598",4815,0,0,170,0,0,82,0,1
"2010599",4816,0,0,39,0,0,12,0,0
"2010600",4817,0,3,310,0,0,130,1,2
"2010601",4818,0,0,167,0,1,98,0,0
"2010602",4819,0,0,68,1,0,32,0,0
"2010603",4820,0,0,95,0,0,73,0,0
"2010604",4821,2,0,101,0,2,57,0,0
"2010605",4822,0,2,204,0,0,52,0,2
"2010606",4823,0,0,134,0,0,14,0,0
"2010607",4824,0,0,41,0,0,8,0,0
"2010608",4825,1,2,69,0,0,38,0,2
"2010609",4826,0,0,217,0,2,112,0,0
"2010610",4827,0,0,109,1,1,61,1,0
"2010611",4828,0,0,400,1,1,43,1,1
"2010612",4829,1,0,121,0,0,111,0,0
"2010613",4830,0,0,172,0,0,40,1,4
"2010614",4831,0,2,321,0,2,100,0,0
"2010615",4832,0,0,128,0,1,56,0,1
"2010616",4833,0,0,141,0,1,82,0,0
"2010617",4834,0,2,227,0,0,125,1,0
"2010618",4835,0,1,197,0,0,111,0,0
"2010619",4836,1,0,162,0,0,111,1,0
"2010620",4837,0,0,198,0,0,69,0,0
"2010621",4838,0,0,44,0,0,53,0,0
"2010622",4839,0,0,237,2,0,112,0,2
"2010623",4840,0,0,153,0,0,91,0,0
"2010624",4841,0,0,8,0,0,4,0,0
"2010625",4842,0,0,267,0,0,128,0,0
"2010626",4843,0,0,287,0,0,161,0,0
"2010627",4844,0,0,217,1,1,69,0,2
"2010628",4845,0,0,133,0,0,66,0,0
"2010629",4846,0,0,12,0,0,5,0,0
"2010630",4847,1,0,644,1,2,181,2,0
"2010631",4848,0,0,157,0,0,70,0,0
"2010632",4849,0,0,1,0,0,0,0,0
"2010633",4850,0,1,179,0,1,77,0,1
"2010634",4851,0,0,138,0,0,81,1,0
"2010635",4852,0,1,84,0,1,107,1,0
"2010636",4853,0,0,27,0,1,20,0,1
"2010637",4854,0,6,390,0,4,119,1,2
"2010638",4855,0,0,280,0,0,53,1,0
"2010639",4856,0,0,65,0,0,38,0,0
"2010640",4857,0,0,169,0,0,110,0,0
"2010641",4858,0,1,154,1,1,82,0,1
"2010642",4859,0,0,58,0,0,31,0,0
"2010643",4860,0,1,220,0,0,136,1,2
"2010644",4861,0,0,182,0,0,127,0,1
"2010645",4862,0,0,122,0,0,99,0,0
"2010646",4863,0,1,223,0,0,66,2,1
"2010647",4864,0,0,256,1,0,63,1,2
"2010648",4865,0,1,172,1,0,74,0,0
"2010649",4866,0,0,351,0,2,97,1,4
"2010650",4867,0,0,143,0,0,99,0,0
"2010651",4868,0,0,133,0,0,93,1,0
"2010652",4869,0,1,395,0,0,63,0,0
"2010653",4870,0,0,57,0,0,12,0,0
"2010654",4871,0,3,187,0,1,86,0,0
"2010655",4872,0,0,156,0,0,108,0,0
"2010656",4873,0,0,82,0,0,5,0,0
"2010657",4874,0,1,148,0,1,56,1,0
"2010658",4875,0,0,118,0,0,70,0,0
"2010659",4876,0,0,121,0,0,70,0,0
"2010660",4877,0,0,441,1,0,80,1,0
"2010661",4878,0,1,132,0,0,81,0,1
"2010662",4879,0,0,58,0,0,36,0,0
"2010663",4880,0,0,54,0,0,30,0,0
"2010664",4881,0,3,238,0,3,66,1,3
"2010665",4882,1,0,38,0,0,32,0,0
"2010666",4883,0,0,0,0,0,0,0,0
"2010667",4884,0,0,80,0,0,40,0,0
"2010668",4885,1,0,121,0,0,100,0,0
"2010669",4886,0,0,157,0,0,91,0,0
"2010670",4887,0,0,50,0,0,34,0,0
"2010671",4888,0,0,154,0,0,95,0,0
"2010672",4889,0,0,123,0,0,82,0,2
"2010673",4890,0,1,78,0,0,46,1,0
"2010674",4891,0,0,170,0,2,92,1,0
"2010675a",4892,0,0,42,0,0,24,0,0
"2010675b",4893,0,0,0,0,0,0,0,0
"2010676",4894,0,1,174,0,0,84,0,1
"2010677",4895,0,1,112,0,0,29,1,0
"2010678",4896,0,0,273,0,0,67,0,0
"2010679",4897,0,0,31,0,0,21,0,0
"2010680",4898,0,0,12,0,0,8,0,0
"2010681",4899,0,0,0,0,0,0,0,0
"2010682",4900,0,0,111,1,0,56,1,0
"2010683",4901,0,0,13,0,0,17,0,0
"2010684",4902,0,0,115,0,0,62,0,0
"2010685",4903,0,0,9,0,0,6,0,0
"2010686",4904,0,0,7,0,0,6,0,0
"2010687",4905,0,1,137,0,0,91,0,0
"2010688",4906,0,0,103,0,0,80,0,0
"2010689",4907,0,0,106,0,0,58,0,0
"2010690",4908,0,0,85,0,1,46,1,0
"2010691",4909,0,0,94,0,0,51,0,0
"2010692",4910,0,0,77,0,0,71,0,0
"2010693",4911,0,0,99,0,2,30,0,0
"2010694",4912,0,0,55,1,0,39,0,0
"2010695",4913,0,0,54,0,0,36,0,0
"2010696",4914,0,0,58,0,0,35,0,4
"2010697",4915,0,1,247,0,0,53,1,1
"2010698",4916,1,1,175,1,1,36,0,0
"2010699",4917,0,0,132,0,0,102,1,0
"2010700",4918,2,2,44,0,3,32,0,2
"2010701",4919,0,0,21,0,0,11,0,0
"2010702",4920,0,0,79,0,0,10,0,1
"2010703",4921,0,0,147,0,0,83,0,0
"2010704",4922,0,0,75,0,0,51,0,0
"2010705",4923,1,0,79,1,0,11,0,3
"2010706",4924,0,1,154,0,0,79,1,0
"2010707",4925,0,0,32,0,0,31,0,0
"2010708",4926,0,0,27,0,0,12,0,0
"2010709",4927,0,0,241,1,1,97,0,0
"2010710",4928,0,0,191,0,0,86,0,0
"2010711",4929,0,0,176,0,0,100,0,1
"2010712",4930,0,0,191,0,2,97,0,1
"2010713",4931,0,1,87,0,0,65,0,1
"2010714",4932,0,1,13,0,1,4,0,0
"2010715",4933,0,0,28,0,0,15,0,0
"2010716",4934,0,2,75,1,1,58,0,1
"2010717",4935,0,1,263,0,0,39,0,0
"2010718",4936,0,0,180,0,0,89,0,0
"2010719",4937,0,1,75,1,2,45,0,0
"2010720",4938,1,0,62,0,0,36,0,1
"2010721",4939,0,0,140,0,2,121,0,1
"2010722",4940,1,0,737,1,1,119,4,3
"2010723",4941,0,1,336,0,2,82,2,1
"2010724",4942,0,0,37,0,0,15,0,0
"2010725",4943,1,1,198,1,1,67,5,3
"2010726",4944,0,0,29,0,0,23,0,0
"2010727",4945,1,0,71,0,0,31,0,0
"2010728",4946,0,0,53,0,1,34,0,0
"2010729",4947,0,0,15,0,0,15,0,0
"2010730",4948,0,0,161,0,0,63,0,0
"2010731",4949,0,0,148,0,0,81,0,0
"2010732",4950,0,0,123,0,0,94,1,1
"2010733",4951,0,1,9,0,0,4,0,0
"2010734",4952,0,0,84,0,0,34,0,0
"2010735",4953,0,2,67,0,0,39,0,0
"2010736",4954,0,0,133,0,0,72,1,0
"2010737",4955,0,0,5,0,0,0,0,0
"2010738",4956,0,0,47,0,0,7,0,1
"2010739",4957,0,1,136,0,0,45,0,3
"2010740",4958,0,0,9,0,0,3,0,0
"2010741",4959,0,0,195,1,1,61,1,0
"2010742",4960,0,0,52,0,0,31,0,0
"2010743",4961,0,0,4,0,0,8,0,0
"2010744",4962,0,0,139,1,0,95,0,3
"2010745",4963,0,1,150,1,0,116,1,2
"2010746",4964,0,1,30,0,0,20,0,0
"2010747",4965,0,0,134,0,1,74,1,0
"2010748",4966,0,1,56,0,0,71,0,0
"2010749",4967,0,0,28,0,0,3,0,1
"2010750",4968,0,0,20,0,0,17,0,0
"2010751",4969,0,1,70,0,0,57,0,0
"2010752",4970,0,1,38,0,0,23,0,1
"2010753",4971,0,0,38,0,0,17,0,0
"2010754",4972,0,1,87,0,1,9,1,0
"2010755",4973,0,2,144,0,0,73,0,0
"2010756",4974,0,1,123,0,0,31,0,1
"2010757",4975,0,1,212,1,2,64,1,1
"2010758",4976,0,0,115,0,1,90,0,0
"2010759",4977,0,1,113,0,1,54,0,0
"2010760",4978,0,1,52,1,0,21,0,0
"2010761",4979,0,0,97,0,2,39,0,0
"2010762",4980,0,0,11,0,0,4,0,0
"2010763",4981,0,1,63,1,0,33,0,0
"2010764",4982,0,0,91,1,1,59,2,0
"2010765",4983,0,0,194,0,0,79,0,0
"2010766",4984,0,0,40,0,0,13,0,0
"2010767",4985,0,0,3,0,0,1,0,0
"2010768",4986,0,0,58,0,0,61,0,0
"2010769",4987,0,0,59,0,0,5,0,0
"2010770",4988,0,0,17,0,0,4,0,1
"2010771",4989,0,0,61,0,0,41,0,0
"2010772",4990,0,0,188,0,1,94,0,0
"2010773",4991,0,0,241,1,0,75,1,0
"2010774",4992,0,0,24,0,0,4,0,0
"2010775",4993,0,1,179,1,0,105,0,0
"2010776",4994,0,2,178,0,0,73,0,0
"2010777",4995,0,0,43,0,0,8,0,0
"2010778",4996,0,1,13,0,0,7,0,0
"2010779",4997,0,1,53,0,0,18,0,0
"2010780",4998,0,0,28,0,0,12,0,0
"2010781",4999,0,2,251,0,1,104,1,0
"2010782",5000,0,0,96,0,1,70,0,0
"2010783",5001,0,1,27,0,0,12,0,0
"2010784",5002,1,0,169,0,0,10,1,1
"2010785",5003,0,0,37,0,0,27,0,1
"2010786",5004,0,1,64,0,0,21,0,0
"2010787",5005,0,0,39,0,0,14,0,0
"2010788",5006,0,0,34,0,0,7,0,0
"2010789",5007,0,1,115,0,0,86,0,0
"2010790",5008,0,1,175,0,1,92,1,1
"2010791",5009,0,0,0,0,0,0,0,0
"2010792",5010,0,1,209,0,0,62,0,0
"2010793",5011,0,2,112,0,0,61,0,0
"2010794",5012,0,0,23,0,0,9,0,0
"2010795",5013,0,2,79,0,0,38,0,0
"2010796",5014,0,1,175,1,1,87,0,1
"2010797",5015,0,0,0,0,0,0,0,0
"2010798",5016,0,1,49,0,0,45,0,0
"2010799",5017,0,0,118,0,0,35,0,0
"2010800",5018,0,1,189,0,0,127,0,0
"2010801",5019,0,0,28,0,0,10,0,0
"2010802",5020,0,0,0,0,0,0,0,0
"2010803",5021,0,0,247,0,1,115,0,0
"2010804",5022,0,0,165,1,0,107,1,2
"2010805",5023,1,0,80,0,0,58,1,0
"2010806",5024,0,0,114,0,1,65,0,1
"2010807",5025,0,0,156,0,0,92,0,0
"2010808",5026,0,0,0,0,0,0,0,0
"2010809",5027,0,0,2,0,0,0,0,0
"2010810",5028,0,0,8,0,0,4,0,0
"2010811",5029,0,2,28,0,0,9,0,0
"2010812",5030,0,0,0,0,0,0,0,0
"2010813",5031,0,2,173,0,1,76,0,0
"2010814",5032,1,2,156,0,0,53,0,0
"2010815",5033,0,0,0,0,0,0,0,0
"2010816",5034,0,0,6,0,0,2,0,0
"2010817",5035,0,0,70,0,0,36,0,0
"2010818",5036,0,0,62,0,0,23,0,0
"2010819",5037,0,0,12,0,0,12,0,0
"2010820",5038,0,1,58,0,0,19,0,1
"2010821",5039,0,0,140,0,0,25,0,0
"2010822",5040,0,0,226,0,0,13,2,0
"2010823",5041,0,0,136,1,0,87,0,0
"2010824",5042,0,4,260,0,1,75,2,2
"2010825",5043,1,1,113,1,1,39,1,1
"2010826",5044,0,0,33,0,0,11,0,0
"2010827",5045,0,2,47,0,1,27,0,1
"2010828",5046,0,0,57,0,1,42,0,0
"2010829",5047,0,0,18,0,0,7,0,0
"2010830",5048,0,0,0,0,0,0,0,0
"2010831",5049,0,0,1,0,0,0,0,0
"2010832",5050,0,0,26,0,0,7,0,0
"2010833",5051,0,0,0,0,0,0,0,0
"2010834",5052,0,0,32,0,0,4,0,0
"2010835",5053,0,1,36,0,0,9,0,0
"2010836",5054,0,0,56,0,0,7,0,0
"2010837",5055,0,0,0,0,0,0,0,0
"2010838",5056,0,0,0,0,0,0,0,0
"2010839",5057,0,1,97,0,0,52,0,0
"2010840",5058,0,0,174,0,1,41,0,1
"2010841",5059,0,0,239,0,0,77,0,0
"2010842",5060,0,2,152,0,0,69,2,1
"2010843",5061,0,1,235,0,1,51,3,3
"2010844",5062,1,0,74,0,0,49,1,1
"2010845",5063,0,0,18,0,0,4,0,0
"2010846",5064,0,0,23,0,0,4,0,1
"2010847",5065,0,0,212,2,0,63,0,0
"2010848",5066,1,1,291,2,1,93,1,0
"2010849",5067,0,2,209,0,2,44,0,0
"2010850",5068,0,0,29,0,0,18,0,0
"2010851",5069,0,0,170,1,1,106,0,0
"2010852",5070,0,0,66,0,0,42,0,1
"2010853",5071,0,1,128,0,0,51,0,0
"2010854",5072,0,0,24,0,0,2,0,0
"2010855",5073,0,0,114,0,0,42,0,0
"2010856",5074,0,0,2,0,0,2,0,0
"2010857",5075,0,0,0,0,0,0,0,0
"2010858",5076,0,0,46,0,0,4,0,1
"2010859",5077,0,0,104,1,0,25,2,0
"2010860",5078,0,0,95,0,0,47,0,0
"2010861",5079,0,2,238,1,0,57,1,2
"2010862",5080,0,0,178,0,1,84,0,0
"2010863",5081,0,0,64,0,0,11,0,0
"2010864",5082,0,0,163,0,0,50,2,1
"2010865",5083,1,0,151,1,0,101,0,0
"2010866",5084,0,0,0,0,0,0,0,0
"2010867",5085,0,0,102,0,0,37,0,1
"2010868",5086,0,1,143,0,0,45,0,0
"2010869",5087,0,0,25,0,0,6,0,0
"2010870",5088,0,0,0,0,0,0,0,0
"2010871",5089,0,0,3,0,0,1,0,0
"2010872",5090,1,0,33,0,0,12,1,1
"2010873",5091,0,0,47,0,0,24,0,0
"2010874",5092,0,0,138,0,1,87,0,0
"2010875",5093,0,1,191,0,1,84,1,1
"2010876",5094,0,0,69,0,0,37,0,0
"2010877",5095,0,0,94,0,0,50,0,0
"2010878",5096,0,0,35,0,0,11,1,0
"2010879",5097,1,1,122,0,1,88,1,1
"2010880",5098,0,0,63,0,0,52,0,0
"2010881",5099,0,0,130,0,0,49,0,0
"2010882",5100,2,1,181,0,0,106,0,0
"2010883",5101,0,0,229,1,1,67,0,1
"2010884",5102,0,0,33,0,0,10,0,0
"2010885",5103,0,0,180,0,0,74,0,1
"2010886",5104,0,0,55,0,1,59,0,0
"2010887",5105,0,0,27,0,0,25,0,0
"2010888",5106,0,0,144,0,0,47,0,0
"2010889",5107,0,0,9,0,0,16,0,0
"2010890",5108,0,0,68,1,0,44,0,1
"2010891",5109,0,0,179,0,0,87,0,0
"2010892",5110,0,0,58,0,1,51,0,0
"2010893",5111,0,0,26,0,0,8,0,0
"2010894",5112,0,0,136,0,0,31,0,0
"2010895",5113,0,0,132,0,0,75,0,0
"2010896",5114,1,0,253,0,0,120,0,0
"2010897",5115,0,0,124,0,1,56,0,1
"2010898",5116,0,1,113,0,0,62,1,0
"2010899",5117,0,0,54,0,0,41,0,0
"2010900",5118,0,0,3,0,0,1,0,0
"2010901",5119,0,0,88,0,1,34,0,0
"2010902",5120,1,0,189,0,0,109,0,0
"2010903",5121,0,0,67,0,0,41,0,0
"2010904",5122,0,0,0,0,0,0,0,0
"2010905",5123,0,1,68,2,0,27,0,0
"2010906",5124,0,0,86,0,1,27,0,0
"2010907",5125,1,0,11,0,0,10,0,0
"2010908",5126,0,0,0,0,0,0,0,0
"2010909",5127,0,0,57,0,0,35,0,0
"2010910",5128,0,0,18,0,0,5,0,0
"2010911",5129,0,1,18,0,0,12,0,0
"2010912",5130,0,0,69,1,0,29,0,0
"2010913",5131,0,0,7,0,0,6,0,0
"2010914",5132,0,0,14,0,0,0,0,0
"2010915",5133,0,0,40,0,0,34,0,0
"2010916",5134,0,0,52,0,0,31,0,0
"2010917",5135,0,0,0,0,0,0,0,0
"2010918",5136,0,0,0,0,0,0,0,0
"2010919",5137,0,0,249,0,0,114,0,0
"2010920",5138,0,0,8,0,0,7,0,0
"2010921",5139,0,0,8,0,0,6,0,0
"2010922",5140,0,0,0,0,0,0,0,0
"2010923",5141,2,0,122,0,0,52,0,0
"2010924",5142,0,0,0,0,0,0,0,0
"2010925",5143,0,0,0,0,0,0,0,0
"2010926",5144,0,0,90,0,0,54,0,0
"2010927",5145,1,0,328,0,2,154,0,0
"2010928",5146,0,0,3,0,0,1,0,0
"2010929",5147,0,0,0,0,0,0,0,0
"2010930",5148,0,0,90,0,0,12,0,1
"2010931",5149,0,0,11,0,0,10,0,0
"2010932",5150,0,0,0,0,0,0,0,0
"2010933",5151,0,0,73,0,0,31,0,0
"2010934",5152,0,0,3,0,0,1,0,0
"2010935",5153,0,1,114,0,1,82,0,0
"2010936",5154,0,1,5,0,0,1,0,0
"2010937",5155,0,0,163,0,0,110,0,0
"2010938",5156,0,0,12,0,0,4,0,0
"2010939",5157,0,0,0,0,0,0,0,0
"2010940",5158,0,0,5,0,0,0,0,0
"2010941",5159,0,0,32,0,0,42,0,0
"2010942",5160,0,0,17,0,1,5,0,0
"2010943",5161,0,0,22,0,0,12,0,0
"2010944",5162,0,0,6,0,0,2,0,0
"2010945",5163,0,0,5,0,0,2,0,0
"2010946",5164,0,0,35,0,0,18,0,0
"2010947",5165,0,0,86,0,0,53,0,0
"2010948",5166,0,0,25,0,1,15,0,0
"2010949",5167,0,0,122,0,0,54,0,0
"2010950",5168,0,0,0,0,0,0,0,0
"2010951",5169,0,0,17,0,0,9,0,0
"2010952",5170,0,0,22,0,0,16,0,0
"2010953",5171,0,0,23,0,0,18,0,0
"2010954",5172,0,1,57,0,0,19,0,0
"2010955",5173,0,0,63,0,0,27,0,0
"2010956",5174,0,0,138,0,0,43,0,0
"2010957",5175,0,0,92,0,0,25,0,0
"2010958",5176,0,1,114,0,0,39,0,0
"2010959",5177,0,0,0,0,0,0,0,0
"2010960",5178,0,1,169,0,0,45,0,0
"2010961",5179,0,0,146,0,0,30,1,3
"2010962",5180,0,0,5,0,0,8,0,0
"2010963",5181,0,0,29,0,0,16,0,0
"2010964",5182,0,0,113,0,1,37,0,0
"2010965",5183,1,0,10,0,0,13,0,0
"2010966",5184,0,0,63,0,0,23,0,0
"2010967",5185,0,1,125,0,0,36,1,0
"2010968",5186,0,1,82,0,0,25,0,0
"2010969",5187,0,0,126,0,0,17,0,0
"2010970",5188,1,0,55,0,1,5,0,0
"2010971",5189,0,0,38,1,0,19,0,0
"2010972",5190,1,0,63,0,0,48,0,0
"2010973",5191,0,0,46,0,1,17,0,0
"2010974",5192,1,0,75,0,0,35,1,1
"2010975",5193,0,0,18,0,0,12,0,0
"2010976",5194,0,1,30,0,1,27,0,0
"2010977",5195,0,3,61,0,0,20,1,1
"2010978",5196,0,0,12,0,0,4,0,0
"2010979",5197,0,0,0,0,0,0,0,0
"2010980",5198,0,0,56,0,0,35,0,0
"2010981",5199,0,0,3,0,0,1,0,0
"2010982",5200,0,1,30,0,1,25,0,0
"2010983",5201,0,0,165,0,0,92,0,0
"2010984",5202,0,0,20,0,0,2,0,0
"2010985",5203,0,0,45,1,0,12,0,0
"2010986",5204,0,0,43,0,0,10,0,0
"2010987",5205,0,0,145,1,0,27,2,0
"2010988",5206,3,2,75,1,1,30,1,2
"2010989",5207,0,0,0,0,0,0,0,0
"2010990",5208,0,0,2,0,0,2,0,0
"2010991",5209,0,0,15,0,0,19,0,0
"2010992",5210,0,0,54,0,0,35,0,0
"2010993",5211,0,0,0,0,0,0,0,0
"2010994",5212,0,0,211,1,0,85,1,1
"2010995",5213,0,1,275,1,1,31,0,0
"2010996",5214,0,0,51,0,0,35,1,0
"2010997",5215,0,0,77,0,0,43,0,0
"2010998",5216,0,0,0,0,0,0,0,0
"2010999",5217,0,0,0,0,0,0,0,0
"2011000",5218,0,0,26,0,0,7,0,0
"2011001",5219,0,1,117,0,0,33,0,0
"2011002",5220,0,0,66,0,3,26,0,0
"2011003",5221,0,0,15,0,0,2,0,0
"2011004",5222,0,0,37,0,0,46,0,0
"2011005",5223,0,0,0,0,0,0,0,0
"2011006",5224,0,0,166,0,0,46,0,0
"2011007",5225,0,0,141,0,0,47,0,0
"2011008",5226,1,0,31,0,1,13,0,0
"2011009",5227,0,0,21,0,0,5,0,0
"2011010",5228,0,2,57,0,1,21,0,0
"2011011",5229,0,0,2,0,0,1,0,0
"2011012",5230,0,0,113,0,0,34,2,0
"2011013",5231,0,0,0,0,0,0,0,0
"2011014",5232,0,0,0,0,0,0,0,0
"2011015",5233,0,0,0,0,0,0,0,0
"2011016",5234,0,1,143,0,2,74,0,0
"2011017",5235,0,1,39,0,0,11,1,1
"2011018",5236,0,0,0,0,0,0,0,0
"2011019",5237,0,0,26,0,0,7,0,0
"2011020",5238,0,0,72,0,0,24,0,0
"2011021",5239,0,1,57,0,0,32,1,0
"2011022",5240,0,0,87,0,0,56,0,0
"2011023",5241,0,3,53,0,2,26,2,2
"2011024",5242,0,0,10,0,0,10,0,0
"2011025",5243,0,0,50,0,0,18,0,0
"2011026",5244,0,0,84,0,0,32,0,2
"2011027",5245,0,1,24,1,0,10,0,1
"2011028",5246,0,1,180,1,0,60,0,0
"2011029",5247,0,0,87,0,0,59,0,0
"2011030",5248,0,0,16,1,0,5,0,0
"2011031",5249,0,0,61,1,2,28,0,0
"2011032",5250,0,0,12,0,0,10,0,0
"2011033",5251,0,0,25,0,1,22,0,0
"2011034",5252,0,1,110,0,0,55,0,2
"2011035",5253,0,0,4,0,0,1,0,0
"2011036",5254,0,0,1,0,0,2,0,0
"2011037",5255,0,0,174,0,0,48,0,2
"2011038",5256,0,0,71,0,0,32,0,0
"2011039",5257,0,0,0,0,0,0,0,0
"2011040",5258,0,0,89,0,0,42,1,0
"2011041",5259,0,0,104,0,0,36,1,1
"2011042",5260,0,0,85,0,0,47,0,0
"2011043",5261,0,1,80,0,1,70,1,0
"2011044",5262,0,0,11,0,0,5,0,0
"2011045",5263,0,0,30,0,0,15,0,1
"2011046",5264,0,0,86,1,0,31,0,1
"2011047",5265,0,0,46,0,0,27,0,0
"2011048",5266,0,0,19,0,0,14,0,0
"2011049",5267,0,0,43,0,0,13,0,0
"2011050",5268,0,0,232,0,0,19,0,0
"2011051",5269,0,0,0,0,0,0,0,0
"2011052",5270,0,0,0,0,0,0,0,0
"2011053",5271,0,0,75,0,0,40,0,0
"2011054",5272,0,0,93,0,0,79,0,0
"2011055",5273,0,0,49,0,0,15,0,0
"2011056",5274,0,0,48,0,0,13,0,0
"2011057",5275,0,0,0,0,0,0,0,0
"2011058",5276,0,0,15,0,0,8,0,0
"2011059",5277,0,1,62,0,1,40,0,0
"2011060",5278,1,0,161,0,1,49,1,0
"2011061",5279,0,0,128,0,0,33,0,0
"2011062",5280,0,2,77,0,0,38,1,1
"2011063",5281,0,1,152,0,0,50,0,2
"2011064",5282,0,0,161,0,0,56,0,1
"2011065",5283,0,0,83,0,1,43,1,0
"2011066",5284,0,0,0,0,0,0,0,0
"2011067",5285,0,0,133,0,1,62,0,0
"2011068",5286,0,0,205,0,0,78,1,0
"2011069",5287,0,0,0,0,0,0,0,0
"2011070",5288,0,0,9,0,0,2,0,0
"2011071",5289,0,0,137,0,0,77,1,0
"2011072",5290,0,0,41,0,1,34,0,1
"2011073",5291,0,0,0,0,0,0,0,0
"2011074",5292,0,0,45,0,0,20,0,0
"2011075",5293,0,0,0,0,0,0,0,0
"2011076",5294,0,2,179,0,1,87,0,2
"2011077",5295,0,1,195,0,0,70,1,1
"2011078",5296,0,0,61,1,0,47,0,0
"2011079",5297,0,4,242,0,0,62,0,1
"2011080",5298,0,0,51,0,0,27,0,0
"2011081",5299,0,0,15,0,0,2,0,0
"2011082",5300,0,0,0,0,0,0,0,0
"2011083",5301,0,0,0,0,0,0,0,0
"2011084",5302,0,0,16,0,0,11,0,0
"2011085",5303,0,0,33,0,1,27,0,0
"2011086",5304,0,0,83,0,1,63,0,0
"2011087",5305,0,0,108,0,0,85,0,0
"2011088",5306,0,0,28,0,0,21,0,0
"2011089",5307,0,0,0,0,0,0,0,0
"2011090",5308,0,0,3,0,0,1,0,0
"2011091",5309,0,1,156,0,0,73,0,0
"2011092",5310,0,1,40,0,0,21,0,0
"2011093",5311,0,0,50,1,0,31,0,0
"2011094",5312,0,0,0,0,0,0,0,0
"2011095",5313,0,0,67,0,0,45,0,0
"2011096",5314,0,1,78,0,0,54,1,0
"2011097",5315,0,0,56,0,0,41,0,0
"2011098",5316,0,0,226,0,0,45,0,0
"2011099",5317,0,0,0,0,0,0,0,0
"2011100",5318,0,0,25,0,0,11,0,0
"2011101",5319,0,0,77,0,0,38,0,0
"2011102",5320,0,0,87,0,0,51,0,0
"2011103",5321,0,1,72,0,0,40,0,1
"2011104",5322,0,0,75,0,0,33,0,0
"2011105",5323,0,0,12,0,0,3,0,0
"2011106",5324,0,0,60,0,0,11,0,0
"2011107",5325,0,0,10,0,0,3,0,0
"2011108",5326,0,1,12,0,0,6,0,0
"2011109",5327,0,0,2,0,0,2,0,0
"2011110",5328,0,0,65,0,0,41,0,0
"2011111",5329,0,0,58,0,0,47,0,0
"2011112",5330,0,0,58,0,0,37,0,0
"2011113",5331,0,3,148,0,1,76,0,0
"2011114",5332,0,0,164,0,0,48,0,0
"2011115",5333,0,0,28,0,0,12,0,0
"2011116",5334,0,0,9,0,1,4,0,0
"2011117",5335,0,0,127,0,0,81,0,0
"2011118",5336,1,0,196,0,2,82,0,1
"2011119",5337,0,0,0,0,0,0,0,0
"2011120",5338,0,0,22,0,0,16,0,0
"2011121",5339,0,0,12,0,0,4,0,0
"2011122",5340,0,0,69,0,0,26,0,0
"2011123",5341,0,0,50,0,0,34,0,0
"2011124",5342,0,0,0,0,0,0,0,0
"2011125",5343,0,0,0,0,0,0,0,0
"2011126",5344,0,0,149,0,0,49,0,0
"2011127",5345,0,0,93,0,0,29,0,0
"2011128",5346,0,0,108,0,0,51,1,0
"2011129",5347,0,0,0,0,0,0,0,0
"2011130",5348,0,0,41,0,0,18,0,0
"2011131",5349,0,0,16,0,0,7,0,0
"2011132",5350,0,0,0,0,0,0,0,0
"2011133",5351,0,0,3,0,0,0,0,0
"2011134",5352,0,0,85,0,0,39,0,0
"2011135",5353,0,0,121,0,1,61,0,0
"2011136",5354,0,0,144,0,0,56,0,0
"2011137",5355,1,1,102,0,0,43,0,0
"2011138",5356,0,0,76,0,0,43,0,0
"2011139",5357,0,0,245,0,0,71,0,2
"2011140",5358,0,0,14,0,0,5,0,0
"2011141",5359,0,0,0,0,0,0,0,0
"2011142",5360,0,0,5,0,0,6,0,0
"2011143",5361,0,0,0,0,0,0,0,0
"2011144",5362,0,1,55,0,0,41,0,0
"2011145",5363,0,0,73,0,1,31,0,1
"2011146",5364,0,0,59,0,0,25,0,0
"2011147",5365,0,0,6,0,0,2,0,0
"2011148",5366,0,0,87,0,0,20,0,1
"2011149",5367,0,0,143,0,1,46,1,0
"2011150",5368,0,0,0,0,0,0,0,0
"2011151",5369,0,0,31,0,0,23,0,0
"2011152",5370,0,0,6,0,0,4,0,0
"2011153",5371,0,0,0,0,0,0,0,0
"2011154",5372,0,0,0,0,0,0,0,0
"2011155",5373,0,0,0,0,0,0,0,0
"2011156",5374,0,0,0,0,0,0,0,0
"2011157",5375,0,0,0,0,0,0,0,0
"2011158",5376,0,0,0,0,0,0,0,0
"2011159",5377,0,0,0,0,0,0,0,0
"2011160",5378,0,0,0,0,0,0,0,0
"2011161",5379,0,0,0,0,0,0,0,0
"2011162",5380,0,0,0,0,0,0,0,0
"2011163",5381,0,0,0,0,0,0,0,0
"2011164",5382,0,0,0,0,0,0,0,0
"2011165",5383,0,0,0,0,0,0,0,0
"2030001",5384,0,0,136,0,1,36,1,0
"2030002",5385,0,0,197,0,0,31,0,0
"2030003",5386,0,0,302,0,0,53,1,0
"2030004",5387,0,0,100,0,1,19,0,0
"2030005",5388,0,0,39,0,0,7,0,0
"2030006",5389,0,0,51,0,0,13,0,0
"2030007",5390,0,0,50,0,0,6,2,0
"2030008",5391,1,0,105,0,1,48,1,0
"2030009",5392,1,0,80,0,0,21,0,0
"2030010",5393,1,1,48,0,0,10,0,0
"2030011",5394,0,1,42,0,0,5,0,0
"2030012",5395,0,0,42,0,0,21,0,0
"2030013",5396,1,0,36,0,0,22,0,0
"2030014",5397,0,0,56,0,0,26,0,0
"2030015",5398,0,0,17,0,0,3,0,0
"2030016",5399,0,0,21,0,0,5,0,1
"2030017",5400,1,0,160,0,0,15,0,0
"2030018",5401,0,0,77,0,1,28,0,0
"2030019",5402,0,0,72,0,0,34,0,0
"2030020",5403,0,0,77,0,0,31,0,0
"2030021",5404,0,0,48,0,0,3,0,0
"2030022",5405,0,0,158,0,1,22,0,0
"2030023",5406,0,0,1,0,0,5,0,0
"2030024",5407,1,0,46,0,0,14,0,0
"2030025",5408,0,0,47,0,0,37,0,0
"2030026",5409,1,0,38,0,1,15,0,0
"2050101",5410,0,0,1,0,0,0,0,0
"2050102",5411,0,0,5,0,0,3,1,0
"2050201",5412,0,0,0,0,0,0,0,0
"2050202",5413,0,0,8,0,1,6,2,0
"2050301",5414,0,0,11,0,0,7,0,0
"2050401",5415,0,0,4,0,0,3,0,0
"2070001",5416,1,2,11,0,0,21,1,1
"2070002",5417,1,1,43,1,2,22,0,0
"2070003",5418,0,0,22,0,0,8,0,0
"2070004",5419,1,0,17,0,0,6,0,0
"2070005",5420,0,1,17,0,1,9,0,0
"2070006",5421,0,0,15,0,0,5,0,0
"2070007",5422,0,0,5,1,0,2,0,1
"2070008",5423,0,0,10,0,0,10,0,0
"2070009",5424,1,0,8,0,2,6,0,0
"2070010",5425,0,0,11,0,0,4,1,0
"2090100",5426,0,0,0,0,0,0,0,0
"2090101",5427,0,0,0,0,0,0,0,0
"2090102",5428,0,0,0,0,0,0,0,0
"2090103",5429,0,0,0,0,0,0,0,0
"2090110",5430,0,5,131,0,3,127,0,1
"2090112",5431,0,5,205,0,0,246,0,0
"2090113",5432,0,2,124,0,0,171,0,0
"2090114",5433,0,4,131,0,2,135,0,0
"2090115",5434,0,5,115,0,1,117,0,0
"2090120",5435,0,0,29,0,0,50,0,0
"2090121",5436,0,2,100,0,0,175,0,0
"2090122",5437,1,1,24,1,0,45,1,0
"2090125",5438,0,1,41,1,0,20,1,1
"2090128",5439,0,0,22,0,0,16,0,0
"2090132",5440,0,0,53,0,1,99,0,0
"2090134",5441,0,1,73,0,0,42,0,0
"2090136",5442,0,1,84,2,0,44,1,1
"2090140",5443,0,4,64,0,1,235,0,0
"2090141",5444,0,0,44,0,0,91,0,0
"2090142",5445,0,1,28,0,1,224,0,0
"2090145",5446,0,1,18,0,0,74,0,0
"2090200",5447,0,0,0,0,0,0,0,0
"2090203",5448,0,3,169,0,0,149,2,0
"2090204",5449,0,0,5,0,0,5,0,0
"2090205",5450,0,3,114,0,2,99,1,1
"2090206",5451,0,3,119,0,1,101,0,0
"2090216",5452,0,0,5,0,0,5,0,0
"2090217",5453,0,0,0,0,0,2,0,0
"2090218",5454,0,0,1,0,0,2,0,0
"2090219",5455,0,0,26,0,0,17,0,0
"2090220",5456,0,0,184,0,0,179,0,0
"2090221",5457,1,1,51,0,1,51,0,1
"2090223",5458,0,3,156,0,1,90,2,0
"2090225",5459,0,0,8,0,0,5,0,0
"2090227",5460,0,1,128,0,0,93,0,0
"2090228",5461,0,1,27,0,0,14,0,0
"2090231",5462,0,1,101,0,1,79,0,0
"2090252",5463,0,1,86,1,0,55,0,0
"2090253",5464,0,1,93,0,0,84,0,0
"2090254",5465,0,0,22,0,0,23,0,0
"2090314",5466,1,5,121,2,2,78,0,0
"2090315",5467,0,5,136,0,0,88,0,0
"2090316",5468,1,2,122,1,2,107,0,2
"2090317",5469,2,0,29,0,0,57,0,0
"2090319",5470,0,0,67,0,0,59,0,0
"2090320",5471,1,0,117,0,0,121,0,0
"2090325",5472,0,0,44,0,1,27,1,0
"2090330",5473,0,0,14,0,0,37,0,0
"2090331",5474,0,0,47,0,0,103,0,0
"2090332",5475,0,2,164,0,0,359,0,0
"2090333",5476,0,0,146,0,0,157,0,0
"2090335",5477,1,3,188,0,0,217,0,1
"2090336",5478,0,3,129,0,0,233,0,0
"2090337",5479,0,0,156,0,0,145,0,0
"2090338",5480,0,1,150,0,1,134,0,0
"2090339",5481,0,0,60,0,0,62,0,0
"2090340",5482,1,2,104,1,1,184,0,0
"2090342a",5483,0,1,50,0,0,27,0,1
"2090342b",5484,0,0,3,0,0,0,0,0
"2090344",5485,0,0,150,0,2,149,0,0
"2090347",5486,1,2,99,0,0,191,0,0
"2090351",5487,0,1,27,1,0,121,0,1
"2090371",5488,0,1,65,0,0,51,0,0
"2090372",5489,0,0,2,0,0,7,0,0
"2090400",5490,0,0,0,0,0,0,0,0
"2090422",5491,0,1,109,0,0,95,0,0
"2090423a",5492,0,1,73,0,0,60,0,0
"2090423b",5493,0,0,0,0,0,0,0,0
"2090423c",5494,0,0,0,0,0,0,0,0
"2090424",5495,0,1,96,0,0,85,0,1
"2090425",5496,0,0,63,0,1,35,0,0
"2090426",5497,1,1,195,0,1,170,1,0
"2090430",5498,0,0,71,0,0,83,0,0
"2090432",5499,0,1,115,0,0,80,0,0
"2090435",5500,0,2,132,2,2,114,0,2
"2090436",5501,0,1,47,0,0,26,0,0
"2090438",5502,0,0,9,0,0,11,0,0
"2090440",5503,0,0,15,0,1,19,0,0
"2090441",5504,0,0,126,0,1,125,0,0
"2090442",5505,0,0,151,0,0,139,1,0
"2090443",5506,0,0,97,0,0,71,0,0
"2090444",5507,0,0,119,0,1,110,0,0
"2090445",5508,0,2,97,0,2,89,0,0
"2090446",5509,1,1,60,0,1,48,0,1
"2090448",5510,0,0,108,0,1,99,0,0
"2090449",5511,0,1,54,0,1,64,0,0
"2090450a",5512,0,0,35,0,0,40,0,0
"2090450b",5513,0,0,14,0,0,17,0,0
"2090451",5514,0,0,77,0,1,64,0,0
"2110101",5515,0,0,2,0,0,0,0,0
"2110201",5516,0,0,2,0,0,0,0,0
"2110202",5517,0,0,0,0,0,0,0,0
"2110301",5518,0,0,9,0,0,6,0,0
"2110302",5519,0,0,0,0,0,0,0,0
"2110303",5520,0,0,0,0,0,0,0,0
"2110401",5521,0,0,2,0,0,2,0,0
"2110402",5522,0,0,0,0,0,0,0,0
"2130001",5523,1,0,14,0,0,12,0,0
"2130002",5524,0,0,8,0,0,2,0,0
"2130003",5525,0,1,152,0,1,26,1,1
"2130004",5526,0,0,48,0,0,25,0,0
"213001a",5527,0,0,44,0,1,35,0,0
"213001m",5528,0,0,102,0,0,22,0,0
"213001t",5529,1,0,64,0,1,26,0,1
"213002e",5530,0,0,41,1,1,31,0,0
"213002m",5531,0,1,25,0,0,10,0,0
"213003b",5532,0,0,38,0,1,26,1,0
"213003c",5533,0,0,56,0,0,17,0,0
"213003m",5534,0,0,31,1,1,7,0,1
"213003n",5535,0,0,33,0,0,18,0,0
"213004a",5536,0,0,31,0,0,10,0,0
"213004b",5537,0,1,44,0,0,31,1,0
"213004w",5538,0,0,19,0,0,8,0,0
"21301cr",5539,1,0,36,0,0,29,0,0
"21301mn",5540,1,0,47,0,0,8,0,0
"21301tc",5541,0,0,76,0,0,31,2,0
"21303cs",5542,0,0,47,0,0,10,0,0
"21303nw",5543,0,0,21,0,0,11,0,0
"21303ws",5544,0,0,38,0,0,14,0,0
"21304lp",5545,0,0,125,0,0,23,0,0
"21304ms",5546,0,0,92,1,0,9,2,0
"21304se",5547,1,0,83,0,1,48,0,0
"2132gbn",5548,0,0,76,0,0,23,1,0
"2132gbs",5549,1,0,56,0,0,33,2,1
"2132psn",5550,0,0,53,0,0,22,0,0
"2132pss",5551,0,0,66,0,0,23,1,0
"2134nlp",5552,0,0,31,1,0,14,0,0
"2150001",5553,0,4,90,0,1,29,1,0
"2150002",5554,1,9,234,0,0,89,1,2
"2150003",5555,2,9,218,0,0,39,1,2
"2150004",5556,0,5,322,0,1,115,0,0
"2150005",5557,8,10,255,1,3,82,4,4
"2150006",5558,0,5,162,0,1,67,1,2
"2150007",5559,1,11,317,0,8,166,4,2
"2150008",5560,3,4,131,2,0,68,3,3
"2150009",5561,2,11,340,2,2,173,2,0
"2150010",5562,0,4,350,0,3,85,1,1
"2150011",5563,1,10,295,0,2,87,2,2
"2150012",5564,0,0,62,0,1,19,0,0
"2150013",5565,1,7,382,3,4,206,1,1
"2150014",5566,2,3,216,0,2,83,2,0
"2150015",5567,0,0,88,0,4,22,2,0
"2150016",5568,5,26,843,1,4,250,1,8
"2150017",5569,3,16,396,0,6,115,2,3
"2150018",5570,0,1,44,0,1,9,0,0
"2150019",5571,0,1,24,0,0,8,0,3
"2150020",5572,2,7,249,1,1,100,2,5
"2150021",5573,0,1,45,0,2,30,0,0
"2150022",5574,0,7,129,0,0,47,1,3
"2150023",5575,1,5,258,1,0,79,0,1
"2150024",5576,0,1,6,0,0,6,0,1
"2150025",5577,0,3,255,0,0,118,1,2
"2150026",5578,1,7,96,1,1,26,0,1
"2150027",5579,0,3,94,0,1,27,0,0
"2150028",5580,0,4,200,0,1,77,1,0
"2150029",5581,0,2,48,1,0,20,0,0
"2150030",5582,0,9,328,2,4,160,0,1
"2150031",5583,0,9,169,0,0,67,0,0
"2150032",5584,0,13,387,0,2,114,2,1
"2150033",5585,2,5,265,0,4,98,4,2
"2150034",5586,0,2,121,1,1,33,0,0
"2150035",5587,0,18,436,0,2,149,1,0
"2150036",5588,0,8,580,2,4,192,3,1
"2150037",5589,0,2,85,0,0,39,0,0
"2150038",5590,1,12,202,2,1,137,4,2
"2150039",5591,0,3,189,2,2,53,0,0
"2150040",5592,0,35,423,1,4,137,1,4
"2150041",5593,1,13,348,2,3,131,0,1
"2150042",5594,1,13,476,1,4,169,1,1
"2150043",5595,1,2,131,0,2,65,1,0
"2150044",5596,0,5,114,2,0,53,2,1
"2150045",5597,1,6,218,1,4,76,0,1
"2150046",5598,0,3,37,0,0,11,0,0
"2150047",5599,0,3,159,0,0,40,2,2
"2150048",5600,3,6,361,2,6,94,2,5
"2150049",5601,0,5,253,1,0,90,2,1
"2150050",5602,0,10,318,1,2,121,3,2
"2150051",5603,2,9,380,1,3,88,2,3
"2150052",5604,2,8,360,1,4,184,2,1
"2150053",5605,0,7,323,0,1,94,0,0
"2150054",5606,0,0,98,0,0,36,0,1
"2150055",5607,3,10,430,2,2,92,0,3
"2150056",5608,0,11,482,3,7,136,2,0
"2150057",5609,0,4,120,1,0,52,0,0
"2150058",5610,1,19,370,1,9,172,0,1
"2150059",5611,0,6,190,1,1,82,1,1
"2150060",5612,1,5,202,0,1,112,0,0
"2150061",5613,3,4,251,0,2,79,1,0
"2150062",5614,2,6,237,1,4,133,0,1
"2150063",5615,0,1,71,0,0,20,0,0
"2150064",5616,0,4,123,0,3,66,0,1
"2150065",5617,1,5,172,0,2,94,1,1
"2150066",5618,0,2,121,0,0,57,2,0
"2150067",5619,1,3,229,1,3,114,2,2
"2150068",5620,1,8,283,2,1,105,2,3
"2150069",5621,0,9,237,2,2,89,1,1
"2150070",5622,1,4,174,1,2,60,2,1
"2150071",5623,0,1,28,0,0,7,0,0
"2150072",5624,0,4,139,0,0,62,0,0
"2150073",5625,2,6,231,2,3,142,0,1
"2150074",5626,1,0,33,0,1,15,0,0
"2150075",5627,0,0,5,0,1,2,0,0
"2150076",5628,0,0,0,0,0,1,0,0
"2150077",5629,1,5,225,0,4,73,1,1
"2150078",5630,0,5,229,0,3,99,1,1
"2150079",5631,1,4,220,1,1,76,0,1
"2150080",5632,0,1,120,0,1,39,1,1
"2150081",5633,0,5,186,0,0,98,1,1
"2150082",5634,0,0,2,0,0,1,0,0
"2150083",5635,0,8,271,2,3,147,2,2
"2150084",5636,0,4,161,0,1,92,2,0
"2150085",5637,3,13,496,1,2,142,1,0
"2150086",5638,1,3,72,0,0,23,0,1
"2150087",5639,1,2,83,0,0,33,0,0
"2150088",5640,0,7,183,0,3,63,1,0
"2150089",5641,0,0,1,0,0,0,0,0
"2150090",5642,4,33,1188,3,6,325,9,3
"2150091",5643,1,3,94,0,1,26,0,0
"2150092",5644,0,3,23,0,0,4,0,0
"2150093",5645,0,1,17,0,0,6,0,0
"2150094",5646,1,9,292,2,6,79,0,1
"2150095",5647,1,12,356,0,5,112,6,0
"2150096",5648,0,3,243,2,4,147,2,0
"2150097",5649,0,5,216,0,3,93,1,1
"2150098",5650,2,11,467,0,8,189,3,1
"2150099",5651,0,6,219,1,3,90,3,3
"2150100",5652,2,11,436,1,3,163,2,3
"2150101",5653,0,2,60,0,1,37,2,0
"2150102",5654,1,0,69,0,2,34,0,0
"2150103",5655,1,8,370,4,8,155,6,3
"2150104",5656,0,2,206,0,1,83,1,3
"2150105",5657,2,3,340,1,1,153,0,2
"2150106",5658,1,4,296,0,4,152,1,2
"2150107",5659,1,11,348,1,1,149,0,2
"2150108",5660,1,6,398,2,2,115,4,1
"2150109",5661,0,5,244,0,3,224,1,0
"2150110",5662,0,5,113,1,1,52,1,0
"2150111",5663,0,13,341,2,7,217,1,1
"2150112",5664,1,13,321,1,3,80,2,0
"2150113",5665,5,18,449,2,9,248,4,4
"2150114",5666,1,21,440,5,8,269,7,4
"2150115",5667,1,11,371,2,2,117,3,0
"2150116",5668,0,2,133,1,0,63,0,0
"2150117",5669,0,5,222,0,0,93,1,0
"2150118",5670,0,3,189,1,1,75,1,2
"2150119",5671,0,6,201,2,2,67,1,1
"2150120",5672,2,17,333,0,4,106,1,1
"2150121",5673,0,1,21,0,0,12,0,0
"2150122",5674,0,5,202,0,3,72,1,1
"2150123",5675,0,2,151,0,2,53,0,1
"2150124",5676,0,3,128,0,1,81,1,0
"2150125",5677,0,3,83,0,1,24,0,0
"2150126",5678,0,3,185,0,4,62,0,0
"2150127",5679,0,5,226,0,0,41,0,0
"2150128",5680,1,4,197,1,1,79,1,1
"2150129",5681,0,0,20,0,1,7,0,0
"2150130",5682,0,1,69,0,4,32,1,0
"2150131",5683,0,1,5,0,0,1,0,0
"2150132",5684,0,6,173,0,2,48,0,0
"2150133",5685,0,0,6,0,0,0,0,0
"2150134",5686,2,12,218,1,5,159,0,2
"2150135",5687,0,2,140,0,1,83,0,0
"2150136",5688,0,1,146,0,4,104,2,0
"2150137",5689,0,1,6,0,0,0,0,0
"2150138",5690,0,1,42,0,0,12,2,0
"2150139",5691,0,0,40,0,1,20,0,1
"2150140",5692,0,0,4,0,0,0,0,0
"2150141",5693,0,0,4,0,0,2,0,0
"2150142",5694,0,0,150,0,0,75,0,0
"2150143",5695,2,8,369,1,3,118,0,3
"2150144",5696,0,1,6,0,0,0,0,0
"2150145",5697,1,5,120,1,0,41,1,1
"2150146",5698,0,13,230,1,0,94,0,0
"2150147",5699,0,0,6,0,0,1,0,0
"2150148",5700,0,0,5,0,0,1,0,1
"2150149",5701,0,0,12,0,0,2,0,0
"2150150",5702,0,2,64,0,1,38,0,0
"2150151",5703,0,9,351,0,3,174,1,0
"2150152",5704,1,4,321,0,4,126,1,2
"2150153",5705,0,1,38,1,0,14,0,0
"2150154",5706,0,10,224,1,4,76,0,1
"2150155",5707,0,4,47,0,0,28,0,0
"2150156",5708,0,4,266,1,4,69,0,1
"2150157",5709,0,1,123,0,0,41,0,0
"2150158",5710,0,3,194,1,2,82,1,5
"2150159",5711,1,1,47,0,0,10,1,0
"2150160",5712,0,0,16,0,0,6,1,0
"2150161",5713,1,2,188,0,3,73,2,0
"2150162",5714,0,1,62,0,0,36,0,0
"2150163",5715,2,10,190,1,1,76,0,0
"2150164",5716,1,1,107,0,1,64,0,0
"2150165",5717,0,2,58,0,1,24,0,0
"2150166",5718,0,1,31,0,0,23,0,0
"2150167",5719,0,0,49,0,1,30,0,0
"2150168",5720,0,2,50,0,0,16,1,0
"2150169",5721,0,0,58,0,0,25,0,0
"2150170",5722,0,4,70,0,0,26,0,1
"2150171",5723,0,0,4,0,0,0,0,0
"2150172",5724,0,0,4,0,0,1,0,0
"2150173",5725,0,3,109,0,1,36,0,2
"2150174",5726,1,6,122,0,1,31,1,1
"2150175",5727,0,4,131,0,0,53,0,2
"2150176",5728,0,0,98,1,2,35,0,0
"2150177",5729,0,1,66,0,0,18,0,0
"2150178",5730,0,0,1,0,0,0,0,0
"2150179",5731,0,0,55,0,1,15,0,0
"2150180",5732,0,0,11,0,0,2,0,0
"2150181",5733,0,1,50,1,2,27,0,0
"2150182",5734,0,1,51,1,0,18,0,0
"2150183",5735,0,7,198,0,2,67,0,0
"2150184",5736,0,0,1,0,0,2,0,0
"2150185",5737,0,0,1,0,0,0,0,0
"2150186",5738,0,4,54,0,0,12,0,0
"2150187",5739,1,7,232,1,3,90,0,0
"2150188",5740,0,1,110,0,2,62,0,0
"2150189",5741,0,1,30,0,0,16,0,0
"2150190",5742,0,0,45,0,0,18,0,0
"2150191",5743,0,5,48,0,0,20,0,1
"2150192",5744,0,2,25,0,0,7,0,0
"2150193",5745,0,2,19,0,1,7,0,0
"2150194",5746,0,4,178,0,1,81,1,2
"2150195",5747,0,2,55,0,0,16,1,1
"2150196",5748,1,2,79,1,3,47,0,1
"2150197",5749,0,2,40,0,0,10,1,0
"2150198",5750,2,4,131,1,1,43,1,1
"2150199",5751,2,4,165,0,2,110,0,1
"2150200",5752,0,8,238,0,2,115,0,0
"2150201",5753,0,5,89,0,1,52,0,1
"2150202",5754,1,0,75,0,1,21,0,0
"2150203",5755,1,2,203,0,2,115,1,1
"2150204",5756,1,0,66,0,0,20,0,0
"2150205",5757,0,0,11,0,0,3,0,0
"2150206",5758,0,0,70,0,0,43,0,0
"2150207",5759,1,2,212,1,4,127,0,0
"2150208",5760,0,0,14,0,0,4,0,0
"2150209",5761,0,3,71,0,0,25,0,0
"2150210",5762,0,0,31,0,0,17,0,1
"2150211",5763,0,0,18,0,0,10,0,0
"2150212",5764,0,3,91,1,0,43,0,0
"2150213",5765,0,1,18,0,0,4,0,0
"2150214",5766,1,5,233,1,3,79,1,0
"2150215",5767,1,1,59,0,0,31,0,1
"2150216",5768,0,1,171,0,0,55,0,0
"2150217",5769,0,2,10,0,0,5,0,0
"2150218",5770,0,4,46,0,0,32,0,0
"2150219",5771,1,3,69,0,0,33,0,2
"2150220",5772,0,1,64,0,0,15,1,0
"2150221",5773,0,1,109,0,1,57,0,0
"2150222",5774,0,0,0,1,1,0,0,0
"2150223",5775,0,1,19,0,1,5,0,0
"2150224",5776,0,1,17,0,1,10,0,0
"2150225",5777,0,0,47,0,1,15,0,0
"2150226",5778,1,3,195,0,0,68,1,2
"2150227",5779,4,15,328,1,4,116,1,1
"2150228",5780,0,4,120,1,1,51,2,2
"2150229",5781,0,3,72,0,2,24,0,0
"2150230",5782,0,0,42,0,0,16,1,1
"2150231",5783,0,0,25,0,1,11,0,0
"2150232",5784,0,6,155,1,1,54,0,1
"2150233",5785,0,0,0,0,0,0,0,0
"2150234",5786,2,10,300,3,4,108,5,3
"2150235",5787,0,0,46,0,6,27,1,1
"2150236",5788,0,1,27,0,0,24,1,0
"2150237",5789,0,4,144,0,1,44,1,0
"2150238",5790,0,0,7,0,0,4,0,0
"2150239",5791,1,4,187,0,4,63,2,1
"2150240",5792,0,4,54,0,0,30,0,0
"2150241",5793,0,1,18,0,1,5,0,0
"2150242",5794,0,0,4,0,0,1,0,0
"2150243",5795,0,0,8,0,0,1,0,0
"2150244",5796,0,1,65,0,1,40,0,0
"2150245",5797,0,0,23,0,0,6,0,0
"2150246",5798,0,0,0,0,0,0,0,0
"2150247",5799,0,0,13,0,0,5,0,0
"2150248",5800,0,0,6,0,0,1,0,0
"2150249",5801,1,1,43,0,1,12,1,0
"2150250",5802,0,1,13,0,0,3,0,0
"2150251",5803,0,0,5,0,0,0,0,0
"2150252",5804,0,0,0,0,0,1,0,0
"2150253",5805,1,1,73,0,1,14,1,0
"2150254",5806,0,4,179,1,1,67,1,1
"2150255",5807,0,1,29,0,0,9,0,0
"2150256",5808,0,1,30,0,0,17,0,0
"2150257",5809,0,1,66,2,1,18,0,0
"2150258",5810,0,0,4,0,0,1,0,0
"2150259",5811,0,2,63,0,1,31,1,1
"2170001",5812,0,1,84,1,0,23,0,3
"2170002",5813,3,1,59,0,1,27,0,0
"2170003",5814,0,1,54,0,1,14,0,1
"2170004",5815,1,0,62,0,1,25,0,0
"2170005",5816,0,0,21,0,0,22,0,0
"2170006",5817,0,0,52,0,0,28,0,0
"2170007",5818,0,0,32,0,0,18,0,0
"2170008",5819,0,0,67,0,1,32,0,0
"2170009",5820,0,0,50,0,0,16,0,0
"2170010",5821,0,0,80,0,0,24,0,0
"2170011",5822,0,0,14,0,0,4,0,0
"2170012",5823,0,0,56,0,0,25,0,2
"2170013",5824,1,0,87,1,0,39,3,1
"2190011",5825,0,0,7,0,1,4,0,0
"2190014",5826,0,0,4,0,0,1,0,0
"2190015",5827,0,0,5,0,0,3,0,0
"2190016",5828,1,3,36,1,2,27,1,0
"2190021",5829,0,1,30,0,1,17,0,0
"2190024",5830,0,0,8,0,0,4,0,0
"2190032",5831,0,1,37,1,1,19,0,0
"2190033",5832,0,0,0,0,0,0,0,0
"2190035",5833,0,0,4,0,0,3,0,0
"2190036",5834,0,0,12,0,0,6,0,0
"2190043",5835,0,0,1,0,0,1,0,0
"2190044",5836,0,0,1,0,0,0,0,0
"2190045",5837,0,1,32,0,0,27,0,0
"2190046",5838,0,0,6,0,0,4,0,0
"2210101",5839,0,0,60,0,0,35,2,0
"2210103",5840,0,1,77,0,0,51,0,0
"2210105",5841,0,0,53,0,4,21,0,0
"2210107",5842,0,0,13,0,1,11,0,0
"2210112",5843,0,0,44,0,0,21,0,0
"2210202",5844,0,0,88,0,0,56,0,0
"2210211",5845,0,1,28,1,1,17,0,0
"2210216",5846,1,0,81,1,0,30,1,1
"2210218",5847,0,0,61,1,0,25,0,0
"2210310",5848,1,0,41,1,0,29,0,0
"2210313",5849,2,0,69,0,0,33,0,1
"2210314",5850,1,1,72,0,0,43,2,0
"2210317",5851,0,0,30,0,0,27,0,0
"2210404",5852,1,0,46,1,0,35,0,0
"2210408",5853,0,0,69,0,0,38,0,0
"2210409",5854,0,0,87,0,0,50,0,0
"2210415",5855,0,0,9,0,0,5,0,0
"2230001",5856,0,0,62,0,0,29,1,0
"2230002",5857,0,1,45,0,1,36,0,0
"2230003",5858,0,0,59,0,0,29,0,1
"2230004",5859,0,0,25,0,0,16,1,0
"2230005",5860,0,1,13,0,0,6,0,0
"2230008",5861,0,0,6,0,0,4,0,0
"2230011",5862,0,0,28,0,0,12,0,0
"2230012",5863,0,0,10,0,1,4,0,0
"2230013",5864,1,0,25,0,1,16,0,0
"2230014",5865,0,0,13,0,0,14,0,0
"2230016",5866,0,0,23,0,0,9,0,0
"2230017",5867,0,0,45,0,0,14,0,0
"223001a",5868,0,0,35,0,0,13,0,0
"2230020",5869,0,0,7,0,0,6,0,0
"2230023",5870,0,0,7,0,0,2,0,0
"2230024",5871,0,0,18,0,0,4,0,0
"2230025",5872,0,0,4,0,0,5,1,0
"223002a",5873,1,0,95,0,1,17,0,0
"2230036",5874,0,0,12,0,0,10,0,0
"223003a",5875,0,1,50,0,0,32,0,0
"223004a",5876,0,1,46,0,0,20,0,0
"2250001",5877,1,0,75,0,0,12,0,0
"2250002",5878,0,0,87,0,0,9,0,0
"2250003",5879,0,1,154,0,0,9,1,0
"2250004",5880,0,0,79,0,0,20,1,0
"2250005",5881,1,0,30,1,0,11,1,0
"2250006",5882,0,1,50,0,0,8,0,0
"2250007",5883,1,0,24,0,0,2,1,0
"2250008",5884,1,0,11,0,0,3,1,0
"2250009",5885,0,0,4,0,0,4,0,0
"2250010",5886,0,0,8,0,1,5,0,0
"2250011",5887,0,0,4,0,0,1,0,0
"2250012",5888,0,0,3,0,0,6,0,0
"2250014",5889,0,0,8,0,0,9,0,0
"2250015",5890,0,1,20,0,0,3,0,0
"2250016",5891,0,0,4,0,0,1,0,0
"2250017",5892,0,0,0,0,0,0,0,0
"2250018",5893,0,0,13,0,0,2,0,0
"2250019",5894,0,0,36,0,0,11,1,0
"2250020",5895,0,0,4,0,0,1,0,0
"2250021",5896,0,0,14,1,0,5,0,0
"2250022",5897,1,0,12,0,0,2,0,0
"2270011",5898,0,1,32,0,1,21,0,0
"2270012",5899,0,0,22,0,0,8,0,0
"2270013",5900,0,1,15,0,0,9,0,0
"2270014",5901,0,0,9,0,0,5,0,0
"2270016",5902,0,0,5,0,0,5,0,0
"2270024",5903,0,1,13,0,1,6,1,1
"2270025",5904,0,0,32,0,0,17,0,0
"2270026",5905,0,0,6,0,0,3,0,0
"2270031",5906,0,0,2,0,0,0,0,0
"2270032",5907,0,0,2,0,0,0,0,0
"2270033",5908,0,0,37,0,0,22,0,0
"2270034",5909,1,0,22,0,0,13,0,1
"2270035",5910,0,0,8,0,0,3,0,0
"2270037",5911,0,0,0,0,0,0,0,0
"2270041",5912,0,0,0,0,0,0,0,0
"2270042",5913,0,0,7,0,0,7,0,0
"2270045",5914,0,0,25,0,0,14,0,0
"2270046",5915,0,0,32,0,0,15,0,0
"2270103",5916,0,0,4,0,0,9,0,0
"2270104",5917,0,0,0,0,0,0,0,0
"2270105",5918,0,0,0,0,0,0,0,0
"227012a",5919,0,0,3,0,0,0,0,0
"2270205",5920,0,0,15,0,0,6,0,0
"2270207",5921,2,0,19,0,0,7,0,0
"2270208",5922,0,0,0,0,0,0,0,0
"2270209",5923,0,0,0,0,0,0,0,0
"2270304",5924,0,0,10,0,0,1,0,0
"227031a",5925,0,0,0,0,0,0,0,0
"227034a",5926,0,0,0,0,0,1,0,0
"2270404",5927,0,0,13,0,0,6,0,0
"2270405",5928,0,0,3,0,0,2,0,0
"2270408",5929,0,0,0,0,0,0,0,0
"2270409",5930,0,0,4,0,0,6,0,0
"227207c",5931,0,0,9,0,0,4,0,0
"227208c",5932,0,0,2,0,0,2,0,0
"2290001",5933,1,3,30,2,6,30,2,1
"2290002",5934,1,3,19,3,4,15,2,0
"2290004",5935,0,1,14,0,3,14,0,0
"229001w",5936,0,2,9,0,3,8,1,0
"229003n",5937,0,0,7,0,3,7,0,0
"229003s",5938,0,1,16,1,6,19,1,0
"229004s",5939,0,0,1,0,1,1,0,0
"22904nw",5940,0,0,3,0,1,3,0,0
"2310101",5941,0,0,10,0,1,11,0,0
"2310102",5942,0,0,11,0,1,7,0,0
"2310103",5943,0,0,10,0,0,7,0,0
"2310104",5944,0,0,18,0,0,12,0,0
"2310105",5945,1,1,27,0,0,18,0,0
"2310106",5946,0,0,63,0,1,31,0,0
"2310107",5947,0,0,73,0,0,50,0,0
"2310108",5948,1,0,47,0,0,35,0,0
"2310109",5949,0,0,19,0,0,10,0,0
"2310110",5950,0,0,17,0,0,11,0,0
"2310111",5951,0,0,21,0,0,15,0,0
"2310212",5952,0,0,18,0,0,14,0,0
"2310213",5953,0,0,14,0,0,6,0,0
"2310216",5954,0,0,35,0,0,20,0,0
"2310217",5955,0,0,40,0,0,31,1,0
"2310318",5956,0,0,7,0,0,6,1,0
"2310319",5957,0,0,22,0,0,19,0,0
"2310320",5958,0,0,44,0,0,26,0,0
"2310321",5959,0,0,38,0,0,18,0,0
"2310322",5960,0,0,25,0,0,10,0,0
"2310323",5961,1,0,46,0,0,31,0,0
"2310324",5962,0,1,62,0,0,42,0,0
"2310325",5963,0,0,62,0,1,36,0,0
"2310426",5964,0,0,17,0,0,11,0,0
"2310427",5965,0,1,110,0,0,97,1,2
"2310428",5966,0,0,86,0,1,56,0,0
"2310429",5967,0,0,16,0,0,10,0,0
"2310430",5968,0,0,14,0,0,9,0,0
"2310431",5969,0,0,39,0,0,12,0,0
"2310432",5970,0,0,25,1,0,17,0,0
"2310433",5971,0,0,156,1,0,45,0,0
"2310434",5972,0,0,27,0,0,19,0,0
"231214a",5973,0,1,34,0,1,31,0,0
"231214b",5974,0,0,21,0,0,14,0,0
"231215a",5975,0,0,40,0,0,45,0,0
"231215b",5976,0,0,15,0,0,17,0,0
"2330011",5977,0,0,15,0,0,8,0,0
"2330014",5978,0,0,28,0,0,21,0,0
"2330021",5979,2,1,35,0,3,22,2,1
"2330023",5980,1,1,6,0,0,1,0,0
"2330031",5981,0,2,27,1,0,13,1,0
"2330033",5982,0,0,11,0,0,12,0,0
"2330041",5983,0,0,0,0,0,0,0,0
"2330042",5984,0,0,31,0,0,26,0,0
"2350100",5985,0,0,9,0,0,3,0,1
"2350200",5986,0,0,5,0,0,4,0,0
"2350300",5987,0,0,5,0,0,3,0,0
"2350400",5988,0,0,9,0,0,4,0,0
"2370001",5989,0,0,21,0,0,8,1,0
"2370002",5990,1,0,16,0,0,11,0,0
"2370003",5991,0,1,5,0,0,3,0,0
"2370004",5992,0,0,14,0,1,7,0,0
"2370005",5993,0,0,4,0,0,7,0,0
"2370006",5994,0,1,27,1,1,10,0,0
"2390001",5995,1,3,90,0,1,24,2,0
"2390002",5996,1,0,64,0,3,15,2,1
"2390003",5997,0,0,46,0,0,18,0,0
"2390004",5998,0,0,6,0,0,3,0,0
"2390005",5999,0,0,12,0,0,10,0,0
"2390006",6000,0,1,20,0,1,12,0,0
"2390007",6001,0,0,4,0,0,1,0,0
"2390008",6002,1,0,13,0,0,4,0,0
"2390009",6003,0,0,11,0,0,7,0,0
"2410001",6004,0,0,4,0,0,0,0,0
"2410002",6005,0,0,24,0,1,7,0,0
"2410003",6006,0,0,32,0,0,15,0,0
"2410004",6007,0,0,24,0,0,10,0,0
"2410005",6008,0,0,5,0,0,1,0,0
"2410006",6009,1,1,55,1,1,7,1,1
"2410007",6010,0,0,42,0,0,6,0,0
"2410008",6011,0,0,65,0,2,12,0,0
"2410009",6012,1,1,59,1,2,30,1,1
"2410010",6013,0,0,54,0,0,21,0,0
"2410011",6014,0,0,7,0,0,3,0,0
"2410012",6015,0,0,17,0,0,14,0,1
"2410013",6016,0,0,33,0,0,6,0,0
"2410014",6017,1,0,117,1,4,34,0,1
"2410015",6018,1,1,91,0,5,29,0,1
"2410016",6019,0,0,13,0,0,2,0,0
"2410017",6020,0,0,37,0,1,14,0,0
"2410019",6021,0,0,72,0,0,14,0,0
"2410020",6022,0,0,127,1,1,18,0,0
"2410021",6023,0,0,54,0,1,27,0,0
"2430001",6024,0,0,37,1,2,39,1,1
"2430002",6025,1,0,36,0,1,31,1,1
"2430003",6026,0,0,33,0,0,32,0,0
"2430004",6027,0,0,14,0,0,9,0,0
"2430005",6028,0,0,20,1,1,21,0,0
"2450001",6029,1,2,361,4,1,43,6,0
"2450002",6030,0,0,184,0,0,37,1,0
"2450003",6031,0,1,407,0,3,31,1,0
"2450004",6032,0,0,107,1,3,66,1,2
"2450005",6033,0,0,206,1,2,64,0,0
"2450006",6034,0,2,132,0,0,45,0,0
"2450007",6035,0,0,138,0,2,60,1,0
"2450008",6036,0,1,150,0,0,18,0,0
"2450009",6037,5,2,157,1,9,125,0,4
"2450010",6038,0,0,80,0,0,11,1,0
"2450011",6039,0,0,65,0,0,12,1,0
"2450012",6040,0,0,113,0,0,12,0,0
"2450013",6041,0,0,104,0,0,13,0,0
"2450014",6042,0,2,290,0,0,37,2,1
"2450015",6043,0,0,244,0,0,28,0,0
"2450016",6044,0,0,68,0,0,11,0,0
"2450017",6045,1,0,377,3,5,95,3,1
"2450018",6046,2,2,451,0,1,44,0,0
"2450019",6047,0,1,302,0,0,39,1,1
"2450020",6048,0,1,200,0,1,38,2,1
"2450021",6049,0,0,25,0,0,8,0,0
"2450022",6050,0,0,345,0,0,69,2,0
"2450023",6051,0,1,475,1,1,78,0,0
"2450024",6052,1,0,25,0,2,5,0,2
"2450025",6053,2,3,119,1,4,64,0,4
"2450026",6054,0,2,234,1,1,86,2,0
"2450027",6055,2,0,131,0,3,43,1,0
"2450028",6056,2,1,174,0,4,29,1,4
"2450029",6057,2,1,53,3,0,58,1,2
"2450030",6058,2,0,43,1,4,31,0,0
"2450031",6059,1,0,51,0,5,46,1,1
"2450032",6060,0,0,19,0,0,2,1,0
"2450033",6061,0,5,147,1,1,71,2,5
"2450034",6062,0,0,546,0,0,53,1,3
"2450035",6063,0,1,23,0,4,27,1,0
"2450036",6064,0,0,59,0,1,44,2,1
"2450037",6065,2,3,105,1,3,91,1,1
"2450038",6066,1,1,70,0,6,61,1,2
"2450039",6067,0,2,616,0,1,57,1,0
"2450040",6068,3,3,103,1,4,96,1,3
"2450041",6069,0,0,13,0,0,11,0,0
"2450042",6070,1,2,95,5,5,75,4,2
"2450043",6071,4,1,73,4,4,72,0,3
"2450044",6072,0,0,76,0,1,17,0,1
"2450045",6073,1,4,152,0,0,41,0,0
"2450046",6074,0,0,184,0,2,34,2,0
"2450047",6075,1,1,168,0,1,35,0,2
"2450048",6076,0,0,110,0,0,29,0,0
"2450049",6077,0,1,37,0,0,6,1,0
"2450050",6078,0,3,429,0,2,71,1,1
"2450051",6079,0,1,66,0,0,9,0,0
"2450052",6080,0,1,98,0,0,18,0,1
"2450053",6081,1,0,298,0,0,32,1,1
"2450054",6082,1,1,93,0,0,10,0,0
"2450055",6083,0,0,95,0,0,12,1,0
"2450056",6084,2,3,96,4,6,129,0,5
"2450057",6085,1,0,201,1,1,17,1,1
"2450058",6086,0,0,16,1,0,16,1,2
"2450059",6087,0,0,249,0,0,35,1,0
"2450060",6088,0,3,122,1,4,85,1,2
"2450061",6089,1,1,109,0,1,52,0,2
"2450062",6090,1,1,160,1,3,102,1,2
"2450063",6091,0,0,338,0,1,36,0,2
"2450064",6092,0,1,213,0,0,27,1,0
"2450065",6093,0,0,119,1,4,51,1,1
"2450066",6094,1,1,95,3,4,63,0,1
"2450067",6095,0,2,550,0,1,73,2,1
"2450068",6096,0,1,185,0,2,66,0,1
"2450069",6097,3,1,116,2,1,117,1,4
"2450070",6098,2,2,269,2,1,71,0,0
"2450071",6099,0,0,10,0,0,11,0,0
"2450072",6100,1,1,471,2,3,132,3,0
"2450073",6101,0,0,171,1,4,94,1,5
"2450074",6102,4,5,96,2,7,100,2,3
"2450075",6103,0,0,75,0,0,24,0,0
"2450076",6104,1,0,107,0,1,22,0,0
"2450077",6105,0,0,325,0,0,31,1,1
"2450078",6106,2,2,288,0,0,56,0,0
"2450079",6107,1,0,209,2,3,54,0,0
"2450080",6108,1,2,4,0,0,15,0,0
"2450081",6109,0,0,179,0,0,17,0,1
"2450082",6110,0,0,279,0,7,62,0,1
"2450083",6111,0,2,51,1,4,46,0,0
"2450084",6112,0,0,250,0,0,25,0,0
"2450085",6113,1,1,400,1,2,48,0,1
"2450086",6114,0,0,104,0,0,47,0,1
"2450087",6115,1,0,204,0,0,30,2,0
"2450088",6116,0,1,96,0,1,45,0,0
"2450089",6117,1,0,62,0,0,10,0,0
"2450090",6118,0,0,10,0,0,3,0,0
"2450091",6119,0,1,11,0,0,13,0,0
"2450092",6120,0,1,109,1,3,42,0,2
"2450093",6121,0,0,90,0,1,26,0,0
"2450094",6122,2,2,161,0,4,53,2,1
"2450095",6123,0,0,57,0,1,29,1,0
"2450096",6124,0,1,92,0,0,18,0,0
"2450097",6125,0,0,6,0,1,3,0,0
"2450098",6126,0,0,20,1,0,8,1,0
"2450099",6127,0,0,56,0,0,31,0,0
"2450100",6128,0,1,256,0,6,76,1,0
"2450101",6129,0,0,3,0,0,0,0,0
"2450102",6130,0,0,0,0,0,0,0,0
"2450103",6131,0,0,5,0,0,9,1,0
"2450104",6132,0,0,8,0,0,1,0,0
"2470001",6133,3,20,391,0,4,89,5,0
"2470002",6134,3,24,284,1,4,92,3,0
"2470003",6135,1,16,334,2,2,96,3,1
"2470004",6136,2,20,410,0,1,78,2,0
"2470005",6137,0,0,2,0,0,1,0,0
"2490001",6138,2,3,106,0,2,39,1,1
"2490002",6139,1,0,38,1,1,11,0,0
"2490003",6140,1,1,64,0,1,30,1,0
"2490004",6141,5,24,279,2,7,130,3,3
"2490005",6142,1,2,92,1,0,26,0,1
"2490006",6143,2,8,228,1,2,40,0,0
"2490007",6144,2,18,398,8,9,221,6,3
"2490008",6145,2,12,279,5,7,106,2,7
"2490009",6146,0,9,123,0,2,42,1,0
"2490010",6147,6,16,566,3,2,121,2,1
"2490011",6148,2,24,216,0,2,53,4,4
"2490012",6149,0,13,408,2,1,104,3,3
"2490013",6150,0,4,124,0,0,18,0,0
"2490014",6151,0,3,49,1,0,15,1,0
"2490015",6152,3,18,314,2,4,110,4,2
"2490016",6153,2,9,221,1,2,55,2,1
"2490017",6154,2,27,347,3,4,118,5,1
"2490018",6155,0,5,110,1,0,28,4,0
"2490019",6156,0,3,15,0,1,16,1,0
"2490020",6157,1,8,197,0,2,41,0,1
"2490022",6158,1,20,523,1,6,112,2,3
"2510001",6159,0,0,4,0,0,4,0,0
"2510002",6160,0,0,47,0,0,25,0,0
"2510003",6161,0,0,50,0,0,34,0,0
"2510004",6162,0,0,82,0,0,84,0,0
"2510005",6163,0,0,45,2,1,43,0,0
"2510006",6164,0,0,4,0,0,4,0,0
"2510007",6165,0,0,62,0,0,39,0,0
"2510008",6166,0,0,68,0,0,39,1,0
"2510009",6167,0,0,35,0,0,12,0,0
"2510010",6168,0,0,60,0,1,33,1,0
"2510011",6169,0,0,96,0,0,83,1,0
"2510012a",6170,1,0,65,0,0,53,0,0
"2510012b",6171,0,0,20,0,0,15,0,0
"2510013",6172,0,0,59,0,1,42,3,0
"2510014",6173,0,0,2,0,0,5,0,0
"2510015",6174,1,0,28,0,0,23,1,0
"2510016",6175,0,0,15,1,0,19,0,0
"2510017",6176,0,1,79,0,0,45,0,0
"2510018",6177,2,0,106,0,0,60,1,0
"2510019",6178,1,0,110,1,1,78,1,0
"2510020",6179,0,1,66,1,0,21,0,0
"2510021",6180,0,0,35,0,0,28,0,0
"2510022",6181,0,0,98,0,0,59,0,0
"2510023",6182,1,0,48,0,0,35,0,0
"2510024",6183,0,1,73,0,0,35,0,0
"2510025",6184,0,0,33,0,0,14,0,0
"2510026",6185,0,0,32,0,0,12,0,0
"2510027",6186,0,1,38,0,0,26,0,0
"2510028",6187,1,0,46,0,1,26,0,0
"2510029",6188,0,0,18,0,0,15,0,0
"2510030",6189,0,0,35,0,0,19,0,0
"2510031",6190,0,1,15,0,0,13,0,0
"2510032",6191,0,0,97,0,0,64,3,0
"2510033",6192,0,0,58,1,0,43,1,0
"2510034",6193,0,0,48,0,0,48,0,0
"2510035",6194,0,0,76,0,1,60,0,0
"2510036",6195,0,0,34,0,0,35,0,0
"2510037",6196,0,0,43,0,0,33,0,0
"2510038",6197,0,1,15,0,1,8,0,0
"2510039",6198,0,0,47,0,0,44,0,1
"2510040",6199,1,0,63,0,1,65,0,0
"2510041",6200,0,0,101,0,2,68,0,0
"2510042",6201,0,0,59,0,0,33,0,0
"2510043",6202,0,0,56,0,0,22,0,0
"2530001",6203,1,0,42,0,0,20,0,0
"2530002",6204,1,0,63,0,0,25,0,0
"2530003",6205,1,0,31,0,1,21,0,1
"2530004",6206,0,0,37,0,0,29,1,0
"2550001",6207,4,9,181,2,7,101,10,2
"2550002",6208,2,0,8,0,4,9,3,0
"2550003",6209,0,1,2,0,0,5,0,0
"2550004",6210,2,7,133,2,7,77,11,0
"2550005",6211,0,4,71,1,1,34,3,1
"2550006",6212,2,2,7,0,2,23,0,1
"2550007",6213,2,0,19,0,7,37,4,1
"2550008",6214,1,0,16,2,0,10,2,0
"2550009",6215,1,1,11,0,1,14,0,1
"2550010",6216,2,1,16,3,0,19,2,0
"2550011",6217,2,0,59,2,6,53,5,2
"2550012",6218,1,0,41,4,4,38,4,0
"2550013",6219,0,0,1,1,1,2,0,0
"2550014",6220,0,3,148,0,6,54,3,0
"2550015",6221,0,1,13,0,0,3,0,0
"2570001",6222,0,1,110,0,1,38,0,0
"2570002",6223,0,0,25,1,0,22,0,0
"2570003",6224,0,0,61,0,1,26,0,0
"2570004",6225,1,0,63,0,0,23,0,0
"2570005",6226,0,0,232,0,0,29,0,0
"2570006",6227,0,0,53,0,0,37,0,0
"2570007",6228,0,0,61,0,0,32,0,1
"2570008",6229,0,0,80,0,1,28,0,0
"2570009",6230,0,0,59,0,1,20,0,0
"2570010",6231,0,0,46,0,0,23,0,0
"2570011",6232,0,0,53,1,0,32,0,0
"2570012",6233,0,1,30,0,0,26,0,0
"2570013",6234,0,0,66,0,0,37,0,0
"2570014",6235,0,0,45,0,1,30,0,0
"2570015",6236,0,0,52,0,1,30,0,1
"2570016",6237,0,1,50,0,0,21,0,0
"2570017",6238,0,0,32,0,0,17,0,0
"2570018",6239,1,0,45,0,0,31,0,0
"2570019",6240,0,0,60,0,1,58,0,0
"2570020",6241,0,0,28,0,0,20,0,0
"2570021",6242,0,0,53,0,0,20,0,0
"2570022",6243,0,0,16,0,0,11,0,0
"2570023",6244,0,0,42,0,0,17,0,0
"2570024",6245,0,0,50,0,0,17,1,0
"2570025",6246,0,0,39,0,0,17,1,0
"2570026",6247,0,0,176,0,0,16,0,0
"2570027",6248,0,0,76,0,0,34,1,0
"2570028",6249,0,0,43,0,0,15,0,0
"2570029",6250,0,0,82,0,1,33,1,0
"2570030",6251,0,0,44,1,0,24,0,0
"2570031",6252,0,0,32,0,0,12,0,0
"2570032",6253,0,0,51,0,0,21,0,0
"2570033",6254,0,0,10,0,0,7,0,0
"2570034",6255,0,0,79,0,0,25,0,0
"2570035",6256,0,0,86,0,0,42,0,0
"2570036",6257,0,0,35,0,0,23,0,0
"2570037",6258,0,0,67,0,1,36,0,0
"2591010",6259,0,0,76,0,0,43,0,0
"2591030",6260,0,0,4,0,0,4,0,0
"2591050",6261,0,0,46,0,0,39,0,0
"2591110",6262,0,0,36,0,0,36,0,0
"2592020",6263,0,0,36,0,0,30,0,0
"2592060",6264,0,0,30,0,0,21,0,0
"2592080",6265,0,0,33,0,1,19,0,0
"2592120",6266,0,0,34,0,0,25,0,0
"2593010",6267,0,1,39,0,0,26,0,0
"2593030",6268,1,0,28,2,0,47,0,0
"2593040",6269,0,0,22,0,0,16,0,0
"2593050",6270,0,1,52,0,0,32,0,0
"2593060",6271,0,0,13,0,0,11,0,0
"2594050",6272,0,0,54,0,0,47,0,1
"2594070",6273,0,0,38,0,1,26,0,0
"2594090",6274,0,0,37,0,0,21,0,0
"2594100",6275,0,0,63,0,1,48,0,0
"2610001",6276,0,1,11,1,0,4,0,0
"2610002",6277,0,2,22,0,1,12,0,0
"2610003",6278,0,2,13,0,0,8,0,0
"2610004",6279,1,0,4,1,1,4,0,0
"2610005",6280,0,0,6,0,0,1,0,0
"2610006",6281,0,1,7,0,0,3,0,0
"2630101",6282,3,0,7,1,0,11,1,0
"2630201",6283,0,0,1,0,0,1,0,0
"2630202",6284,0,0,1,0,0,1,0,0
"2630301",6285,1,0,6,0,0,8,0,0
"2630302",6286,0,0,0,0,0,1,0,0
"2630401",6287,0,1,7,0,3,6,0,0
"2650101",6288,0,1,81,1,2,48,0,0
"2650107",6289,0,0,14,0,0,33,0,0
"2650109",6290,0,0,47,0,0,25,0,0
"2650113",6291,0,0,54,0,0,32,0,0
"2650118",6292,0,0,18,0,1,11,0,0
"2650119",6293,1,0,76,0,1,52,0,0
"2650202",6294,0,0,43,1,1,31,0,0
"2650211",6295,0,0,19,0,0,23,0,0
"2650215",6296,0,1,67,0,0,53,0,0
"2650220",6297,0,0,67,0,0,28,0,0
"2650303",6298,0,0,47,0,0,24,0,0
"2650308",6299,0,0,31,0,0,17,0,0
"2650312",6300,0,0,112,0,0,73,0,0
"2650314",6301,0,1,78,0,1,69,0,0
"2650404",6302,0,0,17,0,0,9,0,0
"2650405",6303,0,1,65,0,1,48,0,0
"2650406",6304,0,0,78,0,3,56,0,0
"2650410",6305,0,0,3,0,0,0,0,0
"2650416",6306,0,0,48,0,0,33,0,0
"2650417",6307,0,0,55,0,2,44,0,0
"2670001",6308,0,0,4,0,0,5,1,0
"2670002",6309,1,0,1,0,0,5,0,0
"2670003",6310,0,0,5,0,0,0,0,0
"2670004",6311,0,0,2,0,0,11,0,0
"2670006",6312,0,0,4,0,0,6,0,0
"2670007",6313,0,0,5,0,0,3,0,0
"2670009",6314,0,0,8,0,0,4,0,0
"2690001",6315,0,0,0,0,0,0,0,0
"2690002",6316,0,0,1,0,0,0,0,0
"2690003",6317,0,0,1,0,0,1,0,0
"2690004",6318,0,0,0,0,0,0,0,0
"2710001",6319,0,1,35,2,0,23,0,1
"2710002",6320,2,1,64,1,0,27,0,0
"2710003",6321,2,9,84,3,3,37,1,0
"2710004",6322,1,0,28,1,0,20,1,0
"2730011",6323,0,2,88,0,0,28,0,1
"2730012",6324,1,6,152,1,1,65,1,0
"2730013",6325,0,0,80,0,0,17,0,0
"2730014",6326,0,1,146,1,1,46,0,1
"2730021",6327,3,3,118,2,2,37,0,1
"2730022",6328,0,3,66,0,1,32,0,0
"2730023",6329,1,1,33,1,0,13,0,0
"2730024",6330,0,3,95,0,2,66,0,0
"2730031",6331,2,8,152,0,1,43,1,1
"2730032",6332,0,0,56,0,0,15,0,0
"2730033",6333,0,1,24,0,0,8,0,0
"2730034",6334,3,4,112,2,1,40,0,0
"2730035",6335,0,4,103,0,2,59,1,0
"2730041",6336,1,4,117,0,2,54,1,0
"2730042",6337,0,2,130,0,0,29,1,0
"2730043",6338,1,4,213,0,0,57,0,2
"2730044",6339,0,0,55,0,0,21,1,0
"2750101",6340,0,0,11,0,0,2,1,1
"2750201",6341,2,0,6,0,1,3,0,0
"2750202",6342,0,0,10,0,0,2,0,1
"2750301",6343,0,0,18,0,0,7,0,0
"2750302",6344,0,0,1,0,0,0,0,1
"2750401",6345,2,0,22,0,1,3,0,0
"277001c",6346,0,0,5,0,0,1,0,0
"277001e",6347,0,0,18,0,0,8,0,0
"277001f",6348,0,1,18,0,0,16,1,0
"277001h",6349,0,0,8,0,0,6,0,0
"277001i",6350,0,0,5,0,0,5,0,0
"277002d",6351,0,0,34,0,0,9,0,0
"277002e",6352,0,0,12,1,0,6,1,0
"277002f",6353,0,0,1,0,0,3,0,0
"277002g",6354,0,0,19,0,0,4,0,0
"277003d",6355,0,0,13,0,2,10,0,0
"277003e",6356,0,0,11,0,0,4,0,0
"277003f",6357,0,0,6,0,0,4,0,0
"277003g",6358,0,0,8,0,0,12,0,0
"277003i",6359,0,0,12,0,0,15,0,0
"277004b",6360,0,0,49,0,1,19,0,0
"277004d",6361,0,0,15,0,0,10,0,0
"277004e",6362,0,0,20,0,0,13,0,0
"277004f",6363,0,0,31,0,0,17,0,0
"277004ga",6364,0,0,12,0,0,13,0,0
"277004gb",6365,0,0,3,0,0,1,0,0
"2771a3b",6366,1,1,130,0,1,69,0,0
"2771a5a",6367,0,0,29,1,0,8,0,0
"2772a1a",6368,2,0,122,0,0,12,0,0
"2772c3a",6369,0,1,198,0,2,61,0,0
"2773c7g",6370,0,0,73,0,1,33,1,0
"2773h3c",6371,0,0,33,0,1,12,0,0
"2774a6e",6372,0,0,39,0,2,17,0,0
"2790001",6373,3,1,22,0,3,16,0,0
"2790002",6374,0,1,40,0,0,12,0,2
"2790003",6375,6,0,10,0,0,1,0,0
"2790004",6376,0,0,0,0,0,0,0,0
"2790005",6377,3,3,9,0,1,2,3,0
"2790006",6378,0,0,11,0,0,8,0,7
"2790008",6379,0,3,35,3,0,28,1,3
"2790009",6380,0,1,15,0,3,7,0,0
"2790010",6381,3,0,21,0,0,7,0,4
"2790011",6382,0,0,8,3,1,6,0,0
"2790012",6383,3,0,1,3,0,0,0,0
"2810001",6384,0,0,62,0,1,36,0,0
"2810002",6385,1,0,91,0,1,55,1,0
"2810003",6386,0,1,43,0,1,26,0,0
"2810004",6387,0,0,16,0,0,13,1,0
"2810005",6388,0,0,12,0,0,9,0,0
"2810006",6389,0,0,11,0,0,4,0,0
"2810007",6390,0,0,16,0,0,2,0,0
"2810008",6391,1,1,41,1,0,32,0,1
"2810009",6392,0,0,32,0,0,30,0,0
"2830001",6393,3,11,161,0,6,59,7,3
"2830002",6394,0,0,45,0,1,11,0,1
"2830003",6395,3,28,223,3,4,50,2,6
"2830004",6396,0,0,2,0,0,2,0,0
"2830005",6397,0,2,73,0,1,18,0,0
"2830006",6398,0,2,53,0,0,17,1,0
"2850101",6399,0,0,29,0,0,11,1,0
"2850102",6400,1,0,36,0,0,15,1,0
"2850119",6401,0,0,8,0,0,9,0,0
"2850208",6402,0,0,20,0,0,12,0,0
"2850223",6403,0,0,33,1,0,19,0,0
"2850231",6404,0,0,46,0,1,24,0,0
"2850309",6405,0,0,31,0,2,13,0,0
"2850311",6406,1,0,21,0,1,1,0,0
"2850329",6407,0,0,38,0,0,19,0,0
"2850416",6408,0,0,12,0,0,5,0,0
"2850430",6409,0,1,48,0,1,9,0,0
"2870101",6410,1,2,66,2,1,30,0,0
"2870102",6411,0,0,32,0,0,4,0,1
"2870103",6412,0,0,5,0,0,2,0,0
"2870201",6413,0,0,9,0,0,8,0,0
"2870202",6414,0,0,48,0,0,18,0,0
"2870203",6415,0,0,7,0,0,7,0,0
"2870301",6416,0,0,4,0,0,5,0,0
"2870302",6417,0,0,42,0,0,16,0,0
"2870303",6418,0,0,2,0,0,8,0,0
"2870304",6419,1,0,40,0,0,44,0,0
"2870401",6420,0,0,32,1,0,12,0,0
"2870402",6421,0,0,11,0,0,1,1,0
"2870403",6422,1,0,15,0,0,8,0,0
"2870404",6423,1,1,30,0,0,6,0,0
"2870405",6424,0,0,24,1,0,11,0,0
"2890001",6425,1,0,46,1,0,14,2,0
"2890002",6426,0,0,9,0,0,2,0,0
"2890003",6427,1,0,17,0,0,2,0,0
"2890004",6428,1,0,28,0,1,6,0,0
"2890005",6429,0,0,18,0,0,6,0,0
"2890006",6430,0,0,19,0,0,12,0,0
"2890007",6431,0,0,8,0,0,2,0,0
"2890008",6432,0,0,29,0,0,10,0,0
"2890009",6433,0,0,6,0,0,4,0,0
"2890010",6434,0,0,20,0,0,4,0,0
"2890011",6435,0,0,14,0,0,7,0,0
"2890012",6436,2,0,47,0,0,13,0,0
"2890013",6437,0,0,19,0,1,2,0,1
"2890014",6438,0,0,9,0,0,5,0,0
"2910001",6439,0,0,30,0,0,13,0,0
"2910002",6440,0,0,7,0,0,11,0,0
"2910003",6441,0,0,33,0,2,18,0,1
"2910004",6442,0,0,21,0,1,2,1,0
"2910006",6443,1,0,12,0,2,8,0,0
"2910007",6444,0,0,37,0,0,11,0,0
"2910008",6445,0,0,33,0,0,19,0,1
"2910009",6446,0,0,33,1,0,20,0,0
"2910010",6447,0,0,66,1,2,27,1,0
"2910011",6448,0,0,71,0,0,8,0,0
"2910013",6449,1,0,14,0,0,5,0,0
"2910018",6450,1,0,129,0,0,12,0,0
"2910019",6451,1,0,103,0,2,49,1,0
"2910020",6452,2,0,142,0,2,34,0,0
"2910021",6453,0,0,47,0,3,25,1,0
"2910022",6454,1,0,75,0,1,30,0,0
"2910023",6455,0,0,2,0,0,3,0,0
"2910024",6456,1,0,63,0,2,29,0,0
"2910025",6457,2,0,13,0,0,8,0,0
"2910026",6458,0,0,36,0,0,24,0,0
"2910030",6459,1,0,58,0,1,17,0,0
"2910031",6460,0,0,18,0,0,10,0,0
"2930101",6461,0,1,90,0,0,21,0,0
"2930102",6462,0,0,9,0,0,3,0,0
"2930103",6463,0,0,32,0,0,4,0,0
"2930104",6464,0,0,16,0,0,5,0,0
"2930201",6465,0,0,40,0,0,4,0,0
"2930202",6466,0,1,82,0,0,12,0,0
"2930203",6467,0,0,20,0,0,0,0,0
"2930204",6468,0,0,22,0,0,10,1,0
"2930205",6469,0,0,31,0,1,3,0,0
"2930206",6470,0,0,10,0,0,7,0,0
"2930301",6471,0,0,55,0,1,14,0,0
"2930302",6472,0,0,18,0,0,7,0,0
"2930303",6473,1,0,4,0,1,3,0,0
"2930304",6474,0,0,18,0,0,7,0,0
"2930305",6475,0,0,24,0,0,7,1,0
"2930401",6476,0,1,86,1,0,24,1,0
"2930402",6477,0,0,12,0,0,3,0,0
"2930403",6478,0,0,4,0,0,2,0,0
"2930404",6479,0,0,11,0,0,5,1,0
"2930405",6480,0,0,11,0,0,5,0,0
"2930406",6481,0,0,3,0,0,2,0,0
"2950106",6482,0,0,2,0,0,0,0,0
"2950202",6483,0,0,0,0,0,0,0,0
"2950207a",6484,0,0,3,0,0,3,0,0
"2950207b",6485,0,0,0,0,0,0,0,0
"2950303",6486,0,0,6,0,0,1,0,0
"2950308",6487,0,0,2,0,0,1,0,0
"2950404",6488,0,1,4,0,0,6,0,0
"2950409",6489,0,0,5,0,0,0,0,0
"2970001",6490,0,0,8,0,1,1,0,0
"2970002",6491,0,1,38,1,0,12,0,0
"2970003",6492,0,4,57,0,1,8,0,0
"2970004",6493,0,1,15,0,0,6,0,0
"2970005",6494,0,0,7,1,1,5,0,0
"2970006",6495,0,0,5,1,0,5,1,3
"2970007",6496,0,0,2,0,0,1,0,0
"2970008",6497,0,0,0,0,0,0,0,0
"2970009",6498,0,3,43,0,0,15,0,0
"2970010",6499,0,0,9,0,0,7,1,1
"2970011",6500,0,0,0,0,0,0,0,0
"2970012",6501,0,0,1,0,0,2,0,0
"2970013",6502,0,0,6,0,1,3,0,1
"2970014",6503,0,0,12,0,1,8,1,0
"2990101",6504,0,0,4,0,0,3,0,0
"2990102",6505,1,0,15,0,0,5,0,0
"2990108",6506,0,0,57,0,0,24,0,0
"2990109",6507,1,0,86,0,0,37,0,0
"2990203",6508,0,0,62,0,1,37,1,0
"2990204",6509,0,0,47,0,0,13,0,0
"2990205",6510,0,0,40,1,0,13,0,0
"2990307",6511,0,0,98,0,0,58,1,1
"2990410",6512,4,1,110,0,1,77,1,1
"3010001",6513,1,0,0,0,0,2,0,0
"3010002",6514,0,0,1,0,0,0,0,0
"3010003",6515,0,0,1,0,2,3,1,0
"3010004",6516,0,0,1,0,0,0,0,0
"3030001",6517,2,3,172,1,3,78,0,0
"3030002",6518,0,5,132,0,3,49,0,0
"3030003",6519,0,3,181,1,1,90,0,1
"3030004",6520,0,4,114,0,0,20,0,0
"3030005",6521,0,4,86,0,0,28,0,0
"3030006",6522,0,0,147,0,0,31,3,1
"3030007",6523,0,0,82,0,0,71,0,1
"3030008",6524,0,0,15,0,1,89,0,0
"3030009",6525,0,0,117,0,0,101,0,0
"3030010",6526,1,1,41,0,1,64,0,0
"3030011",6527,0,0,15,0,0,6,0,0
"3030012",6528,1,0,55,0,0,53,0,0
"3030013",6529,0,0,31,0,0,32,0,0
"3030014",6530,0,0,70,0,0,68,0,0
"3030015",6531,0,0,146,0,0,206,0,0
"3030017",6532,0,2,143,0,1,145,0,0
"3030019",6533,0,1,71,0,0,20,0,0
"3030020",6534,0,1,183,2,1,24,0,0
"3030021",6535,0,2,64,0,1,58,1,0
"3030022",6536,0,1,97,0,0,117,0,0
"3030023",6537,0,0,73,0,0,65,0,0
"3030024",6538,0,0,81,0,1,90,0,0
"3030025",6539,0,1,42,0,1,24,0,0
"3030026",6540,0,1,125,1,0,50,0,1
"3030027",6541,0,0,89,1,0,117,1,0
"3030028",6542,0,2,81,1,0,67,0,0
"3030029",6543,2,5,130,1,3,62,0,1
"3030030",6544,0,1,77,0,2,65,0,0
"3030031",6545,0,0,27,0,0,21,0,0
"3030032",6546,0,0,14,0,0,14,0,0
"3030033",6547,0,1,38,0,0,25,0,0
"3030034",6548,0,0,11,1,0,4,0,0
"3030035",6549,0,0,25,0,0,17,1,0
"3030036",6550,0,1,92,0,0,31,0,1
"3030037",6551,0,0,14,0,0,8,0,0
"3030038",6552,1,2,81,0,0,33,1,0
"3030039",6553,0,1,36,1,0,21,0,0
"3030040",6554,1,0,94,0,0,26,1,0
"3030041",6555,0,2,98,0,2,35,0,0
"3030043",6556,0,0,8,0,0,12,0,0
"3030044",6557,0,0,36,0,1,20,0,1
"3030045",6558,0,0,10,0,0,4,0,0
"3030046",6559,0,1,28,0,0,28,1,0
"3030047",6560,0,0,82,0,0,89,0,0
"3030049",6561,0,0,12,0,2,71,0,0
"3030050",6562,0,0,10,0,0,59,0,0
"3030051",6563,1,0,6,0,0,7,0,1
"3030052",6564,0,0,51,0,0,35,1,0
"3030053",6565,0,1,66,0,0,85,1,1
"3030054",6566,0,0,96,0,0,52,0,0
"3030056",6567,0,0,8,0,0,14,0,0
"3030057",6568,0,0,33,0,0,22,0,0
"3030058",6569,0,0,42,0,0,24,0,0
"3030059",6570,0,2,88,1,1,76,0,0
"3030060",6571,0,0,35,0,0,31,1,0
"3030062",6572,0,0,68,1,2,53,1,0
"3030063",6573,0,0,2,0,0,3,0,0
"3030065",6574,0,0,31,0,0,15,0,0
"3030066",6575,0,0,63,0,0,40,0,0
"3030067",6576,0,1,65,0,2,60,0,0
"3030072",6577,0,0,85,0,0,67,0,0
"3030075",6578,0,0,27,0,0,22,0,0
"3030076",6579,0,0,38,0,0,32,0,0
"3030078",6580,0,2,68,0,0,33,0,0
"3030092",6581,0,0,19,0,0,5,0,0
"3030102",6582,0,0,3,0,0,9,0,0
"3030103",6583,0,0,8,0,0,6,0,0
"3030104",6584,0,0,14,0,0,12,1,0
"3030108",6585,0,0,19,0,0,10,0,0
"3030109",6586,0,0,43,0,1,30,1,0
"3030110",6587,0,0,63,0,0,32,0,0
"3030111",6588,1,0,21,0,0,13,0,0
"3030112",6589,1,1,22,1,0,15,0,0
"3030113",6590,0,1,82,1,1,53,0,0
"3030114",6591,0,1,66,0,1,21,0,0
"3030118",6592,0,0,62,0,1,33,0,1
"3030119",6593,0,1,91,0,0,60,0,0
"3030120",6594,0,2,52,1,0,42,0,0
"3030121",6595,0,0,38,0,0,35,0,0
"3030122",6596,0,0,58,0,0,70,0,0
"3030123",6597,0,0,61,1,0,42,0,0
"3030124",6598,2,0,53,2,0,47,0,0
"3030125",6599,0,0,74,1,0,41,0,0
"3030126",6600,0,1,39,0,0,40,0,0
"3030127",6601,0,0,94,0,0,52,0,0
"3030128",6602,0,0,46,0,0,44,0,0
"3030129",6603,0,1,73,0,0,64,0,0
"3030135",6604,0,0,8,0,0,6,0,0
"3030138",6605,0,0,6,0,0,4,0,1
"3030139",6606,0,0,23,0,1,20,0,0
"3030140",6607,0,0,33,0,1,26,0,0
"3030141",6608,0,0,92,0,1,78,1,0
"3030142",6609,0,0,2,0,0,1,0,0
"3030151",6610,0,1,30,0,0,15,1,0
"3030152",6611,0,0,37,0,1,38,0,0
"3030153",6612,0,2,129,2,0,24,0,0
"3030154",6613,0,1,51,0,0,40,1,0
"3030155",6614,0,0,18,0,1,26,0,0
"3030178",6615,0,0,4,0,1,4,0,0
"3050001",6616,0,0,3,0,0,0,0,0
"3050002",6617,0,0,2,0,0,3,0,0
"3050003",6618,0,0,4,0,0,3,0,0
"3050004",6619,0,0,1,0,0,0,0,0
"3050005",6620,0,0,0,0,0,0,0,0
"3050006",6621,0,0,4,0,0,2,0,0
"3050009",6622,0,0,0,0,0,0,0,0
"3050012",6623,0,0,0,0,0,2,0,0
"3070101",6624,0,1,17,0,0,15,0,0
"3070102",6625,0,0,5,0,0,0,0,0
"3070201",6626,0,1,20,0,0,8,0,0
"3070202",6627,0,0,4,0,0,1,0,0
"3070301",6628,0,1,20,0,0,5,0,0
"3070302",6629,0,0,1,0,0,4,0,0
"3070401",6630,1,0,21,0,0,8,0,0
"3070402",6631,0,0,3,0,1,0,0,0
"3070403",6632,0,0,2,0,0,2,0,0
"3090001",6633,0,0,131,1,0,88,0,0
"3090002",6634,0,0,13,0,0,4,0,0
"3090003",6635,0,0,49,0,0,135,0,0
"3090004",6636,0,0,7,0,0,7,0,0
"3090005",6637,0,1,38,0,0,12,0,0
"3090006",6638,0,1,30,0,0,17,0,0
"3090007",6639,0,0,58,0,0,63,0,0
"3090008",6640,0,0,79,0,0,56,0,0
"3090009",6641,0,0,44,0,0,25,0,0
"3090010",6642,0,2,135,0,1,34,1,1
"3090011",6643,0,0,96,0,0,42,0,0
"3090012",6644,2,0,459,2,2,53,3,0
"3090013",6645,0,0,1,0,0,9,0,0
"3090014",6646,0,1,169,1,0,34,4,0
"3090015",6647,0,0,11,0,0,1,0,0
"3090016",6648,0,1,64,1,1,34,0,0
"3090017",6649,0,0,59,0,1,27,0,0
"3090018",6650,0,0,11,0,0,27,0,0
"3090019",6651,0,0,135,0,1,67,0,0
"3090020",6652,0,0,30,0,0,12,1,0
"3090021",6653,0,0,4,0,0,13,0,0
"3090022",6654,0,0,15,0,1,3,0,0
"3090023",6655,0,0,86,0,0,56,0,0
"3090024",6656,0,0,24,0,0,3,0,0
"3090025",6657,1,0,69,0,0,33,0,0
"3090026",6658,0,0,30,0,0,7,0,0
"3090027",6659,0,0,49,0,0,18,0,0
"3090028",6660,0,0,72,0,0,20,0,0
"3090029",6661,1,0,38,0,0,18,0,0
"3090030",6662,0,0,93,2,0,41,0,0
"3090031",6663,0,1,92,0,1,64,0,0
"3090032",6664,0,0,28,0,1,13,0,0
"3090033",6665,0,0,79,0,0,26,0,0
"3090034",6666,0,0,63,0,0,31,0,0
"3090035",6667,0,0,53,0,0,16,0,0
"3090036",6668,0,0,43,0,0,22,0,0
"3090037",6669,0,0,49,0,0,27,0,0
"3090038",6670,0,0,23,0,2,23,0,0
"3090039",6671,0,0,31,0,0,16,0,0
"3090040",6672,0,1,119,0,1,48,0,0
"3090041",6673,0,1,82,0,2,47,0,0
"3090042",6674,0,0,57,0,1,23,1,0
"3090043",6675,0,0,17,0,1,4,0,0
"3090044",6676,1,0,67,0,0,63,0,0
"3090045",6677,0,0,26,0,0,18,0,0
"3090046",6678,0,0,11,0,0,5,0,0
"3090047",6679,0,0,24,0,0,28,0,1
"3090048",6680,0,0,11,0,0,10,1,0
"3090049",6681,0,0,19,0,0,10,0,0
"3090050",6682,0,0,56,0,0,33,1,0
"3090051",6683,0,0,144,1,1,84,1,0
"3090052",6684,0,0,39,0,0,16,0,0
"3090053a",6685,0,0,13,0,0,11,0,0
"3090053b",6686,0,0,0,0,0,0,0,0
"3090054",6687,0,1,61,0,0,44,0,0
"3090055",6688,0,0,84,0,0,58,0,0
"3090056",6689,0,0,42,0,0,20,1,0
"3090057",6690,0,0,62,0,0,16,0,0
"3090058",6691,1,0,127,0,0,49,0,0
"3090059",6692,1,0,119,1,2,61,1,0
"3090060",6693,0,0,85,0,0,51,0,0
"3090061",6694,0,0,133,0,2,61,1,0
"3090062",6695,0,0,99,1,0,56,1,0
"3090063",6696,0,0,94,0,1,45,0,0
"3090064",6697,0,0,39,0,1,15,0,0
"3090065",6698,1,0,35,0,1,14,1,0
"3090066",6699,0,0,26,0,0,16,0,0
"3090067",6700,0,0,90,0,0,35,0,0
"3090068",6701,0,0,32,0,0,10,1,0
"3090069",6702,0,0,26,0,0,16,0,0
"3090070",6703,0,0,2,0,0,2,0,0
"3090071",6704,0,1,22,0,0,11,0,1
"3090072",6705,0,0,41,0,0,8,0,0
"3090073",6706,0,0,23,0,0,16,0,0
"3090074",6707,0,0,14,0,0,7,0,0
"3090075",6708,2,0,71,1,1,62,0,1
"3090076",6709,0,0,43,0,0,31,0,0
"3090077",6710,1,0,37,0,0,22,0,0
"3090078",6711,1,0,118,0,0,47,1,0
"3090079",6712,0,2,49,0,1,26,0,0
"3090080a",6713,0,2,29,0,0,13,0,0
"3090080b",6714,0,0,0,0,0,0,0,0
"3090081",6715,0,1,67,0,0,40,0,0
"3090082",6716,0,0,75,0,0,38,0,0
"3090083",6717,0,0,18,1,0,9,0,0
"3090084",6718,0,0,96,0,0,28,1,0
"3090085",6719,0,0,66,0,0,16,0,1
"3090086",6720,0,0,169,0,0,26,0,1
"3090087",6721,1,0,87,0,2,20,0,0
"3090088",6722,0,0,16,0,0,9,0,0
"3090089",6723,0,0,4,0,0,1,0,0
"3090090",6724,0,0,21,0,0,4,0,0
"3090091",6725,0,1,65,0,0,33,0,0
"3110001",6726,0,0,0,0,0,0,0,0
"3110002",6727,0,0,0,0,0,0,0,0
"3110003",6728,0,0,2,0,0,1,0,0
"3110004",6729,0,0,2,0,0,0,0,0
"3130101",6730,0,0,41,0,0,18,0,1
"3130202",6731,0,0,65,0,0,20,0,0
"3130303",6732,1,0,109,1,0,9,0,0
"3130404",6733,1,0,12,0,0,23,0,1
"3150001",6734,1,0,37,0,1,9,0,0
"3150002",6735,1,0,43,0,0,19,0,0
"3150003",6736,0,1,23,0,1,12,0,0
"3150004",6737,0,0,17,0,0,8,0,0
"3150005",6738,0,0,37,0,0,9,0,0
"3150006",6739,1,0,76,0,1,12,0,0
"3150007",6740,0,0,101,0,0,22,0,0
"3150008",6741,0,0,40,0,0,17,0,0
"3150009",6742,1,0,18,0,0,3,0,1
"3150010",6743,0,0,30,0,0,12,0,0
"3170001",6744,1,0,8,0,1,5,0,0
"3170002",6745,0,0,11,0,0,6,1,1
"3170003",6746,1,1,7,0,0,4,0,0
"3170004",6747,2,0,10,0,0,1,0,0
"317003a",6748,0,0,0,0,0,1,0,0
"317004a",6749,0,0,0,0,0,0,0,0
"3190101",6750,0,0,28,0,0,11,0,0
"3190210",6751,0,0,24,0,0,14,0,0
"3190302",6752,2,0,21,0,0,13,0,0
"3190405",6753,0,1,17,0,0,12,0,0
"3210002",6754,0,0,23,0,0,19,0,0
"3210004",6755,0,2,29,0,0,20,0,0
"3210005",6756,0,0,95,0,0,22,0,0
"3210006",6757,0,0,54,1,1,17,0,0
"3210007",6758,0,0,7,0,0,1,1,0
"3210008",6759,0,1,30,0,0,18,0,0
"3210009",6760,0,0,26,0,0,5,0,0
"3210010",6761,0,0,9,0,0,6,0,0
"3210012",6762,0,0,8,0,0,4,0,0
"3210013",6763,0,0,62,0,0,7,0,0
"321001a",6764,0,0,84,1,4,49,0,0
"321001b",6765,0,1,150,1,2,59,3,1
"321001c",6766,0,0,180,0,1,10,0,0
"321001d",6767,0,0,53,1,0,22,1,0
"321001e",6768,0,0,116,0,1,22,1,0
"321001f",6769,2,1,53,1,0,22,0,0
"321003a",6770,1,1,96,0,4,30,0,0
"321003b",6771,0,0,13,0,1,11,0,0
"323001a",6772,1,11,279,0,1,91,3,1
"323001b",6773,2,16,270,0,3,112,6,2
"323001c",6774,6,24,527,5,13,191,14,4
"323001d",6775,0,8,169,0,1,56,2,0
"323002a",6776,1,4,133,0,1,37,1,0
"323002b",6777,1,17,321,0,3,94,4,1
"323002c",6778,3,13,217,1,2,78,3,1
"323002d",6779,0,2,15,0,0,8,2,0
"323002e",6780,0,3,68,0,1,22,1,1
"323003a",6781,3,20,537,3,2,185,8,1
"323003b",6782,6,35,644,2,8,241,3,3
"323003c",6783,2,15,118,1,8,64,6,1
"323004a",6784,1,10,254,0,3,57,1,1
"323004b",6785,0,18,378,3,3,169,6,3
"323004c",6786,0,4,80,0,1,27,1,1
"323004d",6787,1,12,333,1,3,76,4,1
"325001b",6788,0,0,49,0,1,31,0,0
"325001c",6789,1,0,151,2,2,69,1,1
"325001d",6790,0,1,45,0,0,28,2,0
"325002a",6791,0,0,19,0,0,7,0,0
"325002b",6792,0,1,94,0,0,45,1,0
"325002c",6793,0,0,115,0,1,52,0,0
"325003a",6794,0,1,38,0,0,21,0,0
"325003b",6795,0,1,52,0,0,27,0,0
"325003c",6796,0,1,87,0,0,30,1,0
"325003d",6797,0,1,214,1,1,68,2,0
"325003e",6798,0,0,3,0,0,1,0,0
"325004a",6799,0,1,46,0,0,7,0,1
"325004b",6800,1,1,93,1,0,31,0,0
"325004c",6801,0,2,95,0,0,30,0,0
"3270001",6802,0,0,11,0,1,2,0,0
"3270002",6803,0,0,4,0,0,1,0,0
"3270003",6804,0,0,4,1,0,5,0,0
"3270004a",6805,0,0,4,0,0,3,0,0
"3270004b",6806,0,0,0,0,0,0,0,0
"3270005",6807,0,0,0,0,0,2,0,0
"3270006",6808,0,0,0,0,0,3,0,0
"3290101",6809,0,0,4,0,0,6,0,0
"3290102",6810,0,0,21,1,0,15,0,0
"3290103",6811,0,0,65,0,1,56,2,0
"3290104",6812,0,1,20,0,1,17,0,0
"3290105",6813,0,2,23,0,0,19,1,0
"3290106",6814,0,0,74,0,0,59,0,1
"3290107",6815,1,2,38,0,0,37,0,0
"3290108a",6816,0,0,1,0,0,1,0,0
"3290108b",6817,0,0,0,0,0,0,0,0
"3290108c",6818,0,0,0,0,0,0,0,0
"3290109",6819,0,0,24,0,0,10,0,0
"3290110",6820,0,0,25,0,0,17,0,0
"3290201",6821,1,1,28,0,1,16,0,0
"3290202",6822,1,2,10,1,0,15,0,0
"3290203",6823,0,0,10,0,0,10,0,0
"3290204",6824,0,0,45,0,0,38,0,0
"3290205",6825,1,0,28,0,0,15,0,0
"3290206",6826,0,0,12,0,1,22,0,0
"3290207",6827,0,0,46,0,0,24,1,0
"3290208",6828,1,0,16,0,0,18,1,0
"3290210",6829,0,0,24,0,0,11,0,0
"3290211",6830,0,0,16,0,0,10,0,0
"3290302",6831,0,2,54,0,0,41,0,0
"3290303",6832,1,0,12,0,0,3,0,0
"3290304",6833,1,3,65,0,1,23,0,0
"3290305",6834,0,1,78,1,0,17,1,0
"3290306",6835,0,2,219,0,0,45,2,0
"3290307",6836,0,0,29,0,0,21,0,0
"3290308",6837,1,2,171,1,0,36,3,0
"3290309",6838,1,0,9,0,0,5,0,0
"3290310",6839,0,1,14,0,0,6,1,0
"3290401",6840,0,0,10,0,0,5,0,0
"3290402",6841,0,0,23,0,0,10,0,0
"3290403",6842,0,0,40,0,0,33,0,0
"3290404",6843,0,0,48,0,0,21,1,0
"3290405",6844,0,0,39,0,0,18,0,0
"3290406",6845,0,0,31,0,0,13,0,0
"3290407",6846,0,1,39,0,0,45,0,0
"3290408",6847,0,0,19,0,0,13,0,0
"3290409",6848,0,1,35,0,0,24,0,0
"3290410",6849,0,0,8,0,0,6,0,0
"3290411",6850,0,0,24,0,0,13,0,0
"329101a",6851,0,0,0,0,0,1,0,0
"329108a",6852,0,0,2,0,0,4,0,0
"329109a",6853,0,0,0,0,0,0,0,0
"329202a",6854,0,2,20,0,0,15,0,0
"329307a",6855,0,1,37,0,0,20,0,1
"329309a",6856,0,0,0,0,0,0,0,0
"3310101",6857,2,0,70,1,1,41,0,1
"3310105",6858,0,0,22,0,1,20,1,0
"3310203",6859,0,0,7,0,0,7,0,0
"3310207",6860,1,0,41,0,0,5,0,0
"3310210",6861,0,0,26,0,0,7,0,0
"3310212",6862,0,0,105,0,1,19,2,1
"3310316",6863,1,0,28,0,1,7,0,0
"3310317",6864,0,0,34,0,0,25,0,0
"3310318",6865,0,1,88,0,1,42,2,1
"3310419",6866,0,0,97,0,0,38,1,0
"3310420",6867,0,0,62,0,2,41,0,1
"3330001",6868,0,0,18,1,0,8,0,0
"3330002",6869,0,0,1,0,0,0,0,0
"3330004",6870,0,0,8,0,0,7,0,0
"3330006",6871,0,0,2,0,0,2,0,0
"3330008",6872,1,0,12,0,0,12,0,0
"3330009",6873,1,0,8,0,0,11,0,0
"3330011",6874,0,0,1,0,0,1,0,0
"3350001",6875,0,1,24,1,0,8,0,1
"3350002",6876,0,0,21,0,1,9,0,0
"3350003",6877,0,0,26,0,0,7,1,0
"3350004",6878,0,0,38,1,1,9,0,0
"3370002",6879,0,0,37,0,0,23,0,0
"3370003",6880,0,0,14,0,0,16,0,0
"3370004",6881,0,0,2,0,0,4,0,0
"3370005",6882,0,0,16,0,0,11,1,0
"3370006",6883,1,0,14,0,0,7,1,0
"3370007",6884,0,0,14,0,0,8,0,0
"3370008",6885,0,1,5,0,0,3,0,0
"3370009",6886,0,0,16,0,0,9,0,0
"3370010",6887,0,0,6,0,0,11,0,0
"3370011",6888,0,0,6,0,0,9,2,1
"3370012",6889,0,0,0,0,0,3,0,0
"3370013",6890,0,0,12,0,0,10,0,0
"3370014",6891,0,0,3,0,0,1,0,0
"3370015",6892,0,0,6,0,0,4,0,0
"3370016",6893,0,0,2,0,0,3,0,0
"3390001",6894,0,0,65,1,1,54,0,1
"3390002",6895,0,0,36,0,2,29,0,0
"3390003",6896,0,0,82,0,0,44,0,0
"3390004",6897,1,0,74,0,0,79,0,0
"3390005",6898,0,0,5,0,0,2,0,0
"3390006",6899,0,0,93,0,0,50,0,0
"3390007",6900,0,0,31,0,1,23,0,0
"3390008",6901,0,1,39,0,0,23,0,0
"3390009",6902,0,0,45,0,0,19,1,0
"3390010",6903,0,0,183,0,0,39,0,0
"3390011",6904,0,0,48,0,0,31,0,0
"3390012",6905,0,2,35,0,0,18,0,0
"3390013",6906,0,0,58,1,0,49,0,0
"3390014",6907,0,1,101,0,0,50,0,1
"3390015",6908,0,0,74,0,1,43,0,0
"3390016",6909,0,1,52,0,1,34,0,0
"3390017",6910,0,0,31,0,0,32,0,0
"3390018",6911,0,0,44,0,0,32,0,0
"3390019",6912,1,0,81,0,0,45,0,0
"3390020",6913,0,1,63,0,0,27,0,0
"3390021",6914,0,0,82,0,0,44,0,0
"3390022",6915,1,1,85,1,0,42,0,0
"3390023",6916,0,0,97,1,0,35,0,0
"3390024",6917,0,1,70,0,0,33,0,1
"3390025",6918,1,0,14,0,0,15,0,0
"3390026",6919,0,0,37,0,0,29,0,0
"3390027",6920,0,0,62,0,0,48,0,0
"3390028a",6921,0,0,59,0,1,55,0,0
"3390028b",6922,0,0,1,0,0,0,0,0
"3390028c",6923,0,0,0,0,0,0,0,0
"3390029",6924,0,0,58,0,0,50,0,0
"3390030",6925,0,0,34,0,0,21,0,0
"3390031",6926,0,0,122,0,0,91,0,0
"3390032",6927,0,0,99,0,0,96,1,0
"3390033",6928,0,0,104,0,0,62,0,0
"3390034",6929,0,0,102,0,0,67,1,1
"3390035",6930,0,0,101,0,2,100,0,0
"3390036",6931,0,1,44,0,1,48,0,0
"3390037",6932,0,0,60,0,0,41,0,0
"3390038",6933,1,0,48,0,0,24,0,0
"3390039",6934,0,0,64,0,0,50,0,0
"3390040",6935,0,0,58,0,0,30,0,0
"3390041",6936,0,1,48,0,1,38,0,0
"3390042",6937,0,0,2,0,0,7,0,0
"3390043a",6938,0,0,61,0,0,29,0,0
"3390043b",6939,0,0,0,0,0,0,0,0
"3390043c",6940,0,0,0,0,0,0,0,0
"3390043d",6941,0,0,0,0,0,0,0,0
"3390044",6942,0,1,55,1,1,39,0,0
"3390045",6943,1,0,72,0,1,65,0,1
"3390046",6944,0,0,58,0,0,48,0,0
"3390047",6945,0,0,69,0,0,56,0,0
"3390048",6946,0,0,90,0,0,69,0,0
"3390049",6947,0,0,77,0,0,68,0,0
"3390050",6948,0,1,74,0,2,40,0,0
"3390051",6949,0,0,72,0,0,34,0,0
"3390052",6950,1,0,49,0,0,22,0,0
"3390053",6951,0,0,63,0,0,36,0,0
"3390054",6952,0,0,35,0,0,14,0,0
"3390055",6953,0,0,20,1,0,15,1,0
"3390056",6954,0,2,139,0,1,96,0,0
"3390057",6955,0,0,31,0,0,41,0,0
"3390058",6956,0,0,100,0,0,44,0,0
"3390059",6957,0,0,55,0,0,29,0,0
"3390060",6958,0,0,21,0,0,27,0,0
"3390061",6959,1,0,185,0,1,99,0,1
"3390062",6960,0,0,111,0,0,73,1,0
"3390063a",6961,0,0,62,0,0,41,0,0
"3390063b",6962,0,0,1,0,0,0,0,0
"3390064",6963,0,1,37,0,0,26,0,0
"3390065",6964,1,0,56,0,1,50,1,0
"3390066",6965,0,0,43,0,0,27,0,0
"3390067",6966,0,0,124,0,1,97,0,0
"3390068",6967,0,1,115,0,0,91,0,0
"3390069",6968,0,0,171,0,1,92,0,0
"3390070",6969,0,1,116,0,1,76,0,0
"3390071",6970,0,2,153,0,0,132,0,0
"3390072",6971,0,0,89,0,0,29,0,0
"3390073",6972,0,0,53,0,0,25,0,0
"3390074",6973,0,0,32,0,0,27,0,0
"3390075",6974,0,0,146,0,1,79,0,0
"3390076",6975,0,0,41,0,1,51,0,0
"3390077",6976,1,0,81,0,0,41,0,0
"3390078",6977,0,0,149,0,1,81,0,0
"3390079",6978,0,0,66,0,1,79,0,0
"3390080a",6979,1,0,102,0,1,81,0,0
"3390080b",6980,0,0,4,0,0,2,0,0
"3390081",6981,0,0,117,0,0,75,0,0
"3390082",6982,0,0,61,0,0,31,0,0
"3390083",6983,0,0,21,0,0,11,0,0
"3390084",6984,0,0,101,0,1,125,0,0
"3390085",6985,0,1,40,0,0,58,0,0
"3390086",6986,0,0,49,0,0,31,0,0
"3390087",6987,0,0,39,0,0,26,0,0
"3390088",6988,0,0,91,0,0,61,0,0
"3390089",6989,0,1,83,0,1,56,0,0
"3390090",6990,1,0,42,0,0,25,0,1
"3390091",6991,0,0,51,0,2,37,0,0
"3390092",6992,0,0,174,0,0,105,0,0
"3390093",6993,0,1,42,0,1,32,1,0
"3390094",6994,0,0,100,0,0,51,0,0
"3390095",6995,0,0,94,0,1,71,0,0
"3390096",6996,0,1,91,0,1,62,0,1
"3390097",6997,0,1,43,0,0,32,0,0
"3390098",6998,0,0,24,0,0,17,0,0
"3390099",6999,0,0,21,0,0,11,0,0
"3390100",7000,0,0,68,0,1,41,0,0
"3390101",7001,0,1,72,1,0,36,0,0
"3390102",7002,0,0,55,1,0,24,0,0
"3390103",7003,0,0,92,0,1,73,0,0
"3390104",7004,0,0,7,0,0,12,0,0
"3390105",7005,0,0,50,0,0,29,0,0
"3390106",7006,0,0,24,0,0,12,0,0
"3390107",7007,0,0,1,0,0,1,0,0
"3390108",7008,0,0,36,0,0,15,0,0
"3390109",7009,0,0,27,0,0,17,0,0
"3390110",7010,0,1,41,0,0,32,0,1
"3390111",7011,0,0,16,0,0,19,0,0
"3410101",7012,0,0,32,0,0,31,0,0
"3410201",7013,1,0,16,0,1,10,0,0
"3410202",7014,1,0,20,1,0,9,0,0
"3410203",7015,0,0,1,0,0,0,0,0
"3410301",7016,1,2,35,0,2,16,0,0
"3410401",7017,0,1,17,2,0,9,1,0
"3410402",7018,0,2,28,0,3,6,1,0
"3430101",7019,2,0,75,0,1,11,0,0
"3430102",7020,0,0,62,0,0,9,0,1
"3430103",7021,0,0,57,0,0,12,0,1
"3430202",7022,1,0,59,1,2,28,0,0
"3430203",7023,1,0,40,1,0,18,1,2
"3430302",7024,1,0,47,1,0,17,0,1
"3430303",7025,1,0,41,0,2,30,0,2
"3430401",7026,0,2,107,0,1,44,0,2
"3450001",7027,0,0,5,0,0,3,0,0
"3450002",7028,0,0,2,0,0,0,0,0
"3450003",7029,0,0,0,0,0,0,0,0
"3450004",7030,0,0,3,0,0,2,0,0
"3450005",7031,0,0,1,0,0,0,0,0
"3450006",7032,0,0,2,0,0,1,0,0
"3470012",7033,0,0,58,0,0,23,1,0
"3470013",7034,0,0,36,0,0,11,0,0
"3470014",7035,0,0,109,0,0,46,0,0
"3470015",7036,0,0,40,1,0,9,1,2
"3470016",7037,0,0,78,0,0,42,0,0
"3470021",7038,0,0,48,0,0,25,0,0
"3470024",7039,0,0,124,0,2,61,0,0
"3470026",7040,0,1,190,0,3,90,0,0
"3470027",7041,0,0,263,0,1,29,0,1
"3470032",7042,0,0,83,0,0,98,0,0
"3470033",7043,0,0,149,0,0,85,0,0
"3470034",7044,1,1,135,0,2,164,2,0
"3470041",7045,0,0,55,0,0,25,0,0
"3470042",7046,0,0,64,0,0,22,0,1
"3470043",7047,0,0,73,0,1,30,0,1
"3470044",7048,2,0,37,0,0,19,0,0
"3470045",7049,0,0,19,0,0,12,0,0
"3470046",7050,0,0,26,0,0,30,0,1
"3470047",7051,0,0,13,0,0,8,0,0
"3490101",7052,0,1,63,0,1,26,1,1
"3490103",7053,0,0,57,1,2,18,0,0
"3490104",7054,0,0,18,0,1,6,0,0
"3490105",7055,0,0,7,0,0,3,0,0
"3490106",7056,0,0,10,0,1,6,0,0
"3490107",7057,0,1,34,0,0,18,0,0
"3490108",7058,0,0,7,0,0,4,0,1
"3490109",7059,0,0,4,0,0,1,0,0
"3490200",7060,1,0,96,0,0,16,0,0
"3490201",7061,0,0,125,0,3,12,1,0
"3490202",7062,0,0,41,0,0,15,1,0
"3490203",7063,0,0,86,0,0,22,0,1
"3490204",7064,0,0,10,0,0,3,0,0
"3490205",7065,0,0,19,0,0,17,0,0
"3490206",7066,0,0,5,0,0,6,0,0
"3490300",7067,0,1,80,0,0,34,0,1
"3490301",7068,0,1,9,0,0,3,0,0
"3490303",7069,0,1,43,0,0,18,0,0
"3490304",7070,0,0,12,0,0,6,0,0
"3490305",7071,1,0,17,0,0,6,0,0
"3490306",7072,0,0,7,0,0,5,0,0
"3490307",7073,0,0,8,0,0,5,0,0
"3490308",7074,0,0,14,0,0,3,0,0
"3490400",7075,0,1,40,0,0,24,0,0
"3490401",7076,0,0,16,0,0,7,0,0
"3490402",7077,0,1,42,0,1,13,1,0
"3490403",7078,0,0,18,0,0,18,0,1
"3490404",7079,0,1,41,0,0,10,1,0
"3490405",7080,0,0,23,0,0,7,0,0
"3490406",7081,0,0,5,0,0,2,0,0
"3510001",7082,2,4,30,2,5,53,3,2
"3510002",7083,0,0,18,3,0,40,2,0
"3510003",7084,1,1,22,7,2,56,1,1
"3510004",7085,0,2,16,1,0,15,0,0
"3510005",7086,0,2,12,1,3,15,1,3
"3510006",7087,11,1,98,3,6,29,1,4
"3510007",7088,2,1,11,1,2,16,1,1
"3510008a",7089,0,0,20,0,0,16,1,0
"3510008b",7090,0,0,4,0,0,2,0,0
"3510008c",7091,0,0,0,0,0,0,0,0
"3510009",7092,0,0,19,0,0,3,0,0
"3510010",7093,2,0,27,4,2,30,2,0
"3510011",7094,7,1,45,6,3,68,3,5
"3510012",7095,0,0,9,0,1,19,0,0
"3510013",7096,8,0,27,4,2,70,2,3
"3510014",7097,0,0,62,0,0,13,3,2
"3510015",7098,1,1,13,3,1,16,0,1
"3510016",7099,0,0,20,1,1,7,0,1
"3510017",7100,0,0,30,0,0,0,0,0
"3510018",7101,0,1,10,1,0,18,1,0
"3510019",7102,1,1,7,2,1,12,2,0
"3510020",7103,1,0,55,0,1,5,0,1
"3510021",7104,0,0,4,2,1,7,0,0
"3510022",7105,0,0,43,2,1,8,0,1
"3510023",7106,0,0,3,1,0,11,0,0
"3530001",7107,0,0,27,0,0,15,0,0
"3530002",7108,0,0,19,0,2,15,0,0
"3530003",7109,0,3,71,0,1,21,0,0
"3530004",7110,2,4,82,0,0,32,1,1
"3530005",7111,0,0,4,0,0,2,0,0
"3530006",7112,0,1,27,0,0,18,0,0
"3530007",7113,0,0,3,0,0,0,0,0
"3530008",7114,0,0,5,0,0,0,0,0
"3530009",7115,2,0,32,0,1,19,2,0
"3550001",7116,0,1,84,0,2,49,1,0
"3550002",7117,0,3,193,0,1,96,0,0
"3550003",7118,2,6,324,0,2,108,0,0
"3550004",7119,0,1,258,0,0,102,0,0
"3550005",7120,0,1,168,0,1,96,0,0
"3550006",7121,0,3,148,0,1,79,2,1
"3550007",7122,0,0,73,0,0,17,0,0
"3550008",7123,0,4,229,0,1,134,1,0
"3550009",7124,0,1,124,0,2,52,1,0
"3550010",7125,0,1,55,0,1,21,0,0
"3550011",7126,1,2,103,1,1,37,0,2
"3550012",7127,0,3,142,0,2,39,1,0
"3550013",7128,0,4,227,1,1,28,0,1
"3550014",7129,1,2,27,1,1,19,1,1
"3550015",7130,0,0,44,0,0,23,0,0
"3550016",7131,0,0,21,0,0,5,0,0
"3550017",7132,1,2,239,0,2,108,0,0
"3550018",7133,0,2,95,0,0,103,0,0
"3550019",7134,0,0,153,0,1,135,0,1
"3550020",7135,0,3,302,0,1,93,0,2
"3550021",7136,0,0,28,0,0,9,0,0
"3550022",7137,0,0,47,0,0,11,1,1
"3550023",7138,0,0,91,0,0,32,0,0
"3550024",7139,0,0,60,0,0,21,0,0
"3550025",7140,0,0,15,0,0,6,0,0
"3550026",7141,1,3,279,0,2,97,0,0
"3550027",7142,2,2,82,0,1,16,0,1
"3550028",7143,0,0,6,0,0,5,0,0
"3550029",7144,0,1,220,0,0,104,0,0
"3550030",7145,0,0,14,0,0,6,0,0
"3550031",7146,0,2,40,0,0,9,0,0
"3550032",7147,0,2,115,0,0,68,0,0
"3550033",7148,0,2,37,0,0,6,0,0
"3550034",7149,0,0,21,0,0,5,0,0
"3550035",7150,0,2,152,0,0,17,0,0
"3550036",7151,0,9,224,0,0,51,0,2
"3550037",7152,0,4,218,0,0,50,0,0
"3550038",7153,0,0,46,0,0,9,0,0
"3550039",7154,0,0,46,0,0,19,0,0
"3550040",7155,0,0,144,1,0,104,0,0
"3550041",7156,0,1,26,0,1,7,1,0
"3550042",7157,0,0,30,0,0,26,0,0
"3550043",7158,0,0,59,0,1,19,0,0
"3550044",7159,0,1,77,0,0,20,0,1
"3550045",7160,0,0,38,0,0,11,0,0
"3550046",7161,0,0,21,0,0,2,0,0
"3550047",7162,0,0,13,0,0,7,0,0
"3550048",7163,1,2,133,0,1,52,1,0
"3550049",7164,0,0,46,0,0,24,0,0
"3550050",7165,0,0,51,0,0,36,0,0
"3550051",7166,0,1,152,1,0,57,0,0
"3550052",7167,0,1,115,0,0,22,0,0
"3550053",7168,1,0,65,0,0,24,0,0
"3550054",7169,2,6,267,1,0,52,1,0
"3550055",7170,1,4,227,0,0,32,0,0
"3550056",7171,0,1,70,0,0,25,0,0
"3550057",7172,0,0,63,1,0,39,0,0
"3550058",7173,0,1,120,0,0,69,0,1
"3550059",7174,0,1,129,0,2,86,0,0
"3550060",7175,0,3,111,0,0,23,0,0
"3550061",7176,0,0,67,0,0,10,0,0
"3550062",7177,0,1,71,1,0,24,0,1
"3550063",7178,1,1,245,0,0,112,0,0
"3550064",7179,0,1,80,0,1,24,1,0
"3550065",7180,1,1,207,0,0,152,0,0
"3550066",7181,0,2,103,0,0,73,1,0
"3550067",7182,0,2,203,0,1,99,0,0
"3550068",7183,0,4,88,0,0,28,3,0
"3550069",7184,0,3,191,0,0,69,1,0
"3550070",7185,0,3,190,1,1,77,0,1
"3550071",7186,0,1,142,0,0,49,1,0
"3550072",7187,0,2,135,0,1,53,1,1
"3550073",7188,2,2,153,0,1,50,0,0
"3550074",7189,0,2,188,0,1,40,2,0
"3550075",7190,0,3,207,0,1,35,0,0
"3550076",7191,1,1,51,0,0,10,0,0
"3550077",7192,0,0,25,0,0,2,0,0
"3550078",7193,0,2,197,0,0,41,1,0
"3550079",7194,0,2,131,0,1,22,0,0
"3550080",7195,1,4,224,1,0,26,0,0
"3550081",7196,0,0,127,1,1,73,0,0
"3550082",7197,0,0,37,0,0,6,0,0
"3550083",7198,0,0,114,0,0,28,0,0
"3550084",7199,2,3,57,0,0,28,0,0
"3550085",7200,0,2,48,0,0,7,0,0
"3550086",7201,0,1,56,0,1,51,0,0
"3550087",7202,0,4,125,0,0,56,1,0
"3550088",7203,0,2,165,0,2,61,0,1
"3550089",7204,0,1,65,0,0,20,0,0
"3550090",7205,0,0,59,0,0,35,0,0
"3550091",7206,0,1,170,0,2,119,0,0
"3550092a",7207,0,0,147,0,1,71,0,0
"3550092b",7208,0,0,6,0,0,4,0,0
"3550093",7209,0,2,195,2,1,66,0,1
"3550094",7210,1,4,143,0,0,61,0,0
"3550095",7211,0,0,80,0,0,16,0,1
"3550096",7212,0,3,72,0,0,26,0,0
"3550097",7213,0,0,105,0,0,36,0,0
"3550098",7214,0,0,222,0,0,51,0,0
"3550099",7215,0,1,55,0,0,16,0,0
"3550100",7216,0,1,73,0,0,27,0,0
"3550101",7217,1,1,210,1,0,79,0,1
"3550102",7218,1,11,198,2,5,108,1,1
"3550103",7219,0,0,78,0,0,39,0,0
"3550104",7220,0,2,142,1,0,24,1,0
"3550105",7221,0,7,195,0,2,31,2,0
"3550106",7222,0,3,240,1,0,101,1,0
"3550107",7223,1,2,187,0,0,66,0,1
"3550108",7224,0,0,74,0,1,19,0,1
"3550109",7225,1,0,51,0,0,14,0,0
"3550110",7226,0,0,43,0,1,37,1,0
"3550111",7227,0,1,51,0,0,21,0,0
"3550112",7228,0,2,275,0,1,87,0,0
"3550113",7229,0,0,45,0,0,11,0,0
"3550114",7230,0,1,44,0,1,3,0,0
"3550115",7231,0,2,134,0,0,69,0,0
"3550116",7232,1,2,327,0,2,123,0,2
"3550117",7233,0,0,84,0,1,77,2,0
"3550118",7234,0,4,242,1,1,84,1,0
"3550119",7235,1,2,212,1,1,105,0,0
"3550120",7236,1,1,123,0,0,66,0,1
"3550121",7237,0,6,139,0,0,59,0,0
"3550122",7238,1,1,103,0,1,90,0,1
"3550123",7239,0,0,93,0,2,49,0,0
"3550124",7240,2,3,226,0,3,120,3,1
"3550125",7241,0,0,137,0,0,70,1,0
"3550126",7242,0,0,100,0,0,45,0,0
"3550127",7243,1,0,63,1,0,36,0,0
"3550128",7244,0,1,129,0,0,66,1,0
"3570001",7245,0,0,0,0,0,0,0,0
"3570002",7246,0,0,5,0,0,3,0,0
"3570003",7247,0,0,17,0,0,15,0,0
"3570004",7248,0,1,14,0,0,11,1,0
"3590101",7249,0,0,7,0,1,2,0,0
"3590103",7250,0,0,0,0,0,0,0,0
"3590202",7251,0,0,3,0,0,2,0,0
"3590203",7252,0,0,0,0,0,0,0,0
"3590303",7253,0,0,1,0,0,0,0,0
"3590403",7254,0,0,0,0,0,0,0,0
"3590404",7255,0,0,0,0,0,0,0,0
"3610001",7256,0,0,10,1,0,9,0,0
"3610002",7257,0,0,142,0,0,34,0,0
"3610003",7258,1,0,187,0,2,20,0,0
"3610004",7259,0,0,58,0,0,7,0,0
"3610005",7260,0,0,159,0,0,32,0,0
"3610006",7261,1,0,60,0,0,15,0,0
"3610007",7262,0,0,93,2,0,30,0,1
"3610008",7263,1,0,64,0,0,33,0,0
"3610009",7264,1,0,51,0,2,42,0,0
"3610010",7265,0,0,20,0,1,10,0,0
"3610011",7266,1,0,23,0,0,23,2,0
"3610012",7267,0,0,59,0,0,19,0,0
"3610013",7268,1,0,86,0,0,34,0,0
"3610014",7269,0,0,122,0,1,52,0,0
"3610015",7270,0,0,58,0,1,25,2,0
"3610016",7271,1,1,28,0,0,33,0,0
"3610017",7272,0,1,28,0,1,24,0,0
"3610018",7273,0,0,48,0,1,31,1,0
"3610019",7274,0,1,32,1,1,31,0,1
"3610020",7275,0,0,25,0,0,27,0,0
"3610021",7276,0,0,10,0,0,5,0,0
"3610022",7277,0,0,23,1,0,12,2,0
"3610023",7278,0,0,61,0,1,30,1,0
"3610024",7279,0,0,28,0,1,18,1,1
"3610025",7280,0,0,49,0,0,20,1,0
"3610026",7281,0,0,48,0,1,27,0,0
"3610027",7282,0,0,43,0,0,28,0,0
"3610028",7283,0,0,61,0,0,39,0,3
"3610029",7284,0,0,22,0,0,12,0,0
"3610030",7285,0,0,17,0,1,10,0,0
"3610031",7286,1,0,46,0,1,19,0,1
"3610032",7287,0,0,36,0,1,29,0,0
"3610033",7288,0,0,25,0,1,24,2,0
"3610034",7289,0,0,30,0,1,13,0,0
"3630001",7290,0,0,16,0,0,7,0,0
"3630002",7291,0,0,0,0,0,0,0,0
"3630003",7292,0,0,17,0,1,16,0,0
"3630004",7293,1,0,6,0,0,8,0,0
"3630005",7294,1,0,13,0,0,8,0,0
"3630006",7295,0,0,15,0,0,13,0,0
"3630007",7296,0,2,11,0,0,6,1,0
"3630008",7297,0,0,17,0,0,13,0,0
"3630009",7298,0,0,5,0,0,9,0,1
"3630011",7299,0,0,2,0,0,3,0,0
"3630012",7300,1,1,2,0,0,5,0,0
"3630013",7301,0,0,25,0,0,8,0,1
"3630014",7302,0,0,3,0,0,3,0,0
"3630015",7303,0,0,14,0,0,8,0,0
"3630016",7304,0,0,3,0,0,2,0,0
"3630017",7305,0,0,19,0,1,11,0,0
"3630018",7306,0,0,6,0,0,2,1,0
"3630020",7307,0,0,3,0,0,1,0,0
"3630021",7308,0,0,23,0,0,11,0,0
"3630022",7309,0,0,18,0,0,10,0,1
"3630023",7310,0,0,30,0,0,14,1,0
"3630024",7311,0,0,6,0,0,2,0,0
"3630025",7312,0,1,2,0,0,2,0,0
"3630026",7313,0,0,2,0,0,3,0,0
"3630027",7314,0,1,25,0,0,25,0,0
"3630028",7315,0,0,27,0,0,15,0,0
"3630029",7316,0,0,23,0,0,10,0,0
"3630030",7317,0,0,28,0,0,16,0,0
"3650001",7318,0,0,42,0,0,16,0,0
"3650002",7319,1,1,67,1,0,21,0,0
"3650003",7320,0,0,61,0,0,14,0,0
"3650005",7321,0,0,12,0,0,1,0,0
"3650007",7322,0,0,41,1,0,2,1,0
"3650008",7323,0,0,7,0,0,1,0,0
"3650009",7324,0,0,19,0,0,8,0,0
"3650010",7325,1,0,18,0,0,3,0,0
"3650012",7326,1,0,5,0,0,5,0,0
"3650013",7327,0,0,22,0,0,5,0,0
"3650014",7328,0,0,9,0,0,1,0,0
"3650018",7329,0,0,56,0,0,20,0,0
"3650019",7330,0,0,2,0,0,0,0,0
"3650020",7331,0,0,2,0,0,0,0,0
"3650022",7332,1,0,45,0,0,3,0,0
"3650026",7333,0,0,16,0,0,3,0,0
"3650027",7334,0,0,80,0,0,14,1,0
"3650028",7335,0,0,53,0,0,9,0,0
"3650029",7336,0,0,2,0,0,4,0,0
"3670100",7337,0,0,92,0,1,59,0,0
"3670105",7338,0,1,37,0,0,23,0,0
"3670110",7339,0,1,40,1,0,30,0,1
"3670111",7340,0,1,21,0,0,19,0,0
"3670115",7341,1,0,59,0,0,38,0,0
"3670120",7342,0,0,37,0,0,28,1,0
"3670125",7343,0,0,33,1,0,27,0,0
"3670130",7344,0,0,61,0,0,54,0,0
"3670135",7345,0,0,30,0,0,32,0,0
"3670140",7346,0,0,14,0,0,19,0,0
"3670200",7347,1,0,37,0,1,28,0,0
"3670205",7348,0,0,45,0,0,59,0,0
"3670210",7349,0,0,27,0,0,20,1,0
"3670215",7350,0,0,55,0,0,48,0,0
"3670220",7351,0,0,12,0,0,8,0,0
"3670225",7352,1,0,27,0,0,12,1,0
"3670230",7353,0,0,25,0,0,27,0,0
"3670235",7354,0,0,16,0,0,10,0,0
"3670240",7355,0,0,19,0,0,9,0,0
"3670245",7356,0,0,16,0,0,30,0,0
"3670250",7357,1,0,32,0,1,30,0,0
"3670255",7358,1,0,49,0,1,32,0,0
"3670260",7359,0,0,64,0,0,47,0,0
"3670265",7360,0,0,25,0,0,24,0,0
"3670300",7361,0,0,65,0,0,45,0,0
"3670305",7362,0,0,46,0,0,56,0,0
"3670310",7363,1,0,43,0,1,36,1,0
"3670315",7364,0,0,93,0,2,70,0,0
"3670320",7365,0,0,32,0,0,16,0,0
"3670325",7366,1,0,33,0,0,28,0,0
"3670330",7367,1,0,30,0,0,35,0,0
"3670335",7368,0,1,37,0,0,43,0,0
"3670340",7369,0,0,6,0,0,5,0,0
"3670345",7370,0,0,50,0,0,18,0,0
"3670350",7371,0,0,45,0,0,34,1,0
"3670400",7372,0,1,89,0,0,49,0,0
"3670410",7373,0,0,51,0,0,32,0,0
"3670415",7374,0,0,42,0,0,45,0,0
"3670420",7375,0,0,28,0,0,27,0,0
"3670430",7376,0,0,31,0,0,48,0,0
"3670435",7377,0,0,67,0,0,44,0,0
"3670440",7378,0,0,50,0,0,51,0,0
"3670445",7379,0,1,38,0,1,32,0,0
"3670450",7380,0,0,59,0,0,48,1,0
"3690101",7381,0,1,24,0,1,7,0,0
"3690201",7382,0,0,37,0,0,6,0,0
"3690202",7383,0,0,2,0,0,0,0,0
"3690301",7384,1,0,14,0,0,13,1,0
"3690303",7385,0,0,0,0,0,0,0,0
"3690401",7386,0,1,3,0,0,0,0,0
"3690402",7387,0,0,2,0,0,0,0,0
"3710001",7388,4,13,202,17,16,166,4,6
"3710002",7389,8,17,261,9,12,148,5,2
"3710003",7390,0,0,6,0,0,0,0,0
"3710004",7391,1,1,16,0,1,5,0,2
"3710005",7392,1,0,2,0,0,1,0,0
"3710006",7393,1,0,10,0,1,6,0,0
"3710007",7394,3,11,201,5,2,104,4,2
"3710009",7395,0,1,18,3,1,3,0,0
"3710010",7396,1,10,100,0,1,55,1,2
"3730001",7397,0,0,7,1,0,8,0,0
"3730002",7398,0,1,10,0,0,5,0,0
"3730003",7399,0,0,42,0,1,18,0,0
"3730004",7400,0,0,79,0,0,26,1,0
"3730005",7401,0,0,22,0,0,7,0,0
"3730006",7402,0,0,70,1,1,33,2,0
"3730007",7403,0,0,17,0,1,7,0,0
"3730008",7404,0,0,52,0,0,7,0,0
"3730009",7405,0,0,25,0,0,6,0,0
"3730010",7406,1,0,91,0,0,10,0,1
"3730011",7407,0,0,16,0,0,4,0,0
"3730012",7408,0,0,22,0,0,6,0,0
"3730013",7409,0,0,7,0,1,2,0,0
"3730014",7410,0,0,43,0,1,10,1,0
"3730015",7411,0,0,30,0,0,21,1,1
"3730016",7412,0,0,46,0,1,20,0,0
"3730017",7413,0,0,29,0,1,12,0,1
"3730018",7414,1,0,80,0,1,14,0,1
"3730019",7415,0,0,62,0,1,38,0,0
"3730020",7416,0,0,58,0,0,42,0,0
"3730021",7417,0,0,42,0,1,20,0,0
"3730022",7418,0,0,9,0,0,6,0,0
"3750121",7419,0,0,46,1,2,29,0,0
"3750122",7420,0,0,49,0,1,61,1,0
"3750123",7421,1,0,103,0,0,109,0,0
"3750124",7422,0,1,54,0,1,58,0,0
"3750125",7423,0,0,95,0,1,109,0,0
"3750126",7424,0,1,60,0,1,72,0,0
"3750221",7425,1,1,44,0,1,23,0,0
"3750222",7426,1,1,33,0,1,25,0,0
"3750223",7427,0,2,65,0,0,33,0,0
"3750224",7428,0,2,99,0,0,54,1,0
"3750225",7429,1,0,47,0,0,45,1,1
"3750321",7430,0,0,34,0,0,26,0,0
"3750322",7431,0,0,7,0,0,4,0,0
"3750323",7432,1,1,60,0,3,59,0,0
"3750324",7433,0,0,117,0,1,70,0,0
"3750325",7434,0,1,61,0,2,76,0,0
"3750326",7435,1,1,40,1,1,44,0,1
"3750327",7436,0,1,23,0,0,25,0,0
"3750421",7437,0,2,46,0,1,31,0,1
"3750422",7438,1,1,208,0,0,64,1,0
"3750424",7439,0,0,100,0,0,23,0,0
"3750425",7440,0,0,66,0,3,25,0,1
"3750426",7441,0,1,8,0,0,18,0,0
"3750427",7442,0,0,25,0,0,8,0,0
"3770001",7443,2,6,90,1,3,75,6,1
"3770002",7444,2,9,71,1,5,31,0,0
"3770003",7445,0,0,13,0,0,5,0,0
"3770004",7446,1,21,182,2,2,70,3,2
"3770005",7447,0,12,187,1,27,50,2,3
"3770006",7448,0,0,1,0,0,0,0,0
"3770007",7449,1,7,232,1,2,216,4,2
"3790101",7450,0,0,19,0,0,16,1,0
"3790102",7451,0,0,22,0,0,15,0,1
"3790203",7452,1,0,27,0,1,9,0,0
"3790204",7453,0,0,15,1,0,8,0,0
"3790305",7454,1,0,19,0,0,9,0,0
"3790306",7455,0,0,35,0,0,11,0,0
"3790407",7456,1,0,16,0,0,16,0,0
"3790408",7457,0,0,26,0,0,7,0,0
"3810103",7458,0,1,10,0,0,42,0,0
"3810110",7459,0,0,37,0,0,33,0,0
"3810111",7460,0,1,105,0,2,92,0,0
"3810112",7461,0,2,70,1,1,87,1,0
"3810114",7462,1,0,74,1,0,61,1,0
"3810123",7463,0,0,2,0,0,11,0,0
"3810131",7464,0,0,38,0,1,34,0,0
"3810204",7465,0,0,45,0,3,35,0,0
"3810208",7466,0,0,13,0,0,7,0,0
"3810216",7467,0,1,21,0,1,20,0,0
"3810222",7468,0,0,108,0,0,71,0,2
"3810227",7469,0,0,66,0,1,47,0,0
"3810228",7470,0,0,134,0,1,78,0,0
"3810230",7471,0,0,104,0,1,79,0,0
"3810301",7472,0,0,22,0,0,28,0,0
"3810302",7473,0,0,53,0,1,63,0,0
"3810305",7474,0,0,47,0,0,74,0,0
"3810306",7475,0,0,35,0,0,37,0,0
"3810307",7476,0,0,11,0,0,17,0,0
"3810309",7477,1,1,35,0,0,41,0,0
"3810315",7478,0,0,6,0,0,6,1,0
"3810317",7479,0,0,2,0,0,3,0,0
"3810324",7480,0,0,102,0,0,75,1,0
"3810325",7481,1,0,19,0,0,15,0,0
"3810332",7482,0,0,22,0,0,16,0,0
"3810415",7483,0,0,49,0,1,50,0,0
"3810418",7484,0,1,82,0,1,68,0,0
"3810420",7485,1,0,81,0,2,63,0,0
"3810421",7486,0,0,55,0,1,81,0,0
"3810426",7487,1,1,56,0,0,59,0,0
"3810429",7488,1,0,87,0,0,96,0,0
"3830001",7489,0,0,1,0,0,0,0,0
"3830002",7490,0,0,3,0,0,1,0,0
"3830003a",7491,0,0,5,0,0,1,0,0
"3830003b",7492,0,0,0,0,0,0,0,0
"3830004",7493,0,0,3,0,0,5,0,0
"3850001",7494,0,0,7,0,0,7,0,0
"3850002",7495,0,0,9,0,0,7,0,0
"3850003",7496,0,0,2,1,0,6,0,0
"3850004",7497,0,0,2,0,0,0,0,0
"3850005",7498,0,0,8,0,0,3,0,0
"3870004",7499,1,0,75,0,0,12,0,0
"3870005",7500,0,0,23,1,0,7,0,0
"3870011a",7501,1,0,9,0,2,3,0,0
"3870011b",7502,0,0,0,0,0,0,0,0
"3870017",7503,0,0,17,0,0,1,0,0
"3870027",7504,0,0,6,0,0,3,0,0
"3870029",7505,0,0,26,0,0,6,0,0
"38702-1a",7506,0,0,9,0,0,1,0,0
"38702-1b",7507,0,0,5,0,0,1,0,0
"38702-4",7508,0,0,24,1,0,7,0,1
"38703-1a",7509,0,0,85,0,0,15,0,0
"38703-1b",7510,0,0,2,0,0,0,0,0
"38703-4",7511,1,0,53,0,0,12,0,1
"38713-1",7512,0,0,4,0,0,3,0,0
"38713-4",7513,0,0,8,0,0,3,0,0
"38719-1",7514,0,0,13,0,1,7,0,0
"38719-4",7515,1,0,19,1,1,6,0,0
"3890002",7516,1,5,179,1,2,73,1,1
"3890003",7517,4,23,162,3,10,74,4,3
"3890004",7518,0,0,1,0,0,0,0,0
"3890005",7519,0,6,76,0,1,32,0,0
"3890006",7520,0,2,17,0,0,5,0,0
"3890007",7521,6,18,211,4,10,123,5,8
"3890008",7522,0,5,85,0,1,46,0,1
"3890010",7523,11,25,283,1,14,173,9,11
"3890011",7524,0,4,114,0,2,37,0,0
"3910001",7525,0,2,70,0,1,20,2,2
"3910002",7526,4,4,71,1,2,72,5,2
"3910003",7527,0,1,57,0,3,34,1,1
"3910004",7528,0,1,116,0,0,22,0,0
"391001a",7529,0,5,111,0,1,38,2,2
"391002a",7530,0,0,9,0,0,6,1,1
"391002b",7531,0,0,25,0,0,24,0,0
"391003a",7532,1,2,46,1,1,24,1,0
"391004a",7533,0,2,31,0,0,9,0,0
"391004b",7534,0,1,13,0,0,5,0,0
"3930001",7535,0,0,0,0,0,2,0,0
"3930002",7536,0,0,0,0,0,0,0,0
"3930003",7537,0,0,0,0,0,0,0,0
"39304-1",7538,0,0,3,0,0,0,0,0
"39304-2",7539,0,0,0,0,0,0,0,0
"3950001",7540,0,0,178,4,2,36,4,0
"3950002",7541,4,0,85,0,0,37,0,0
"3950003",7542,0,0,21,0,0,10,0,0
"3950004",7543,1,1,25,0,2,20,3,0
"3950005",7544,1,2,120,3,2,52,6,0
"3950006",7545,2,1,56,1,8,38,6,0
"3950008",7546,0,0,9,0,0,2,0,0
"3950011",7547,0,0,46,0,0,32,2,0
"3950013",7548,0,1,3,0,3,5,0,0
"3950016",7549,0,0,10,1,0,5,2,0
"3950019",7550,0,0,10,0,0,14,2,0
"3950022",7551,3,2,262,0,2,21,1,2
"3950023",7552,0,0,71,0,1,17,3,0
"3970001",7553,2,2,167,2,2,76,2,2
"3970002",7554,1,2,145,1,1,116,1,1
"3970003",7555,0,0,30,0,0,18,0,0
"3970004a",7556,0,0,24,0,0,15,0,0
"3970004b",7557,0,0,0,0,0,0,0,0
"397001a",7558,3,2,99,1,1,71,1,1
"397001ba",7559,1,0,82,1,1,66,1,1
"397001bb",7560,0,0,0,0,0,0,0,0
"397001c",7561,1,1,139,1,2,92,1,1
"397001d",7562,0,0,32,0,0,23,0,0
"397001e",7563,0,1,37,0,1,22,1,1
"397002a",7564,1,1,132,1,1,65,1,1
"397002b",7565,2,2,94,1,1,64,1,1
"397002c",7566,1,1,36,1,1,20,1,1
"397002d",7567,0,1,112,1,0,67,1,0
"397002e",7568,2,1,122,1,1,68,1,1
"397002f",7569,1,1,42,1,1,15,2,1
"397003aa",7570,0,0,38,0,0,27,0,0
"397003ab",7571,0,0,1,0,0,1,0,0
"397003ba",7572,2,1,75,1,5,45,1,3
"397003bb",7573,0,0,0,0,0,0,0,0
"397003c",7574,1,1,70,1,2,38,2,1
"397003d",7575,1,1,48,2,1,28,1,0
"397003e",7576,0,0,67,1,0,37,0,0
"397004a",7577,2,1,79,0,1,48,0,0
"397004b",7578,1,2,85,2,2,54,2,1
"397004c",7579,1,0,31,0,2,14,0,1
"397004d",7580,1,0,26,1,0,13,1,1
"397004e",7581,0,0,52,0,0,25,0,0
"397004f",7582,0,0,10,0,0,4,0,0
"3990001",7583,0,0,19,0,0,10,0,0
"3990003",7584,0,0,23,0,0,7,0,0
"3990004",7585,0,0,6,0,0,1,0,0
"3990005",7586,0,0,0,0,0,3,0,0
"3990006",7587,0,0,0,0,0,2,0,0
"3990007",7588,0,0,15,0,0,17,0,0
"3990008",7589,1,1,6,0,1,4,0,0
"3990009",7590,0,0,9,0,1,7,0,0
"3990010",7591,0,0,2,0,0,4,0,0
"4010111",7592,0,0,18,0,0,8,0,0
"4010112",7593,0,0,58,1,0,17,2,1
"4010113",7594,1,0,89,0,1,34,1,0
"4010114",7595,0,1,26,0,0,13,2,0
"4010201",7596,0,0,13,0,0,6,0,0
"4010212",7597,0,0,16,0,0,8,0,0
"4010213",7598,0,0,64,0,0,17,0,0
"4010214",7599,0,0,130,1,0,24,0,0
"4010215",7600,2,1,102,0,2,23,1,1
"4010302",7601,0,0,70,0,0,7,1,0
"4010303",7602,0,0,114,0,0,13,0,0
"4010314a",7603,0,0,16,0,0,3,0,0
"4010314b",7604,0,0,2,0,0,0,0,0
"4010315",7605,0,0,16,0,1,6,0,0
"4010316",7606,0,0,10,0,0,5,0,0
"4010317",7607,1,2,56,0,0,9,0,0
"4010318",7608,2,0,68,0,0,18,1,0
"4010319",7609,1,0,39,0,1,1,0,0
"4010404",7610,0,0,39,0,1,14,0,0
"4010405",7611,0,0,38,0,0,14,0,0
"4010416",7612,0,1,19,0,0,8,1,0
"4010417",7613,1,0,55,0,0,13,1,0
"4010418",7614,1,0,56,0,0,15,2,0
"4030001",7615,0,0,35,0,0,17,2,0
"4030002",7616,0,2,35,0,0,18,1,0
"4030003",7617,1,0,25,0,1,10,0,0
"4030004",7618,1,0,4,0,0,7,0,0
"4030005",7619,0,1,15,0,1,13,1,1
"4030006",7620,2,0,48,0,0,17,1,0
"4030007",7621,0,0,25,0,0,0,0,0
"4030008",7622,0,0,5,0,0,0,0,0
"4050001",7623,0,1,105,1,1,16,1,0
"4050002",7624,0,0,36,0,0,1,1,0
"4050003",7625,0,0,19,0,1,4,0,0
"4050004",7626,0,0,22,0,0,3,0,0
"4050005",7627,0,0,18,0,0,9,1,0
"4050006",7628,0,0,14,2,0,2,1,0
"4050007",7629,0,0,11,0,0,8,0,0
"4050008",7630,0,0,12,0,0,2,0,0
"4050009",7631,1,0,28,0,0,7,0,0
"4050010",7632,0,0,10,0,0,2,0,0
"4050011",7633,0,0,93,0,1,8,1,0
"4070001",7634,2,0,108,2,1,39,1,0
"4070002",7635,3,0,115,0,0,38,0,1
"4070003",7636,1,0,41,0,0,7,0,0
"4070004",7637,0,0,10,0,0,1,0,0
"4070005",7638,0,0,40,1,1,15,0,0
"4070006",7639,1,1,66,0,1,20,1,0
"4070007",7640,0,0,98,0,0,32,0,1
"4070008",7641,0,0,39,0,0,19,1,0
"4070009",7642,0,0,11,0,0,5,0,0
"4070010",7643,0,0,19,0,0,8,0,0
"4070011",7644,3,0,15,0,1,9,2,0
"4090101",7645,0,1,73,0,1,22,0,0
"4090102",7646,0,12,245,0,5,64,1,0
"4090103",7647,1,0,18,2,1,7,0,0
"4090104",7648,0,4,73,1,0,29,0,0
"4090105",7649,1,19,352,1,0,58,2,1
"4090106",7650,0,0,29,0,2,17,0,0
"4090107",7651,0,0,9,0,0,5,0,0
"4090108",7652,1,1,129,0,2,75,0,1
"4090109",7653,0,1,100,0,0,50,0,1
"4090110",7654,0,2,101,0,0,37,0,0
"4090111",7655,0,0,3,0,0,3,0,0
"4090112",7656,0,3,139,0,1,29,0,2
"4090113",7657,0,0,118,0,1,55,0,0
"4090114",7658,0,0,63,0,0,21,1,0
"4090115",7659,0,2,174,0,0,75,0,0
"4090116",7660,0,1,81,0,1,50,0,0
"4090117",7661,2,2,35,0,1,14,0,1
"4090118",7662,2,18,465,1,0,103,3,2
"4090119",7663,0,0,49,0,0,28,0,0
"4090120",7664,0,0,19,1,0,14,0,0
"4090121",7665,0,1,85,0,1,44,1,0
"4090122",7666,0,0,0,0,0,0,0,0
"4090123",7667,0,0,8,0,0,1,0,0
"4090124",7668,1,4,266,1,0,49,0,0
"4090125",7669,0,0,4,0,0,0,0,0
"4110001",7670,0,0,15,0,0,8,0,0
"411002a",7671,0,0,8,0,0,1,0,0
"411002b",7672,0,0,2,0,0,2,0,0
"411003a",7673,0,0,12,0,0,5,0,0
"411003b",7674,0,0,6,0,0,3,0,0
"411004a",7675,0,1,13,0,0,7,0,0
"411004b",7676,0,0,2,0,0,1,0,0
"4130001",7677,1,1,15,0,1,11,0,1
"4130002",7678,1,1,16,0,0,6,0,0
"4130003",7679,0,0,11,0,1,5,0,0
"4130004",7680,0,0,16,0,0,2,1,0
"4150005",7681,0,0,3,0,0,3,0,0
"4150006",7682,0,0,8,1,0,2,0,0
"4150007",7683,0,0,24,0,0,20,0,0
"4150008",7684,0,1,10,0,0,8,0,0
"4150009",7685,0,0,1,0,0,2,0,0
"4150010",7686,1,0,12,0,2,5,0,0
"4150011",7687,0,0,3,0,0,3,0,0
"4150012",7688,1,0,32,0,0,21,0,0
"4150013",7689,0,1,14,0,0,9,0,0
"4150014",7690,0,0,6,0,0,2,0,0
"4150015",7691,0,1,41,0,1,10,1,1
"4170101a",7692,0,0,2,0,0,1,0,0
"4170101b",7693,0,0,3,0,0,3,0,0
"4170202",7694,0,0,3,0,0,2,0,0
"4170303",7695,0,0,1,0,0,2,0,0
"4170307",7696,0,0,1,0,0,1,0,0
"4170404",7697,0,0,0,0,0,2,0,0
"4170405",7698,0,0,1,0,0,2,0,1
"4170406a",7699,0,0,4,0,0,1,0,0
"4170406b",7700,0,0,0,0,0,0,0,0
"4190002",7701,0,0,11,0,0,2,0,0
"4190003",7702,0,0,9,0,0,3,0,0
"4190004",7703,0,0,13,0,0,0,0,0
"4190005",7704,0,0,19,0,1,11,0,0
"4190006",7705,0,0,11,0,0,1,0,0
"4190007",7706,1,0,23,0,0,2,0,0
"4190008",7707,0,0,28,0,0,7,0,0
"419001n",7708,0,0,24,0,1,15,0,0
"419001s",7709,1,0,41,1,2,14,1,0
"419001w",7710,0,0,12,0,0,3,0,0
"419009n",7711,0,0,30,0,0,13,0,0
"419009s",7712,0,0,29,0,1,9,0,0
"41901se",7713,0,0,74,0,0,4,0,0
"41901sw",7714,0,0,22,0,0,6,0,0
"4210101",7715,0,0,2,0,0,1,0,0
"4210102",7716,0,0,7,0,0,0,0,0
"4210201",7717,0,0,3,0,0,3,1,0
"4210202",7718,0,0,0,0,0,0,0,0
"4210301",7719,0,0,2,0,0,0,0,0
"4210302",7720,0,1,3,0,0,1,0,0
"4210401",7721,0,2,2,0,0,3,0,0
"4230001",7722,0,0,31,0,0,8,0,0
"4230002",7723,0,0,44,0,0,10,1,0
"4230003",7724,0,1,66,0,0,50,0,0
"4230004",7725,0,0,97,0,0,25,0,1
"4230005",7726,0,0,66,0,1,27,1,0
"4230006",7727,0,1,26,0,0,15,0,0
"4230007",7728,0,0,70,0,1,28,0,0
"4230008",7729,0,0,70,0,1,15,0,1
"4230009",7730,0,0,34,0,0,7,0,0
"4230010",7731,1,1,283,0,1,30,1,1
"4230011",7732,0,1,201,0,0,33,1,1
"4230012",7733,0,0,244,0,1,37,0,1
"4230013",7734,1,0,345,0,0,37,2,1
"4230014",7735,0,0,76,0,0,33,1,1
"4230015",7736,0,0,66,0,0,23,0,0
"4230016",7737,0,0,211,1,1,22,1,1
"4230017",7738,0,0,21,0,0,9,0,0
"4230018",7739,0,0,230,0,0,26,0,0
"4230019",7740,0,1,58,1,0,34,0,1
"4230020",7741,0,0,19,0,0,5,0,0
"4230021",7742,0,0,42,0,0,27,0,0
"4230022",7743,0,0,9,0,0,6,0,0
"4230023",7744,0,1,77,0,0,55,0,0
"4230024",7745,0,1,48,0,1,30,0,0
"4230025",7746,0,0,38,0,0,51,0,0
"4230026",7747,0,0,67,0,0,19,0,0
"4230027",7748,0,0,57,0,0,52,1,0
"4230028",7749,0,0,64,1,1,41,0,0
"4230029",7750,0,0,63,0,1,12,0,0
"4230030",7751,0,0,72,0,0,48,0,0
"4230031",7752,0,0,60,0,0,33,0,0
"4230032",7753,0,0,27,0,0,14,0,0
"4230033",7754,0,0,28,0,0,14,0,0
"4230034",7755,1,2,186,0,1,18,0,0
"4230035",7756,0,0,238,1,1,41,0,0
"4230036",7757,0,0,359,1,1,72,3,2
"4230037",7758,0,0,44,0,0,16,0,0
"4230038",7759,0,1,64,0,0,55,0,1
"4230039",7760,1,0,48,0,0,10,0,0
"4230040",7761,2,0,91,0,0,42,1,1
"4230041",7762,0,0,84,0,0,26,0,0
"4230042",7763,0,3,113,0,0,58,0,1
"4230043",7764,0,0,39,0,0,46,0,0
"4230044",7765,1,0,208,0,2,67,0,1
"4230045",7766,0,0,23,0,0,15,0,0
"4230046",7767,0,1,59,0,0,24,0,0
"4230047",7768,0,0,24,0,1,6,0,0
"4230048",7769,1,0,50,0,0,14,0,0
"4230049",7770,0,0,17,0,0,16,0,0
"4230050",7771,1,0,54,0,0,30,0,0
"4230051",7772,0,1,96,0,0,41,1,0
"4230052",7773,1,0,49,0,0,15,0,1
"4230053",7774,0,0,44,0,0,6,0,0
"4230054",7775,0,0,88,0,0,61,0,0
"4230055",7776,0,0,75,0,0,35,0,0
"4230056",7777,0,0,74,0,0,58,0,0
"4230057",7778,0,0,8,0,0,5,1,0
"4230058",7779,0,0,76,0,0,49,0,0
"4230059",7780,0,0,94,0,0,38,0,0
"4230060",7781,0,0,28,0,0,8,0,0
"4230061",7782,0,0,118,0,1,55,0,0
"4230066",7783,1,0,43,0,0,5,0,0
"4230071",7784,0,0,79,0,0,42,0,0
"4230073",7785,0,0,33,0,0,15,0,0
"4230074",7786,0,0,6,0,0,6,0,0
"4230075",7787,0,0,39,0,0,30,0,1
"4230076",7788,0,0,49,0,0,11,0,0
"4230077",7789,0,0,33,0,1,14,0,0
"4230079",7790,0,0,91,0,0,59,0,0
"4230081",7791,0,0,20,0,0,8,0,0
"4230082",7792,0,0,5,0,0,0,0,0
"4230085",7793,0,0,19,0,0,10,0,0
"4250001",7794,0,0,15,0,0,12,0,0
"4250002",7795,0,0,16,0,0,19,0,0
"4250003",7796,0,0,19,1,0,18,0,0
"4250004",7797,0,0,16,0,0,14,0,0
"4270001",7798,5,13,483,0,6,145,0,3
"4270002",7799,5,13,616,2,5,170,2,4
"4270003",7800,2,17,631,0,4,137,0,3
"4270004",7801,0,3,108,0,5,52,4,3
"4270005",7802,0,1,31,0,0,11,0,1
"4270006",7803,2,27,974,1,2,171,1,6
"4270007",7804,0,2,202,0,2,34,0,3
"4270008",7805,4,22,616,3,2,152,2,5
"4270009",7806,1,9,314,0,2,51,2,2
"4270010",7807,3,14,518,2,2,145,0,2
"4270011",7808,3,18,917,1,4,153,3,4
"4270012",7809,7,19,701,5,3,204,2,5
"4270013",7810,4,24,487,0,6,157,1,2
"4270014",7811,0,7,338,0,1,53,1,2
"4290001",7812,0,0,14,0,0,0,0,0
"4290002",7813,0,0,12,0,0,13,1,0
"4290003",7814,0,0,10,0,0,9,0,0
"4290004",7815,0,0,6,0,0,12,0,0
"4290005",7816,0,0,3,0,0,1,0,0
"4310001a",7817,1,0,1,0,0,1,0,0
"4310001b",7818,0,0,0,0,0,0,0,0
"4310002a",7819,0,0,0,0,0,0,0,0
"4310002b",7820,0,0,0,0,0,0,0,0
"4310002c",7821,0,0,0,0,0,0,0,0
"4310002d",7822,0,0,0,0,0,0,0,0
"4310002e",7823,0,0,1,0,0,0,0,0
"4310003",7824,0,0,1,0,0,1,0,0
"4310004",7825,0,0,2,0,0,2,0,0
"4330001",7826,1,0,5,0,0,7,1,0
"4330002",7827,0,0,17,0,0,14,0,0
"4330003",7828,0,0,10,0,2,6,2,0
"4330004",7829,0,0,27,0,1,9,0,0
"4350101",7830,0,0,4,0,0,2,0,0
"4350201",7831,0,2,7,0,0,2,0,0
"4350301",7832,0,0,11,0,0,5,0,0
"4350401",7833,0,0,5,0,0,1,0,0
"4370001",7834,0,1,25,0,3,10,0,0
"4370002",7835,1,0,42,0,1,21,1,0
"4370003",7836,1,1,23,0,1,24,1,0
"4370004",7837,0,0,18,0,0,7,1,0
"4370006",7838,0,1,12,0,0,1,0,0
"4370007",7839,1,0,8,0,0,5,0,0
"4370009",7840,0,0,0,0,0,7,0,0
"4370011",7841,0,0,13,0,0,3,0,0
"4391001",7842,0,0,112,0,1,90,0,0
"4391004",7843,1,3,185,0,2,77,0,0
"4391005",7844,1,0,131,0,0,27,0,0
"4391008",7845,0,1,61,1,0,13,0,0
"4391009",7846,0,1,63,0,1,73,0,0
"4391010",7847,0,0,33,0,0,11,0,0
"4391011",7848,0,1,112,0,0,28,0,0
"4391012",7849,0,2,256,0,1,90,2,0
"4391013",7850,0,1,441,1,3,74,2,1
"4391014",7851,0,1,38,0,0,27,0,0
"4391015",7852,0,1,76,0,0,69,0,1
"4391019",7853,0,0,65,0,0,19,0,0
"4391021",7854,0,0,166,1,0,89,0,0
"4391022",7855,0,0,81,0,0,62,0,0
"4391023",7856,1,0,138,0,1,75,1,0
"4391024",7857,0,0,122,0,0,59,1,1
"4391025",7858,1,1,236,0,2,63,1,0
"4391034",7859,1,0,107,0,1,44,0,0
"4391056",7860,0,0,41,0,0,6,0,0
"4391059",7861,0,0,86,0,1,23,0,0
"4391061",7862,0,1,24,0,0,4,0,0
"4391062",7863,0,0,5,0,0,1,0,0
"4391064",7864,0,0,0,0,0,0,0,0
"4391066",7865,0,1,85,0,0,53,1,0
"4391071",7866,0,0,137,1,0,73,0,0
"4391074",7867,0,0,89,0,1,19,1,0
"4391075",7868,0,3,86,0,0,48,0,0
"4391076",7869,0,0,130,0,0,121,0,0
"4391078",7870,0,0,150,0,0,26,0,0
"4391079",7871,0,1,208,0,0,24,1,0
"4391080",7872,0,1,189,1,2,20,0,0
"4391081",7873,0,0,20,0,0,31,0,0
"4391082",7874,0,0,51,0,0,27,0,0
"4391083",7875,0,0,87,0,0,26,0,0
"4391084",7876,0,0,0,0,0,0,0,0
"4391085",7877,0,0,52,0,0,21,0,0
"4391088",7878,1,1,125,0,0,35,0,0
"4391089",7879,1,0,305,0,1,32,0,0
"4391090",7880,0,1,207,1,1,32,1,0
"4391094",7881,0,0,119,0,0,113,0,0
"4391095",7882,0,0,61,0,0,27,0,0
"4391098",7883,1,1,268,0,1,34,0,0
"4391099",7884,0,1,65,0,0,36,1,0
"4391103",7885,0,1,92,0,1,43,0,0
"4391104",7886,2,0,604,1,1,82,2,1
"4391105",7887,0,0,173,0,0,86,0,0
"4391106",7888,1,0,440,2,0,52,0,0
"4391108",7889,0,0,138,0,2,90,0,0
"4391109",7890,0,0,73,0,0,35,0,0
"4391111",7891,0,0,52,0,1,47,0,0
"4391117",7892,0,0,140,0,0,103,0,0
"4391119",7893,0,0,380,0,1,146,0,1
"4391120",7894,0,1,530,0,0,69,1,2
"4391126",7895,1,0,286,1,0,81,0,0
"4391127",7896,0,0,404,0,2,47,0,0
"4391132",7897,1,1,254,0,1,32,0,0
"4391133",7898,0,0,127,0,0,124,0,0
"4391142",7899,0,0,106,0,0,84,0,0
"4391146",7900,0,1,280,0,0,111,0,0
"4391149",7901,1,0,394,0,1,68,1,0
"4391150",7902,0,0,198,0,0,56,0,0
"4391151",7903,0,0,129,0,0,46,0,0
"4391153",7904,0,0,380,0,0,49,0,0
"4391154",7905,0,2,92,0,0,10,0,0
"4391165",7906,0,0,16,0,0,15,0,0
"4391167",7907,0,0,122,0,0,80,0,0
"4391170",7908,0,1,318,1,1,169,1,0
"4391175",7909,0,0,92,0,0,54,0,0
"4391184",7910,0,0,20,0,0,7,0,0
"4391186",7911,1,0,47,1,1,12,0,0
"4391188",7912,0,1,120,0,0,22,1,0
"4391189",7913,0,1,233,0,1,77,0,0
"4391197",7914,0,0,233,2,2,131,0,0
"4391198",7915,0,0,23,0,0,21,0,0
"4391199",7916,0,0,29,0,0,12,0,0
"4391206",7917,0,0,130,0,1,104,0,0
"4391207",7918,0,0,187,1,1,104,0,1
"4391208",7919,0,0,73,0,0,54,0,0
"4391211",7920,0,1,363,0,1,52,0,0
"4391227",7921,0,0,121,0,0,45,0,0
"4391236",7922,0,0,67,0,0,55,0,0
"4391237",7923,0,1,53,0,2,36,0,1
"4391238",7924,0,1,299,1,1,116,1,0
"4391241",7925,0,0,12,0,0,2,0,0
"4391244",7926,0,0,9,0,0,1,0,0
"4391251",7927,0,1,261,0,0,82,1,0
"4391255",7928,0,1,392,1,2,150,0,0
"4391257",7929,0,0,163,0,0,60,1,0
"4391264",7930,0,1,105,0,0,82,0,0
"4391265",7931,0,0,239,0,0,88,0,0
"4391270",7932,0,1,51,0,0,20,0,0
"4391271",7933,1,0,116,0,1,85,0,0
"4391273",7934,0,5,117,1,1,95,0,0
"4391277",7935,0,1,154,0,2,69,0,0
"4391278",7936,0,0,356,0,0,67,0,1
"4391279",7937,1,0,327,0,3,85,0,1
"4391291",7938,0,0,549,0,2,76,0,0
"4391292",7939,0,0,183,0,0,71,0,0
"4391293",7940,0,0,218,0,0,39,1,0
"4391294",7941,0,0,136,1,0,72,1,0
"4391295",7942,0,0,114,0,0,32,0,0
"4391296",7943,0,1,158,0,0,88,0,0
"4391297",7944,0,1,546,0,3,49,3,0
"4391298",7945,0,0,157,0,1,163,0,0
"4391300",7946,1,1,273,0,1,79,1,0
"4391301",7947,0,0,359,0,1,59,2,1
"4391311",7948,0,0,333,1,1,62,0,0
"4391337",7949,1,0,103,1,0,73,0,0
"4391339",7950,1,1,149,0,2,107,0,0
"4391345",7951,0,0,19,0,0,11,0,0
"4391346",7952,0,1,141,0,1,30,0,0
"4391347",7953,0,0,374,1,0,129,2,0
"4391348",7954,0,0,25,0,0,14,0,0
"4391351",7955,0,0,0,0,0,0,0,0
"4391352",7956,0,0,44,0,0,15,0,0
"4391366",7957,0,0,1,0,0,0,0,0
"4391376",7958,0,0,0,0,0,0,0,0
"4391377",7959,0,0,318,1,1,157,1,0
"4391378",7960,0,1,409,1,1,126,0,0
"4391380",7961,0,0,106,0,0,88,0,1
"4391382",7962,0,0,161,1,2,82,0,0
"4391388",7963,0,0,196,0,0,100,0,0
"4391394",7964,0,0,0,0,0,0,0,0
"4391404",7965,0,0,126,0,2,95,0,0
"4391407",7966,0,0,3,0,0,6,0,0
"4391408",7967,0,0,16,0,0,6,0,0
"4391412",7968,0,0,0,0,0,0,0,0
"4391414",7969,0,0,7,0,0,4,0,0
"4391415",7970,0,2,140,0,0,48,0,0
"4391416",7971,0,0,13,0,0,3,0,0
"4391418",7972,0,0,0,0,0,0,0,0
"4391420",7973,0,0,0,0,0,0,0,0
"4391423",7974,0,0,137,0,0,43,0,0
"4391424",7975,0,0,0,0,0,1,0,0
"4391427",7976,0,0,0,0,0,0,0,0
"4391430",7977,0,0,0,0,0,0,0,0
"4391431",7978,0,0,61,0,0,48,0,0
"4391434",7979,0,0,0,0,0,0,0,0
"4391436",7980,0,0,46,0,0,15,0,0
"4391437",7981,0,2,61,0,0,21,0,0
"4391439",7982,0,0,6,0,0,0,0,0
"4391440",7983,0,1,264,0,0,68,1,0
"4391441",7984,0,0,51,0,0,25,0,0
"4391444",7985,0,0,10,0,0,2,0,0
"4391445",7986,0,0,3,0,0,7,0,0
"4391455",7987,0,0,0,0,0,0,0,0
"4391457",7988,0,0,0,0,0,0,0,0
"4391459",7989,0,0,228,0,3,73,0,0
"4391460",7990,0,0,272,1,0,89,0,0
"4391463",7991,1,0,84,0,0,59,0,0
"4391472",7992,0,0,0,0,0,0,0,0
"4391473",7993,0,0,8,0,0,2,0,0
"4391476",7994,0,0,13,1,0,8,0,0
"4391477",7995,0,0,136,0,1,16,1,0
"4391479",7996,0,0,22,0,0,5,0,0
"4391481",7997,0,1,36,0,0,16,0,0
"4391482",7998,0,0,63,0,0,25,0,0
"4391489",7999,0,0,159,0,0,84,0,2
"4391490",8000,0,0,61,0,0,29,0,0
"4391491",8001,0,0,0,0,0,0,0,0
"4391501",8002,0,1,37,0,0,21,0,0
"4391504",8003,0,0,59,0,1,38,0,0
"4391514",8004,0,0,0,0,0,0,0,0
"4391515",8005,0,0,0,0,0,0,0,0
"4391518",8006,0,0,75,0,0,32,0,0
"4391543",8007,0,0,100,0,0,30,0,0
"4391544",8008,0,0,2,0,0,0,0,0
"4391547",8009,0,0,0,0,0,0,0,0
"4391549",8010,0,0,0,0,0,0,0,0
"4391550",8011,0,0,10,0,0,3,0,0
"4391555",8012,0,0,0,0,0,0,0,0
"4391559",8013,0,0,28,0,0,9,0,0
"4391564",8014,0,0,0,0,0,0,0,0
"4391576",8015,0,1,37,0,0,5,0,0
"4391577",8016,0,2,152,0,0,34,0,0
"4391578",8017,0,0,118,0,0,48,0,0
"4391586",8018,0,0,2,0,0,0,0,0
"4391589",8019,0,0,10,0,0,9,0,0
"4391594",8020,0,0,0,0,0,0,0,0
"4391597",8021,1,1,53,0,0,25,0,0
"4391603",8022,0,0,0,0,0,0,0,0
"4391605",8023,0,0,0,0,0,0,0,0
"4391607",8024,0,0,0,0,0,0,0,0
"4391608",8025,0,0,105,0,0,78,0,0
"4391610",8026,0,0,4,0,0,2,0,0
"4391611",8027,0,0,3,0,0,4,0,0
"4391617",8028,0,0,1,0,0,7,0,0
"4391619",8029,0,0,4,0,0,0,0,0
"4391621",8030,0,0,12,0,0,6,0,0
"4391622",8031,0,0,9,0,0,1,0,0
"4391623",8032,0,0,0,0,0,0,0,0
"4391625",8033,0,0,0,0,0,0,0,0
"4391627",8034,0,0,11,0,0,5,0,0
"4391631",8035,0,0,16,0,0,8,0,0
"4391633",8036,0,0,3,0,0,0,0,0
"4391639",8037,0,1,103,0,1,32,0,0
"4391641",8038,0,0,307,0,1,106,0,0
"4391642",8039,0,1,226,0,0,57,0,0
"4391651",8040,0,0,0,0,0,0,0,0
"4391652",8041,0,0,23,0,0,1,0,0
"4391672",8042,0,0,0,0,0,0,0,0
"4391674",8043,0,0,0,0,0,1,0,0
"4391676",8044,0,0,29,0,0,21,0,0
"4391677",8045,0,0,3,0,0,4,0,0
"4391678",8046,0,0,3,0,0,0,0,0
"4391679",8047,0,0,0,0,0,0,0,0
"4391684",8048,0,0,37,0,0,37,0,1
"4391701",8049,0,0,77,0,0,44,0,0
"4391704",8050,0,0,58,0,0,41,0,0
"4391710",8051,0,0,111,0,0,59,1,0
"4391714",8052,0,1,339,0,0,130,2,0
"4391715",8053,0,0,95,0,0,32,0,0
"4391717",8054,0,0,89,0,0,45,0,0
"4391718",8055,0,0,99,0,0,40,0,0
"4391719",8056,0,0,129,0,0,93,1,0
"4391722",8057,0,0,27,0,0,16,0,0
"4391723",8058,0,0,43,0,0,15,0,0
"4391734",8059,0,0,273,0,0,97,0,0
"4391738",8060,0,0,2,0,0,1,0,0
"4391739",8061,0,0,7,0,0,4,0,0
"4391740",8062,0,0,0,0,0,0,0,0
"4391747",8063,0,0,0,0,0,0,0,0
"4391749",8064,0,0,0,0,0,0,0,0
"4391752",8065,0,0,0,0,0,0,0,0
"4391753",8066,0,0,0,0,0,0,0,0
"4391801",8067,0,0,0,0,0,0,0,0
"4391821",8068,0,0,0,0,0,0,0,0
"4392002",8069,0,0,0,0,0,0,0,0
"4392003",8070,0,0,69,0,0,41,0,0
"4392007",8071,0,0,111,0,0,71,1,0
"4392026",8072,1,0,123,0,2,89,2,0
"4392027",8073,0,0,44,1,1,12,0,0
"4392028",8074,0,0,57,0,0,44,0,0
"4392029",8075,0,0,136,0,1,58,0,0
"4392030",8076,0,0,247,1,1,107,1,0
"4392031",8077,0,0,216,0,0,67,0,0
"4392033",8078,1,0,94,0,2,74,0,0
"4392052",8079,0,0,99,0,0,141,0,0
"4392055",8080,0,0,147,0,0,80,0,0
"4392058",8081,0,0,0,0,0,1,0,0
"4392100",8082,0,0,21,0,1,19,0,0
"4392112",8083,0,0,87,0,0,66,0,0
"4392134",8084,0,0,42,0,0,23,0,0
"4392143",8085,0,0,33,0,0,32,0,0
"4392145",8086,1,0,116,0,1,49,0,0
"4392147",8087,0,0,54,0,0,72,0,1
"4392148",8088,0,1,169,0,0,84,0,0
"4392158",8089,0,0,148,1,0,89,0,0
"4392161",8090,0,1,57,0,0,122,0,0
"4392168",8091,0,0,46,0,0,55,0,0
"4392169",8092,0,0,56,0,0,30,0,0
"4392171",8093,0,0,141,1,0,147,0,0
"4392173",8094,0,0,50,0,0,21,0,0
"4392174",8095,0,0,143,0,0,113,0,0
"4392180",8096,0,0,169,1,1,49,0,0
"4392181",8097,0,0,168,1,0,144,0,0
"4392190",8098,0,0,19,0,0,18,0,0
"4392205",8099,0,0,141,0,0,132,0,0
"4392210",8100,0,1,58,0,0,32,0,0
"4392217",8101,0,0,205,0,3,132,0,0
"4392219",8102,0,0,207,0,0,104,0,0
"4392220",8103,0,0,179,0,0,106,0,0
"4392221",8104,0,0,134,0,0,50,1,0
"4392223",8105,0,0,67,0,0,40,0,0
"4392224",8106,0,0,125,0,0,79,0,0
"4392225",8107,0,1,68,0,1,24,0,0
"4392226",8108,0,0,122,0,0,47,0,0
"4392228",8109,0,0,156,1,0,71,0,0
"4392229",8110,2,1,143,0,0,89,0,0
"4392235",8111,0,0,164,0,2,91,0,0
"4392246",8112,0,0,69,0,2,41,0,0
"4392258",8113,0,0,27,0,0,10,0,0
"4392262",8114,0,0,28,0,0,16,0,0
"4392263",8115,0,2,108,0,0,60,0,0
"4392266",8116,0,0,147,0,0,118,0,0
"4392267",8117,0,0,116,0,1,74,0,0
"4392268",8118,0,0,76,0,0,49,1,0
"4392269",8119,0,0,28,0,0,20,0,0
"4392274",8120,0,0,0,0,0,0,0,0
"4392275",8121,0,0,82,0,0,28,0,0
"4392280",8122,0,0,109,0,0,46,0,0
"4392281",8123,0,0,65,0,0,54,0,0
"4392299",8124,0,0,178,0,1,41,0,0
"4392302",8125,0,0,130,0,2,59,0,1
"4392303",8126,0,0,134,0,0,94,0,0
"4392304",8127,0,0,123,0,1,76,0,0
"4392305",8128,0,0,130,0,0,72,0,0
"4392306",8129,0,1,118,0,1,56,0,0
"4392307",8130,0,0,198,0,0,124,0,0
"4392308",8131,1,0,136,0,1,66,0,0
"4392309",8132,0,0,72,0,0,47,0,0
"4392310",8133,0,0,79,0,0,66,0,0
"4392313",8134,0,0,131,1,0,108,0,0
"4392314",8135,0,0,172,1,1,102,0,0
"4392315",8136,0,0,133,0,0,67,0,0
"4392316",8137,2,0,142,0,0,80,0,0
"4392317",8138,0,0,72,0,0,45,0,0
"4392318",8139,0,0,65,0,0,59,0,1
"4392319",8140,1,1,121,0,0,100,0,0
"4392320",8141,0,1,146,0,0,69,0,0
"4392341",8142,0,0,44,0,0,20,0,0
"4392349",8143,0,0,217,0,1,51,0,0
"4392353",8144,1,2,129,1,1,43,0,0
"4392354",8145,0,0,127,0,0,68,0,0
"4392355",8146,0,0,62,0,0,49,0,0
"4392356",8147,1,0,220,0,0,111,0,0
"4392357",8148,0,1,157,0,0,78,0,0
"4392358",8149,0,0,121,0,2,78,1,0
"4392360",8150,0,0,111,0,0,66,0,0
"4392379",8151,0,0,286,0,0,97,0,0
"4392381",8152,0,0,45,0,0,12,0,0
"4392383",8153,2,0,188,0,0,102,1,0
"4392393",8154,0,0,19,0,0,29,0,0
"4392401",8155,0,0,17,0,0,8,0,0
"4392402",8156,0,0,1,0,0,0,0,0
"4392403",8157,0,0,2,0,0,0,0,0
"4392405",8158,0,0,428,1,0,158,0,0
"4392411",8159,0,0,46,0,0,13,0,0
"4392413",8160,0,0,33,0,0,11,0,0
"4392419",8161,0,0,0,0,0,0,0,0
"4392425",8162,0,0,228,0,1,114,1,0
"4392426",8163,1,0,114,1,2,72,0,0
"4392428",8164,1,0,20,0,0,12,0,0
"4392435",8165,0,0,128,0,0,73,0,0
"4392438",8166,0,0,233,0,0,86,0,0
"4392442",8167,0,0,58,0,0,27,0,0
"4392448",8168,1,0,228,0,2,127,0,0
"4392449",8169,0,0,125,0,0,63,0,0
"4392450",8170,1,0,189,0,0,76,0,1
"4392451",8171,0,0,7,0,0,5,0,0
"4392453",8172,1,1,178,0,0,58,0,0
"4392461",8173,0,0,186,0,1,63,0,0
"4392462",8174,0,0,167,0,0,58,0,0
"4392464",8175,0,0,19,0,0,13,0,0
"4392466",8176,0,0,117,0,0,42,0,0
"4392467",8177,0,0,185,0,1,90,0,0
"4392468",8178,0,0,155,0,1,99,0,0
"4392474",8179,0,0,11,0,0,6,0,0
"4392484",8180,0,2,328,0,0,124,0,0
"4392488",8181,0,0,215,0,1,86,0,0
"4392505",8182,0,0,82,0,0,40,0,0
"4392506",8183,1,0,266,0,1,158,0,0
"4392513",8184,0,0,0,0,0,0,0,0
"4392519",8185,1,0,110,0,1,51,0,0
"4392520",8186,0,0,155,0,1,90,1,0
"4392521",8187,0,0,75,0,0,40,0,0
"4392522",8188,1,1,168,0,1,97,0,0
"4392523",8189,0,1,313,0,4,114,0,0
"4392524",8190,0,0,52,0,0,32,0,0
"4392525",8191,0,0,309,0,1,128,1,0
"4392535",8192,0,0,120,0,0,75,2,0
"4392536",8193,0,1,152,0,0,82,0,0
"4392537",8194,0,0,92,0,1,64,0,0
"4392541",8195,0,1,215,0,0,99,1,0
"4392546",8196,0,0,0,0,0,0,0,0
"4392548",8197,0,0,78,0,0,44,0,0
"4392553",8198,0,0,118,0,0,57,0,0
"4392556",8199,0,0,131,0,0,69,1,0
"4392557",8200,1,1,103,0,1,48,1,0
"4392561",8201,0,0,0,0,0,0,0,0
"4392569",8202,0,0,11,0,0,1,0,0
"4392571",8203,0,0,0,0,0,0,0,0
"4392581",8204,0,1,185,0,1,89,2,0
"4392600",8205,0,0,0,0,0,0,0,0
"4392601",8206,0,0,0,0,0,0,0,0
"4392606",8207,0,0,3,0,0,0,0,0
"4392609",8208,0,0,0,0,0,0,0,0
"4392612",8209,0,0,0,0,0,0,0,0
"4392613",8210,0,0,252,0,0,89,0,0
"4392614",8211,0,0,9,0,0,2,0,0
"4392616",8212,0,0,4,0,0,1,0,0
"4392618",8213,0,0,0,0,0,0,0,0
"4392635",8214,0,0,145,0,1,53,0,0
"4392636",8215,0,0,92,0,0,70,0,0
"4392643",8216,0,1,208,0,0,50,0,0
"4392644",8217,0,0,163,0,0,50,0,0
"4392645",8218,0,0,85,0,0,55,0,0
"4392655",8219,0,0,61,0,2,54,0,0
"4392656",8220,0,0,7,0,0,6,0,0
"4392657",8221,0,0,1,0,0,0,0,0
"4392658",8222,0,0,49,0,0,15,0,0
"4392659",8223,0,0,2,0,1,0,0,0
"4392660",8224,0,0,13,0,0,13,0,0
"4392670",8225,0,0,9,0,0,10,0,0
"4392673",8226,0,0,0,0,0,0,0,0
"4392675",8227,0,0,0,0,0,0,0,0
"4392680",8228,0,0,0,0,0,0,0,0
"4392681",8229,0,0,0,0,0,0,0,0
"4392697",8230,0,0,192,0,0,47,0,0
"4392699",8231,0,1,335,1,0,104,1,0
"4392708",8232,0,0,185,0,0,43,0,0
"4392712",8233,0,0,246,0,0,93,0,0
"4392721",8234,0,1,98,1,1,38,0,1
"4392726",8235,0,1,201,0,1,74,0,0
"4392727",8236,0,0,38,0,0,25,0,0
"4392731",8237,0,0,141,0,0,45,0,0
"4392741",8238,0,0,13,0,0,4,0,0
"4392742",8239,0,0,42,0,0,10,0,0
"4392743",8240,0,0,0,0,0,1,0,0
"4392744",8241,0,0,8,0,0,22,0,0
"4392745",8242,0,0,14,0,0,6,0,0
"4392746",8243,0,0,69,0,0,64,0,0
"4392748",8244,0,0,0,0,0,0,0,0
"4392751",8245,0,0,0,0,0,0,0,0
"4392755",8246,0,0,0,0,0,0,0,0
"4392775",8247,0,0,0,0,0,0,0,0
"4392827a",8248,0,0,0,0,0,0,0,0
"4392827b",8249,0,0,0,0,0,0,0,0
"4393032",8250,1,0,57,0,0,52,0,0
"4393035",8251,1,1,177,0,1,124,0,0
"4393036",8252,1,0,113,0,0,58,0,0
"4393037",8253,0,0,127,1,0,93,0,0
"4393038",8254,0,0,138,0,1,125,0,0
"4393039",8255,0,0,63,0,1,47,0,0
"4393040",8256,0,0,113,0,0,91,0,0
"4393041",8257,2,1,171,0,1,168,1,0
"4393043",8258,0,0,91,0,0,55,0,0
"4393049",8259,0,0,136,0,0,68,0,1
"4393054",8260,0,0,140,0,0,90,0,0
"4393063",8261,0,0,64,0,0,44,0,0
"4393072",8262,0,0,86,0,1,70,0,0
"4393114",8263,0,0,107,0,1,94,0,0
"4393131",8264,0,0,62,0,0,57,0,0
"4393139",8265,1,0,36,0,0,69,0,0
"4393140",8266,0,0,66,0,0,65,0,0
"4393152",8267,0,0,2,0,0,0,0,0
"4393156",8268,0,0,61,0,0,52,2,0
"4393157",8269,0,0,112,1,0,112,0,0
"4393160",8270,0,1,85,0,0,79,0,0
"4393164",8271,1,1,119,0,0,70,0,0
"4393166",8272,0,0,105,0,1,81,0,0
"4393172",8273,0,0,108,0,0,107,1,0
"4393176",8274,0,3,157,0,0,125,1,0
"4393177",8275,0,0,71,0,0,59,0,0
"4393183",8276,0,1,168,0,3,112,2,0
"4393185",8277,0,0,0,0,0,0,0,0
"4393187",8278,0,0,47,0,0,30,1,0
"4393192",8279,0,0,19,0,0,14,0,0
"4393193",8280,0,0,110,0,0,50,0,0
"4393194",8281,0,0,64,0,0,69,0,0
"4393196",8282,1,0,86,0,0,60,0,0
"4393200",8283,0,0,118,0,0,109,0,0
"4393209",8284,0,0,130,0,0,56,0,0
"4393212",8285,0,0,117,0,0,62,0,0
"4393213",8286,0,0,64,0,0,80,0,0
"4393214",8287,0,0,89,0,1,78,0,0
"4393215",8288,0,0,98,0,0,44,0,0
"4393216",8289,0,0,178,0,1,133,0,0
"4393240",8290,0,0,113,1,3,95,0,0
"4393247",8291,0,0,66,0,0,50,0,0
"4393248",8292,1,0,183,0,0,107,0,0
"4393249",8293,0,0,172,0,0,115,0,0
"4393254",8294,0,0,95,0,0,105,0,1
"4393260",8295,0,0,69,0,0,50,0,0
"4393282",8296,1,0,60,1,1,43,0,0
"4393283",8297,0,0,51,0,0,58,0,0
"4393286",8298,0,0,29,0,0,3,0,0
"4393287",8299,0,0,84,1,0,85,1,0
"4393289",8300,0,1,102,0,0,68,0,0
"4393321",8301,0,0,78,0,0,84,0,0
"4393322",8302,0,0,95,0,0,96,1,0
"4393323",8303,0,0,139,0,0,68,0,0
"4393324",8304,0,0,100,0,0,55,0,0
"4393325",8305,0,0,34,0,0,27,0,0
"4393326",8306,0,0,31,0,0,32,0,0
"4393327",8307,0,0,89,0,1,58,0,0
"4393329",8308,0,0,131,0,0,102,0,0
"4393330",8309,0,0,42,0,0,27,0,0
"4393331",8310,0,0,93,0,0,40,0,0
"4393332",8311,0,1,105,0,0,93,0,0
"4393333",8312,0,0,98,0,0,80,0,0
"4393334",8313,0,0,111,0,0,105,0,0
"4393335",8314,0,1,96,0,0,78,0,0
"4393336",8315,0,1,148,0,0,80,0,0
"4393359",8316,0,0,83,0,0,54,0,0
"4393361",8317,1,0,128,0,0,120,0,0
"4393363",8318,1,0,79,0,0,49,0,0
"4393364",8319,0,0,39,0,0,27,0,0
"4393365",8320,0,0,122,0,0,63,0,0
"4393367",8321,0,0,70,0,0,76,0,0
"4393368",8322,0,0,41,0,0,20,0,0
"4393372",8323,0,1,118,0,1,90,1,0
"4393384",8324,0,0,76,0,1,81,0,0
"4393385",8325,0,0,139,0,0,84,0,0
"4393386",8326,0,1,76,1,0,73,0,0
"4393387",8327,0,0,65,0,0,56,0,0
"4393389",8328,0,0,202,0,0,152,0,0
"4393390",8329,0,0,153,0,0,92,0,0
"4393391",8330,0,0,150,0,2,106,0,0
"4393392",8331,0,1,83,0,0,50,0,0
"4393396",8332,0,0,165,0,2,113,0,0
"4393398",8333,0,0,59,0,0,49,0,0
"4393406",8334,0,0,0,0,0,0,0,0
"4393409",8335,0,0,0,0,0,3,0,0
"4393417",8336,0,0,61,0,1,65,0,0
"4393421",8337,0,1,36,0,2,37,0,0
"4393422",8338,0,0,44,0,0,32,0,0
"4393433",8339,0,0,27,1,0,14,0,0
"4393443",8340,0,0,123,1,0,88,0,0
"4393446",8341,0,0,0,0,0,0,0,0
"4393447",8342,0,0,0,0,0,0,0,0
"4393465",8343,0,1,170,0,0,82,0,0
"4393469",8344,0,0,72,0,0,66,0,0
"4393470",8345,0,0,4,0,0,5,0,0
"4393471",8346,1,0,67,0,1,33,0,0
"4393486",8347,0,0,86,0,1,89,0,0
"4393500",8348,0,0,8,0,0,8,0,0
"4393502",8349,0,0,43,0,0,39,0,0
"4393507",8350,0,0,70,0,0,66,0,0
"4393509",8351,0,0,80,0,0,71,0,0
"4393510",8352,0,0,119,0,1,87,0,0
"4393511",8353,0,0,161,1,0,93,0,0
"4393516",8354,0,0,103,0,2,58,0,0
"4393517",8355,0,0,120,0,0,77,0,0
"4393526",8356,0,0,44,0,0,25,0,0
"4393527",8357,0,0,74,0,0,62,0,0
"4393529",8358,0,0,71,0,0,42,0,0
"4393530",8359,0,0,108,0,0,114,0,0
"4393538",8360,0,0,144,0,0,67,0,0
"4393539",8361,0,0,0,0,0,2,0,0
"4393542",8362,0,0,119,1,1,95,0,0
"4393545",8363,0,0,90,0,0,58,0,0
"4393552",8364,0,1,106,0,1,93,0,1
"4393554",8365,0,0,90,0,0,66,0,0
"4393558",8366,0,0,124,0,1,64,0,0
"4393560",8367,0,0,0,0,0,0,0,0
"4393562",8368,0,0,6,0,0,1,0,0
"4393566",8369,0,0,0,0,0,0,0,0
"4393567",8370,0,0,42,0,0,25,0,0
"4393570",8371,0,1,96,0,1,96,0,1
"4393574",8372,0,0,10,0,0,9,0,0
"4393575",8373,0,0,0,0,0,0,0,0
"4393579",8374,0,0,37,0,0,13,0,0
"4393580",8375,0,0,0,0,0,0,0,0
"4393582",8376,0,0,0,0,0,0,0,0
"4393583",8377,0,0,0,0,0,0,0,0
"4393584",8378,0,0,0,0,0,0,0,0
"4393585",8379,0,0,0,0,0,0,0,0
"4393590",8380,0,0,0,0,0,0,0,0
"4393624",8381,0,0,11,0,0,3,0,0
"4393626",8382,0,0,25,0,0,10,0,0
"4393637",8383,0,0,105,0,0,70,0,0
"4393646",8384,0,0,62,1,1,74,0,0
"4393647",8385,0,1,138,0,1,87,0,0
"4393648",8386,0,0,119,0,0,108,0,0
"4393653",8387,0,0,0,0,0,0,0,0
"4393654",8388,0,0,0,0,0,0,0,0
"4393661",8389,0,0,0,0,0,0,0,0
"4393663",8390,0,0,2,0,0,0,0,0
"4393664",8391,0,0,0,0,0,0,0,0
"4393665",8392,0,0,0,0,0,0,0,0
"4393667",8393,0,0,3,0,0,3,0,0
"4393668",8394,0,0,12,0,0,15,0,0
"4393669",8395,0,0,0,0,0,0,0,0
"4393671",8396,0,0,17,0,0,29,0,0
"4393695",8397,0,0,120,0,0,100,0,0
"4393696",8398,0,0,113,0,0,84,0,0
"4393698",8399,0,1,164,0,1,116,0,0
"4393700",8400,0,0,64,0,1,35,0,0
"4393706",8401,0,0,65,0,0,71,0,0
"4393709",8402,0,0,39,0,0,41,0,0
"4393716",8403,0,0,62,0,0,59,0,0
"4393720",8404,0,0,86,1,1,60,0,0
"4393725",8405,0,1,73,1,1,54,1,1
"4393728",8406,0,0,46,0,0,39,0,0
"4393729",8407,0,0,0,0,0,0,0,0
"4393732",8408,0,0,28,0,0,21,0,0
"4393735",8409,0,0,37,0,0,15,0,0
"4393750",8410,0,0,0,0,0,0,0,0
"4393757",8411,0,0,0,0,0,0,0,0
"4393759",8412,0,0,0,0,0,0,0,0
"4393822",8413,0,0,0,0,0,0,0,0
"4393826",8414,0,0,0,0,0,0,0,0
"4394006",8415,0,0,34,0,0,41,0,0
"4394016",8416,0,0,113,0,0,99,0,0
"4394017",8417,0,1,221,1,0,85,0,0
"4394018",8418,0,1,51,0,1,18,0,0
"4394020",8419,0,0,58,0,0,40,1,0
"4394042",8420,1,0,56,0,0,31,0,0
"4394044",8421,0,0,75,0,0,46,0,0
"4394045",8422,0,0,93,0,0,55,0,0
"4394046",8423,0,0,54,0,0,43,0,0
"4394047",8424,0,0,67,0,1,46,0,0
"4394048",8425,0,0,83,0,0,25,0,0
"4394050",8426,1,7,138,0,1,30,1,0
"4394051",8427,0,0,0,0,0,0,0,0
"4394053",8428,1,0,47,0,0,37,1,0
"4394057",8429,0,0,65,0,1,22,0,0
"4394060",8430,0,2,174,0,0,235,0,0
"4394065",8431,0,0,85,0,0,60,0,0
"4394067",8432,0,0,205,1,2,64,0,0
"4394068",8433,0,3,129,0,0,44,0,0
"4394069",8434,0,0,80,0,1,42,0,0
"4394070",8435,0,0,190,0,1,109,0,0
"4394073",8436,0,0,39,0,0,8,0,0
"4394077",8437,0,0,34,0,0,22,0,0
"4394086",8438,0,0,118,0,0,72,0,0
"4394087",8439,0,2,79,0,1,21,0,0
"4394091",8440,2,0,119,0,0,83,1,0
"4394092",8441,0,0,85,0,1,46,0,0
"4394093",8442,0,1,206,0,1,79,1,0
"4394096",8443,0,0,120,0,0,165,0,0
"4394097",8444,0,1,133,0,0,46,0,0
"4394101",8445,0,2,66,0,1,43,0,0
"4394102",8446,0,1,55,1,0,38,0,0
"4394107",8447,0,0,111,0,0,41,0,0
"4394110",8448,0,2,150,1,0,57,0,0
"4394113",8449,0,0,15,0,0,10,0,0
"4394115",8450,0,0,15,0,0,5,0,0
"4394116",8451,1,0,122,0,0,91,0,0
"4394118",8452,0,0,81,0,0,49,0,0
"4394121",8453,0,1,118,0,0,98,1,0
"4394122",8454,0,1,136,0,0,50,0,0
"4394123",8455,0,1,150,0,3,49,0,0
"4394124",8456,0,0,111,0,0,76,0,0
"4394125",8457,0,0,33,0,0,11,0,0
"4394128",8458,1,1,105,1,1,70,1,1
"4394129",8459,0,0,84,0,0,42,0,0
"4394130",8460,0,0,201,0,0,83,0,0
"4394135",8461,0,0,89,0,2,54,0,0
"4394136",8462,0,0,110,0,1,90,1,0
"4394137",8463,0,0,76,0,0,44,0,0
"4394138",8464,0,0,37,0,0,22,0,0
"4394141",8465,1,1,109,0,0,88,0,1
"4394144",8466,0,0,61,0,0,40,0,0
"4394155",8467,0,4,158,0,3,95,1,0
"4394159",8468,0,1,57,0,1,47,1,0
"4394162",8469,0,0,25,0,0,17,0,0
"4394163",8470,0,0,101,0,0,48,0,0
"4394178",8471,0,0,145,1,1,98,0,1
"4394179",8472,0,0,77,0,0,55,0,0
"4394182",8473,0,0,166,0,1,123,0,0
"4394191",8474,0,1,42,0,0,43,0,0
"4394195",8475,0,1,117,0,0,45,0,0
"4394201",8476,0,1,141,0,0,49,0,0
"4394202",8477,0,2,60,0,0,52,0,0
"4394203",8478,0,1,121,0,1,68,1,0
"4394204",8479,0,1,130,0,0,81,0,0
"4394218",8480,0,0,66,0,0,40,0,0
"4394222",8481,1,1,136,0,0,107,0,0
"4394230",8482,0,0,174,1,0,137,0,0
"4394231",8483,0,3,112,0,0,48,1,0
"4394232",8484,0,1,98,0,1,74,1,0
"4394233",8485,0,2,107,0,2,47,1,0
"4394234",8486,0,0,114,0,0,112,0,0
"4394239",8487,0,0,6,1,0,6,0,0
"4394242",8488,0,0,26,0,1,15,0,0
"4394243",8489,0,1,60,0,0,40,0,0
"4394245a",8490,0,0,11,0,0,2,0,0
"4394245b",8491,0,0,0,0,0,0,0,0
"4394250",8492,1,0,113,1,0,82,0,1
"4394252",8493,0,0,72,0,1,57,0,0
"4394253",8494,0,0,28,0,0,24,0,0
"4394256",8495,0,0,45,0,0,30,0,0
"4394259",8496,1,0,58,0,0,29,0,0
"4394261",8497,0,0,142,0,1,90,0,0
"4394272",8498,0,0,19,0,0,26,0,0
"4394276",8499,1,0,107,1,0,93,1,1
"4394284",8500,0,0,7,0,0,5,0,0
"4394285",8501,0,0,18,0,1,21,0,0
"4394288",8502,0,0,21,0,0,10,0,0
"4394290",8503,0,1,95,0,1,60,0,0
"4394312",8504,0,0,8,0,0,12,0,0
"4394328",8505,0,1,68,0,0,47,0,0
"4394338",8506,0,1,81,1,0,61,1,0
"4394340",8507,0,0,76,1,0,51,0,0
"4394342",8508,0,0,147,0,1,87,0,0
"4394343",8509,0,0,92,0,0,25,0,0
"4394344",8510,0,0,64,0,0,62,0,0
"4394350",8511,0,0,131,0,0,124,0,0
"4394362",8512,0,0,0,0,0,0,0,0
"4394369",8513,0,0,120,0,1,117,0,0
"4394370",8514,0,0,0,0,0,0,0,0
"4394371",8515,0,0,54,0,0,35,0,0
"4394373",8516,0,0,10,0,0,2,0,0
"4394374",8517,0,1,112,1,1,83,0,0
"4394375",8518,1,0,87,0,2,52,0,0
"4394395",8519,0,0,14,0,0,18,0,0
"4394397",8520,0,0,16,0,1,10,0,0
"4394399",8521,0,0,2,0,0,2,0,0
"4394400",8522,0,0,15,0,0,13,0,0
"4394410",8523,0,0,128,0,0,90,0,0
"4394429",8524,0,0,51,0,0,34,0,0
"4394432",8525,0,0,2,0,0,0,0,0
"4394452",8526,0,0,38,1,0,18,0,0
"4394454",8527,0,1,77,0,1,59,1,0
"4394456",8528,0,0,60,0,0,24,0,0
"4394458",8529,0,0,0,0,0,0,0,0
"4394475",8530,0,0,10,0,0,5,0,0
"4394478",8531,0,0,0,0,0,0,0,0
"4394480",8532,0,1,16,0,0,9,0,0
"4394483",8533,0,0,1,0,0,3,0,0
"4394485",8534,0,0,16,0,0,13,0,0
"4394487",8535,0,0,0,0,0,0,0,0
"4394492",8536,0,0,38,0,0,59,0,0
"4394493",8537,0,0,52,0,0,28,0,0
"4394494",8538,0,0,0,0,0,0,0,0
"4394495",8539,1,0,20,0,0,7,0,0
"4394496",8540,1,0,44,0,0,44,0,0
"4394497",8541,0,0,141,0,0,77,1,0
"4394498",8542,0,0,47,0,0,46,0,0
"4394499",8543,0,0,164,1,0,125,1,0
"4394503",8544,0,0,45,0,0,33,0,0
"4394508",8545,1,1,181,0,0,137,0,0
"4394512",8546,0,0,0,0,0,0,0,0
"4394528",8547,0,0,159,0,0,127,0,0
"4394531",8548,0,0,114,1,1,98,1,0
"4394532",8549,1,0,47,0,0,17,1,0
"4394533",8550,1,0,59,0,0,28,0,0
"4394534",8551,1,0,134,0,1,123,0,0
"4394540",8552,0,0,140,0,0,116,0,0
"4394551",8553,0,0,150,0,1,88,0,0
"4394563",8554,0,0,0,0,0,0,0,0
"4394565",8555,0,0,3,0,0,0,0,0
"4394568",8556,0,0,2,0,0,1,0,0
"4394572",8557,0,0,8,0,0,2,0,0
"4394573",8558,0,0,0,0,0,0,0,0
"4394587",8559,0,0,36,0,0,8,0,0
"4394588",8560,0,0,173,0,1,100,0,0
"4394591",8561,0,0,149,0,0,119,0,0
"4394592",8562,0,0,0,0,0,0,0,0
"4394593",8563,0,0,15,0,0,12,0,0
"4394595",8564,1,0,4,0,0,0,0,0
"4394596",8565,0,0,4,0,0,1,0,0
"4394599",8566,0,0,56,0,0,37,0,0
"4394602",8567,0,0,0,0,0,0,0,0
"4394604",8568,0,0,0,0,0,0,0,0
"4394615",8569,0,0,0,0,0,0,0,0
"4394620",8570,0,0,6,0,0,3,0,0
"4394629",8571,0,0,0,0,0,0,0,0
"4394630",8572,0,0,0,0,0,0,0,0
"4394632",8573,0,0,0,0,0,0,0,0
"4394634",8574,0,0,64,0,0,44,0,0
"4394638",8575,0,0,56,0,0,49,0,0
"4394640",8576,0,0,43,0,0,20,0,0
"4394649",8577,1,0,105,4,0,79,0,0
"4394650",8578,0,0,58,0,0,51,0,0
"4394666",8579,0,0,0,0,0,0,0,0
"4394682",8580,0,1,12,0,0,14,0,0
"4394683",8581,0,0,0,0,0,0,0,0
"4394685",8582,0,0,0,0,0,0,0,0
"4394686",8583,0,0,0,0,0,0,0,0
"4394687",8584,0,0,4,0,0,9,0,0
"4394689",8585,0,0,11,0,0,8,0,0
"4394694",8586,0,0,37,0,0,33,0,0
"4394702",8587,0,0,48,0,0,30,0,0
"4394703",8588,0,1,121,0,1,107,0,0
"4394705",8589,0,0,61,0,0,41,0,0
"4394707",8590,0,0,55,0,0,46,0,0
"4394711",8591,0,0,33,0,0,17,0,0
"4394713",8592,0,0,126,0,0,76,0,0
"4394724",8593,0,0,34,0,1,21,0,0
"4394730",8594,0,0,46,0,0,41,0,0
"4394733",8595,0,1,50,0,0,33,0,0
"4394736",8596,0,0,36,0,0,31,0,0
"4394737a",8597,0,0,40,0,0,32,0,0
"4394737b",8598,0,0,1,0,0,0,0,0
"4394820",8599,0,0,0,0,0,0,0,0
"4410101",8600,0,1,121,0,0,84,1,0
"4410102",8601,0,0,59,0,0,61,0,1
"4410103",8602,1,2,74,0,0,68,0,0
"4410104",8603,0,0,53,1,1,53,0,0
"4410105",8604,0,1,67,0,1,92,0,0
"4410106",8605,0,0,19,0,0,23,0,0
"4410107",8606,0,0,11,0,0,6,0,0
"4410108",8607,0,0,16,0,0,16,0,0
"4410109",8608,0,0,3,0,0,1,0,0
"4410110",8609,0,0,0,0,0,0,0,0
"4410201",8610,0,1,70,1,0,31,0,0
"4410202",8611,0,2,120,0,0,49,0,1
"4410203",8612,2,2,123,2,0,83,1,0
"4410204",8613,0,0,36,0,0,25,0,0
"4410205",8614,1,1,89,1,0,63,1,0
"4410206",8615,0,3,67,0,2,23,2,0
"4410207",8616,0,0,9,0,0,3,0,0
"4410301",8617,1,1,52,0,1,61,0,1
"4410302",8618,1,0,78,0,0,32,0,0
"4410303",8619,0,0,15,0,1,11,0,0
"4410304",8620,1,1,74,0,1,60,0,0
"4410305",8621,0,1,75,0,2,59,1,0
"4410306",8622,0,0,48,1,1,50,0,0
"4410307",8623,0,1,36,0,2,43,0,0
"4410308",8624,0,1,19,0,0,17,0,0
"4410401",8625,0,0,38,0,0,20,0,0
"4410402",8626,0,0,47,0,0,82,0,0
"4410403",8627,0,0,72,1,2,91,0,0
"4410404",8628,0,2,83,0,1,61,0,0
"4410405",8629,0,1,53,0,0,46,0,0
"4410406",8630,0,1,93,0,0,50,0,0
"4410407",8631,1,0,20,0,0,26,0,0
"4410408",8632,0,1,47,0,1,29,0,0
"4410409",8633,0,1,7,0,0,8,0,0
"4430001",8634,1,0,19,0,2,14,1,1
"4430002a",8635,1,2,21,0,1,14,2,0
"4430002b",8636,0,0,0,0,0,0,0,0
"4430003",8637,1,1,16,2,5,24,2,1
"4430004a",8638,0,0,8,0,0,8,0,0
"4430004b",8639,0,0,3,0,0,4,0,0
"4430004c",8640,0,0,0,0,0,0,0,0
"4450101",8641,2,1,33,0,3,20,0,0
"4450201",8642,1,1,21,0,0,15,0,0
"4450202",8643,0,1,14,0,1,10,0,1
"4450301",8644,0,0,40,0,0,13,0,0
"4450401",8645,0,2,31,0,2,23,0,0
"4450402",8646,0,0,2,0,0,2,0,0
"4470001",8647,0,0,4,0,0,4,0,0
"4470002",8648,0,0,4,0,0,1,0,0
"4473003",8649,0,0,5,0,0,3,0,0
"4474005",8650,0,0,10,0,0,3,0,0
"4474006",8651,0,0,3,0,0,5,0,0
"4490001",8652,0,0,24,0,0,8,0,0
"4490002",8653,0,0,23,0,0,9,0,0
"4490003",8654,0,0,22,0,0,8,0,0
"4490004",8655,0,0,18,0,1,10,1,0
"4490005",8656,0,0,13,0,0,4,0,0
"4490006",8657,0,1,45,0,1,18,1,0
"4490007",8658,0,0,41,0,0,18,0,0
"4490008",8659,0,0,42,0,0,9,0,0
"4490009",8660,0,0,10,0,0,3,0,0
"4490010",8661,0,0,30,0,0,13,0,0
"4490011",8662,0,0,5,0,0,1,0,0
"4490012",8663,0,0,9,0,0,3,0,0
"4490014",8664,0,0,59,0,0,20,2,0
"4490015",8665,0,0,27,0,0,9,0,0
"4490016",8666,2,3,84,3,4,33,4,2
"4490017",8667,0,0,11,0,0,2,0,0
"4490018",8668,0,0,8,0,0,2,0,0
"4490019",8669,0,0,27,0,0,10,0,0
"4490020",8670,0,0,54,0,0,17,0,0
"4510106",8671,0,1,41,0,1,21,1,0
"4510107",8672,1,0,33,0,0,18,0,0
"4510108",8673,0,1,11,0,0,14,0,0
"4510112",8674,0,0,21,0,0,9,0,0
"4510114",8675,1,3,45,0,2,16,0,0
"4510124",8676,0,0,78,1,1,26,0,0
"4510137",8677,0,2,105,1,1,52,1,0
"4510144",8678,0,4,62,0,1,28,1,0
"4510146",8679,0,2,98,1,1,62,2,0
"4510201",8680,0,1,65,0,1,48,0,0
"4510213",8681,0,1,26,0,0,18,0,0
"4510215",8682,0,0,62,0,0,35,1,0
"4510225",8683,0,0,0,0,0,1,0,0
"4510228",8684,0,1,55,0,0,68,0,0
"4510230",8685,0,0,58,0,0,49,0,0
"4510241",8686,0,0,100,0,0,75,0,0
"4510304",8687,2,1,65,0,4,49,0,0
"4510306",8688,0,0,27,0,2,39,0,0
"4510308",8689,0,1,14,0,0,10,0,0
"4510318",8690,0,0,36,0,0,26,0,0
"4510319",8691,1,0,87,0,1,46,0,0
"4510327",8692,0,0,68,0,1,46,1,1
"4510348",8693,0,0,30,0,0,14,0,0
"4510351",8694,0,0,16,0,0,9,0,0
"4510358",8695,0,1,16,0,0,13,1,1
"4510401",8696,0,0,1,0,0,7,0,0
"4510402",8697,0,1,85,0,0,98,0,1
"4510420",8698,0,0,3,0,0,5,0,0
"4510421",8699,0,1,89,0,0,46,1,0
"4510422",8700,1,1,17,0,0,21,0,0
"4510423",8701,0,0,17,0,0,10,0,0
"4510424",8702,0,2,56,0,0,61,0,0
"4510434",8703,0,2,36,0,0,49,0,0
"4510435",8704,0,1,21,1,0,31,0,0
"4510436",8705,0,0,113,0,0,119,1,0
"4530100",8706,0,1,306,1,2,454,2,1
"4530101",8707,0,0,303,0,3,425,1,0
"4530102",8708,0,0,302,0,1,494,1,0
"4530103",8709,0,1,272,0,2,461,3,1
"4530104",8710,0,0,475,0,3,819,1,0
"4530105",8711,0,1,326,0,2,399,2,0
"4530106",8712,0,0,362,0,0,406,0,0
"4530107",8713,2,2,406,0,2,449,1,2
"4530110",8714,0,0,278,0,0,271,1,0
"4530111",8715,0,0,422,1,1,212,3,0
"4530112",8716,0,1,268,0,1,249,1,1
"4530113",8717,1,0,380,0,3,390,0,0
"4530114",8718,0,0,283,0,2,315,0,1
"4530115",8719,0,0,36,0,0,95,0,0
"4530116",8720,0,1,375,0,0,409,0,0
"4530117",8721,0,0,404,0,2,355,1,0
"4530120",8722,0,1,231,1,1,167,1,1
"4530121",8723,1,1,186,0,0,93,0,0
"4530122",8724,0,0,185,0,2,103,0,1
"4530123",8725,0,0,113,0,0,93,0,0
"4530124",8726,0,0,188,0,0,107,0,0
"4530125",8727,0,1,60,0,0,39,0,0
"4530126",8728,0,1,191,0,1,139,1,1
"4530127",8729,0,1,182,0,0,118,0,0
"4530130",8730,1,1,364,1,1,483,0,1
"4530131",8731,0,0,213,0,1,212,0,1
"4530132",8732,0,0,322,1,2,325,1,0
"4530133",8733,0,0,216,0,0,195,1,0
"4530134",8734,0,0,192,0,0,161,0,1
"4530135",8735,0,0,144,0,1,128,0,0
"4530136",8736,0,0,165,0,0,181,0,0
"4530137",8737,0,3,294,0,0,288,1,0
"4530138",8738,0,2,387,1,1,353,2,0
"4530140",8739,0,0,29,0,0,20,0,0
"4530141",8740,0,1,323,0,0,230,1,0
"4530142",8741,0,0,137,0,0,93,0,0
"4530143",8742,0,1,193,0,0,137,0,0
"4530144",8743,1,1,96,1,1,69,1,0
"4530145",8744,0,0,73,0,1,57,0,0
"4530146",8745,0,0,26,0,1,15,0,0
"4530150a",8746,0,0,149,0,0,105,0,0
"4530150b",8747,0,0,2,0,0,0,0,0
"4530151a",8748,0,1,101,1,0,75,1,0
"4530151b",8749,0,0,0,0,0,0,0,0
"4530152",8750,0,1,154,0,1,110,0,1
"4530153",8751,0,0,179,0,0,129,0,0
"4530154a",8752,0,0,164,0,0,118,1,0
"4530154b",8753,0,0,1,0,0,0,0,0
"4530155",8754,0,1,170,0,1,120,1,1
"4530156",8755,0,0,106,0,0,80,0,0
"4530160",8756,0,0,137,0,0,97,0,0
"4530161",8757,0,1,94,0,1,78,0,0
"4530162",8758,0,1,211,0,1,167,0,0
"4530163",8759,0,0,166,0,0,132,0,0
"4530164",8760,0,2,227,0,1,188,1,0
"4530165",8761,0,0,277,0,1,183,1,0
"4530170",8762,1,1,225,0,0,175,2,1
"4530171",8763,0,1,232,0,1,169,2,1
"4530172",8764,0,0,40,0,0,24,0,0
"4530173",8765,1,0,125,0,1,108,0,0
"4530174",8766,0,0,71,0,0,59,0,0
"4530175",8767,0,0,0,0,0,0,0,0
"4530176",8768,0,0,3,0,0,0,0,0
"4530177",8769,1,0,320,0,0,203,0,0
"4530178",8770,0,1,178,1,1,138,1,0
"4530180",8771,0,0,200,1,1,124,0,0
"4530181",8772,2,0,152,1,1,144,0,1
"4530182",8773,1,0,122,0,0,110,0,0
"4530183",8774,0,0,61,0,0,58,0,0
"4530184",8775,0,0,143,0,0,122,0,0
"4530185",8776,0,0,42,0,0,36,0,0
"4530186",8777,1,0,146,0,0,156,0,0
"4530190",8778,0,0,98,0,0,175,0,0
"4530191",8779,0,0,275,0,0,288,0,0
"4530192",8780,0,0,201,0,0,208,1,0
"4530193",8781,0,1,158,0,1,178,0,0
"4530194",8782,0,0,139,0,1,165,0,0
"4530200",8783,0,0,529,0,1,432,0,0
"4530201",8784,0,0,557,0,2,346,0,0
"4530202",8785,0,0,305,0,1,594,0,0
"4530203",8786,0,1,379,1,1,659,0,0
"4530204",8787,0,0,287,0,1,551,0,0
"4530205",8788,0,0,625,0,2,439,0,0
"4530206",8789,0,0,331,1,1,511,0,0
"4530207",8790,0,0,373,0,1,695,0,0
"4530210",8791,0,0,358,0,2,263,0,1
"4530211",8792,0,1,486,0,2,462,0,0
"4530212",8793,0,0,372,0,0,656,1,0
"4530213",8794,0,0,289,0,0,569,0,0
"4530214",8795,0,0,206,0,2,368,0,0
"4530215",8796,0,0,44,0,0,120,0,0
"4530216",8797,0,0,261,1,0,351,0,0
"4530220",8798,0,1,534,1,1,385,0,0
"4530221",8799,0,1,496,0,3,556,0,0
"4530223",8800,0,0,305,1,1,289,0,0
"4530224",8801,0,0,265,0,2,335,0,0
"4530225",8802,0,2,337,0,4,440,1,0
"4530226",8803,0,0,338,0,3,463,0,1
"4530227",8804,0,0,315,0,1,440,1,1
"4530230",8805,0,1,559,1,1,407,0,0
"4530231",8806,0,1,594,0,5,229,0,0
"4530232",8807,0,1,622,0,1,251,1,1
"4530233",8808,0,1,618,1,0,261,0,1
"4530234",8809,0,1,420,1,1,412,0,0
"4530235",8810,1,0,490,0,0,253,0,0
"4530236",8811,0,0,485,0,3,527,1,0
"4530237",8812,0,1,430,0,1,359,0,0
"4530238",8813,1,1,451,1,5,381,0,0
"4530240",8814,1,0,273,2,1,377,0,0
"4530241",8815,0,0,219,1,1,245,1,0
"4530242",8816,0,0,289,1,0,354,1,0
"4530243",8817,0,0,311,0,0,400,0,0
"4530244",8818,0,0,121,0,0,214,0,0
"4530245",8819,0,0,176,0,0,312,0,0
"4530246",8820,0,1,213,0,1,339,0,0
"4530247",8821,0,0,143,0,0,223,0,0
"4530250",8822,1,0,188,0,2,235,0,0
"4530251",8823,0,0,203,0,0,157,1,0
"4530252",8824,0,0,57,0,1,45,0,0
"4530253",8825,0,0,71,0,0,59,1,0
"4530254",8826,0,0,365,0,2,342,1,0
"4530255",8827,0,2,294,1,2,295,0,0
"4530256",8828,0,1,253,0,1,281,1,1
"4530260",8829,0,1,214,0,2,195,0,0
"4530261",8830,0,0,205,0,0,214,0,0
"4530262",8831,0,0,292,0,1,332,0,0
"4530263",8832,0,0,248,0,1,259,0,0
"4530264",8833,0,0,376,1,3,387,3,0
"4530265",8834,1,3,219,1,1,282,0,1
"4530266",8835,0,0,339,1,4,363,1,0
"4530267",8836,0,1,439,0,1,241,0,0
"4530268",8837,0,1,238,0,0,196,1,0
"4530270",8838,0,0,275,0,1,255,1,2
"4530271",8839,1,0,216,0,1,88,0,0
"4530272",8840,0,0,241,0,1,153,1,0
"4530273",8841,0,0,159,0,1,102,1,0
"4530274",8842,1,1,232,0,0,209,1,0
"4530275",8843,0,0,145,0,0,127,0,0
"4530280",8844,0,0,131,0,0,94,0,1
"4530281",8845,0,0,130,0,0,77,0,0
"4530282",8846,0,1,77,0,1,73,1,0
"4530290",8847,0,0,380,0,1,161,1,0
"4530291",8848,0,0,72,0,1,47,0,0
"4530292",8849,0,0,135,0,0,101,0,0
"4530293",8850,0,1,158,1,0,110,0,0
"4530294",8851,1,0,162,0,0,141,0,0
"4530300",8852,0,0,126,0,0,228,0,0
"4530301",8853,0,0,135,0,0,125,0,0
"4530302",8854,0,0,304,0,2,269,1,0
"4530303",8855,0,0,8,0,0,5,0,0
"4530304",8856,1,1,384,0,0,375,0,0
"4530305",8857,0,0,164,0,0,255,0,0
"4530306",8858,0,1,704,0,2,727,0,0
"4530307",8859,1,1,570,1,2,646,1,0
"4530310",8860,0,0,155,0,0,473,0,0
"4530311",8861,0,0,129,0,1,472,0,0
"4530312",8862,0,0,207,0,2,1115,0,0
"4530313",8863,0,0,108,0,0,377,0,0
"4530314",8864,0,1,171,0,2,444,0,0
"4530315",8865,0,0,158,0,3,786,1,0
"4530320",8866,0,0,460,1,1,259,1,1
"4530321",8867,0,0,288,0,0,138,0,0
"4530322",8868,0,1,424,1,2,231,1,0
"4530323",8869,0,0,263,0,2,239,0,0
"4530324",8870,0,0,286,0,1,251,0,0
"4530325",8871,0,0,70,0,0,52,0,0
"4530326",8872,0,0,306,0,2,178,0,0
"4530327",8873,1,1,323,0,1,161,0,0
"4530330",8874,0,2,423,0,2,555,1,0
"4530331",8875,0,0,271,0,0,289,0,0
"4530332",8876,0,0,262,0,1,360,0,0
"4530333",8877,0,2,245,0,0,284,0,0
"4530334",8878,0,0,300,1,1,303,0,0
"4530335",8879,0,0,405,0,3,271,1,0
"4530336",8880,0,0,193,0,0,187,0,0
"4530337",8881,1,1,288,0,2,275,1,0
"4530340",8882,0,0,453,0,2,348,0,0
"4530341",8883,0,1,280,0,1,329,0,0
"4530342",8884,1,3,368,0,3,440,0,0
"4530343a",8885,0,0,243,0,0,153,0,0
"4530343b",8886,0,0,4,0,0,3,0,0
"4530344",8887,0,0,361,0,1,263,0,0
"4530345",8888,0,0,321,0,1,314,0,0
"4530346",8889,0,0,407,0,2,258,0,0
"4530347",8890,1,0,364,0,0,241,1,0
"4530348a",8891,0,1,247,0,1,154,1,0
"4530348b",8892,0,0,38,0,0,26,0,0
"4530349",8893,0,1,351,0,1,260,0,0
"4530350",8894,1,0,398,0,0,434,0,0
"4530351",8895,0,1,204,0,1,114,0,0
"4530352",8896,0,0,182,0,1,204,1,0
"4530353",8897,0,0,172,0,1,94,0,0
"4530354",8898,0,0,473,0,1,332,0,1
"4530355",8899,0,0,123,0,0,87,0,0
"4530356",8900,0,0,227,0,0,246,0,0
"4530357",8901,0,0,298,2,1,311,0,1
"4530358",8902,0,1,457,0,1,380,0,0
"4530360",8903,0,0,302,1,1,263,1,0
"4530361",8904,0,0,120,0,0,156,0,1
"4530362",8905,0,0,82,0,0,74,0,0
"4530363",8906,0,0,85,0,2,83,1,0
"4530364",8907,1,0,79,0,2,46,0,0
"4530365",8908,0,0,88,0,0,76,0,0
"4530366",8909,0,0,151,0,0,116,0,0
"4530367",8910,0,0,106,0,0,87,0,0
"4530370",8911,1,1,189,0,1,179,1,1
"4530371",8912,0,0,123,0,0,118,0,0
"4530372a",8913,0,0,23,0,0,17,0,0
"4530372b",8914,0,0,2,0,0,2,0,0
"4530373",8915,0,0,133,0,1,62,0,0
"4530374",8916,0,0,147,1,1,116,1,0
"4530375",8917,0,0,215,0,2,131,0,0
"4530376",8918,0,0,104,0,0,70,0,0
"4530380",8919,0,0,484,1,2,294,1,0
"4530381a",8920,0,0,88,0,1,174,0,0
"4530381b",8921,0,0,0,0,0,0,0,0
"4530381c",8922,0,0,12,0,0,8,0,0
"4530381d",8923,0,0,6,0,0,3,0,0
"4530382",8924,0,1,374,0,1,416,0,0
"4530383",8925,0,0,458,1,1,364,0,0
"4530384",8926,1,0,451,0,1,282,0,0
"4530385a",8927,0,0,289,0,0,215,0,0
"4530385b",8928,0,0,4,0,0,2,0,0
"4530386a",8929,0,0,208,0,1,160,0,0
"4530386b",8930,0,0,0,0,0,0,0,0
"4530386c",8931,0,0,3,0,0,2,0,0
"4530387",8932,0,1,175,0,1,153,1,0
"4530390",8933,0,1,185,0,0,172,0,0
"4530391",8934,0,0,125,0,0,119,0,0
"4530392",8935,0,0,103,0,0,88,0,0
"4530393",8936,0,0,59,0,0,52,0,0
"4530394",8937,0,0,48,0,0,45,0,0
"4530395",8938,0,0,107,0,0,101,0,0
"4530396",8939,0,0,95,0,0,111,0,1
"4530400",8940,0,0,189,1,2,116,1,0
"4530401",8941,1,2,332,0,1,413,0,1
"4530402",8942,0,2,308,0,0,426,0,0
"4530403",8943,0,4,311,0,1,375,0,0
"4530404",8944,0,0,22,0,0,13,0,0
"4530405",8945,0,3,317,0,0,391,3,0
"4530410",8946,0,1,366,0,0,433,0,0
"4530411",8947,0,0,452,0,1,420,0,0
"4530412",8948,0,0,276,2,1,373,0,0
"4530413",8949,0,0,363,0,1,445,1,0
"4530414",8950,0,1,344,0,1,641,1,0
"4530415",8951,0,0,198,1,0,468,0,0
"4530416",8952,0,1,335,0,0,550,2,0
"4530417",8953,0,0,137,0,2,286,0,0
"4530418",8954,0,0,283,0,4,571,0,0
"4530420",8955,0,1,323,0,0,738,1,0
"4530421",8956,0,0,125,0,1,435,0,0
"4530422",8957,0,0,157,0,2,552,1,0
"4530423",8958,0,2,182,0,2,256,2,0
"4530424",8959,0,3,258,0,5,213,1,0
"4530425",8960,0,0,274,1,1,475,1,0
"4530426",8961,0,0,118,0,0,299,0,0
"4530427",8962,1,1,179,1,0,437,1,0
"4530430",8963,1,0,309,0,1,362,1,0
"4530431",8964,0,0,355,0,1,532,0,0
"4530432",8965,0,1,148,0,0,193,1,0
"4530433",8966,0,1,93,0,0,148,0,0
"4530434",8967,1,1,187,0,1,287,0,0
"4530435",8968,0,0,173,0,0,257,0,0
"4530436",8969,1,0,242,0,1,357,0,1
"4530437",8970,0,3,386,2,0,640,0,1
"4530438",8971,0,0,185,0,0,275,0,0
"4530439",8972,0,0,189,1,3,284,0,0
"4530445",8973,0,0,260,0,0,315,0,0
"4530446",8974,0,0,314,0,1,444,0,0
"4530447",8975,0,1,125,0,0,159,0,0
"4530448",8976,0,2,262,0,1,360,0,0
"4530449",8977,0,0,341,0,0,431,0,0
"4530450",8978,0,0,437,3,3,512,0,0
"4530451",8979,1,0,144,0,0,174,0,0
"4530452",8980,0,0,233,0,0,250,1,0
"4530453",8981,1,0,206,1,0,252,1,1
"4530454",8982,0,3,209,0,2,276,0,0
"4530455",8983,0,0,134,0,0,173,0,0
"4530456",8984,0,0,145,0,0,161,1,0
"4530460",8985,0,3,165,0,0,130,1,0
"4530461",8986,0,3,213,0,1,174,0,0
"4530462",8987,1,4,328,1,4,297,1,0
"4530463",8988,1,2,93,0,1,80,0,0
"4530464",8989,0,1,105,0,1,94,0,0
"4530465",8990,0,0,77,0,1,141,0,1
"4530466",8991,0,1,233,0,1,225,0,0
"4530467",8992,0,1,210,0,0,182,0,0
"4530470",8993,0,1,161,1,0,169,0,0
"4530471",8994,1,1,173,0,1,174,1,0
"4530472",8995,0,0,332,0,0,206,0,1
"4530473",8996,0,1,85,0,0,92,0,0
"4530474",8997,0,2,56,0,0,33,0,0
"4530475",8998,0,0,91,0,0,55,1,0
"4530480",8999,0,0,76,0,0,68,0,0
"4530481",9000,0,1,232,0,2,186,1,0
"4530482",9001,0,1,103,0,1,83,0,0
"4530483",9002,0,0,279,0,1,167,2,1
"4530490",9003,1,0,164,0,1,134,1,0
"4530491a",9004,0,2,323,0,0,211,1,0
"4530491b",9005,0,0,0,0,0,1,0,0
"4550001",9006,0,0,26,0,0,7,0,0
"4550002",9007,1,0,8,0,0,2,0,0
"4550003",9008,0,0,5,0,0,4,0,0
"4550004",9009,0,0,3,0,0,2,0,0
"4550005",9010,0,0,7,0,0,3,0,0
"4550006",9011,0,0,5,0,0,0,0,0
"4550007",9012,0,0,8,0,0,3,0,0
"4550008",9013,0,0,9,0,0,3,0,0
"4550009",9014,0,0,17,0,0,8,0,0
"4550010",9015,0,1,8,0,1,3,0,1
"4550011",9016,1,0,41,0,1,18,1,0
"4550012",9017,0,0,6,0,0,0,0,0
"4550014",9018,1,1,14,0,1,5,0,0
"4550015",9019,0,0,2,0,0,1,0,0
"4550016",9020,0,0,21,0,0,7,1,1
"4550017",9021,0,1,69,0,0,17,0,1
"4550018",9022,0,0,30,0,0,2,0,0
"4550019",9023,0,0,31,0,0,28,0,0
"4550020",9024,0,0,8,0,0,4,0,0
"4550021",9025,0,0,15,0,0,0,0,0
"4570001",9026,0,0,13,0,1,8,0,0
"4570002",9027,0,0,65,0,0,18,1,0
"4570003",9028,0,0,78,0,0,13,2,0
"4570004",9029,0,0,35,0,0,11,0,0
"4570005",9030,0,0,18,0,0,1,0,0
"4570006",9031,0,0,14,0,0,6,0,0
"4570007",9032,0,0,11,0,1,4,0,0
"4570008",9033,0,0,4,0,0,2,0,0
"4570009",9034,0,0,17,0,0,2,0,0
"4570010",9035,1,0,39,0,1,12,0,0
"4570011",9036,0,0,3,0,0,0,0,0
"4570013",9037,0,0,20,0,1,10,2,0
"4570014",9038,1,0,43,0,0,8,1,0
"4570015",9039,0,0,21,1,1,12,0,0
"4570016",9040,0,0,10,0,1,7,0,0
"4570017",9041,0,0,32,0,0,7,0,0
"4570018",9042,1,0,31,0,1,18,1,0
"4590001",9043,1,0,60,0,0,21,1,0
"4590002",9044,0,0,25,1,0,19,0,0
"4590003",9045,0,0,29,0,0,5,0,0
"4590004",9046,0,0,37,0,0,16,0,0
"4590005",9047,0,0,18,0,0,7,1,0
"4590006",9048,0,0,32,0,0,16,0,0
"4590007",9049,1,0,103,0,1,17,1,0
"4590008",9050,0,0,29,0,1,9,1,0
"4590009",9051,0,0,64,0,0,18,2,0
"4590010",9052,0,0,34,0,0,30,0,0
"4590011",9053,0,0,25,0,0,4,0,0
"4590012",9054,0,0,7,0,0,5,1,0
"4590013",9055,0,0,38,0,0,4,0,1
"4590014",9056,1,0,35,0,0,4,0,0
"4590015a",9057,0,0,18,0,1,22,0,0
"4590015b",9058,0,0,0,0,0,0,0,0
"4590016",9059,0,0,53,0,1,17,0,0
"4590017",9060,0,0,85,0,0,43,0,0
"4590018",9061,1,0,32,0,0,12,0,0
"4590020",9062,0,0,1,0,0,0,0,0
"4610001",9063,0,0,14,1,1,5,0,0
"4610002",9064,0,0,5,0,0,3,0,0
"4610003",9065,2,9,37,1,2,21,7,0
"4610004",9066,1,0,16,0,1,12,0,0
"4610005",9067,0,0,6,0,0,0,0,0
"4610006",9068,0,1,13,0,1,4,0,0
"4630001",9069,2,10,116,2,4,58,4,1
"4630002",9070,1,5,135,5,3,54,1,0
"4630003",9071,1,1,15,3,2,21,1,0
"4630004",9072,0,0,9,1,3,20,0,1
"4630005",9073,3,6,114,3,8,94,13,1
"4630006",9074,0,0,9,0,1,6,1,0
"4630007",9075,3,4,23,6,4,30,2,0
"4630008",9076,5,15,211,3,3,77,3,0
"4630009",9077,1,13,280,3,1,61,1,0
"4630010",9078,1,9,150,0,2,49,2,0
"4630011",9079,0,4,35,2,2,26,2,0
"4630012",9080,1,17,270,4,11,139,6,0
"4630013",9081,2,19,368,3,1,113,3,1
"4630014",9082,1,0,8,0,0,13,0,0
"4650010",9083,4,10,219,6,3,103,4,3
"4650011",9084,1,11,217,1,5,72,2,1
"4650012a",9085,0,0,6,0,0,4,0,0
"4650012b",9086,0,0,1,0,0,4,0,0
"4650012c",9087,0,0,0,0,0,0,0,0
"4650012d",9088,0,0,0,0,0,0,0,0
"4650013",9089,1,1,17,0,0,20,1,0
"4650020",9090,0,0,2,0,1,1,0,0
"4650021",9091,2,7,114,0,1,30,0,0
"4650022",9092,0,0,145,1,1,85,2,0
"4650023",9093,0,1,13,0,0,6,0,0
"4650024",9094,1,4,75,0,1,30,0,1
"4650030",9095,1,6,135,0,2,74,1,0
"4650031",9096,4,7,226,5,4,111,3,0
"4650032",9097,0,0,13,0,0,4,0,0
"4650033",9098,0,2,38,0,1,28,1,1
"4650040",9099,2,20,415,1,4,146,2,0
"4650041",9100,1,6,138,0,3,49,3,1
"4650042",9101,0,0,0,0,0,2,0,0
"4650043",9102,0,0,3,0,0,0,0,0
"467001a",9103,1,0,42,0,2,30,1,0
"467001b",9104,0,0,24,0,0,13,0,0
"467001c",9105,0,0,37,0,0,9,0,0
"467001d",9106,1,0,60,0,1,28,2,2
"467001e",9107,0,0,23,0,1,18,0,0
"467002a",9108,0,0,45,0,1,30,1,1
"467002b",9109,1,0,31,0,0,17,2,0
"467002c",9110,0,0,32,0,0,17,0,0
"467002d",9111,0,0,42,0,0,20,0,0
"467003a",9112,0,0,47,0,0,23,0,0
"467003b",9113,0,1,45,0,0,27,2,0
"467003c",9114,0,0,25,0,0,8,0,0
"467003d",9115,0,0,74,0,1,15,1,0
"467004a",9116,0,0,30,2,0,26,0,0
"467004b",9117,0,0,33,0,1,19,0,0
"467004c",9118,0,0,18,0,0,16,0,0
"467004d",9119,0,0,98,0,1,52,0,0
"467004e",9120,0,0,16,0,0,9,1,0
"4690001",9121,0,0,53,0,0,15,0,0
"4690002",9122,0,2,58,0,1,40,0,1
"4690003",9123,1,0,52,0,1,25,0,0
"4690004",9124,0,0,86,0,1,50,0,0
"4690005",9125,0,2,119,0,0,67,0,0
"4690006",9126,0,0,20,0,0,5,1,0
"4690007",9127,0,5,197,0,1,74,0,0
"4690008",9128,2,4,94,0,2,66,0,0
"4690009",9129,0,0,29,0,0,19,0,0
"4690010",9130,0,2,46,0,0,23,0,0
"4690011",9131,0,3,17,0,1,4,0,0
"4690012",9132,2,10,95,0,0,41,2,0
"4690013",9133,0,10,166,1,1,68,2,1
"4690014",9134,2,4,73,0,1,40,0,0
"4690015",9135,0,0,5,0,1,0,0,0
"4690016",9136,0,0,13,0,1,3,0,0
"4690017",9137,0,0,9,0,0,10,0,0
"4690018",9138,2,1,84,1,0,42,0,0
"4690019",9139,2,2,109,0,1,57,0,1
"4690020",9140,0,0,40,0,0,17,0,0
"4690021",9141,0,1,111,0,0,63,0,0
"4690022",9142,0,0,29,0,1,13,0,1
"4690023",9143,0,0,38,1,0,21,0,0
"4690024",9144,1,0,30,0,0,15,0,0
"4690025",9145,0,0,140,0,0,69,0,0
"4690026",9146,0,0,28,0,0,10,0,0
"4690027",9147,0,1,18,0,1,11,0,0
"4690028",9148,0,0,3,0,0,4,0,0
"4690029",9149,0,2,92,0,1,55,1,0
"4690030",9150,0,0,26,0,0,15,0,0
"4690031",9151,0,1,58,0,0,47,1,0
"4690032",9152,0,1,71,0,0,30,0,0
"4690033",9153,0,0,139,1,0,76,0,0
"4690034",9154,0,1,37,0,1,17,0,0
"4690035",9155,0,2,21,0,0,7,0,0
"4710101",9156,0,0,61,0,1,6,0,0
"4710102",9157,0,0,176,0,0,172,0,0
"4710103",9158,0,0,57,0,1,21,0,1
"4710104",9159,0,0,45,0,1,28,0,0
"4710201a",9160,0,1,76,1,3,84,1,0
"4710201b",9161,0,0,1,0,0,0,0,0
"4710203",9162,0,0,84,0,2,24,0,0
"4710204a",9163,0,0,30,0,0,9,0,0
"4710204b",9164,0,0,36,0,0,10,0,0
"4710205",9165,1,1,126,1,1,71,0,0
"4710206",9166,0,0,35,0,0,20,0,0
"4710301",9167,0,0,143,0,0,69,4,0
"4710302",9168,0,1,16,0,0,14,0,0
"4710303",9169,0,0,15,0,0,8,0,0
"4710304",9170,0,0,109,0,3,65,0,0
"4710401",9171,0,0,70,0,0,114,0,0
"4710403a",9172,1,0,48,0,2,34,0,0
"4710403b",9173,0,0,0,0,0,0,0,0
"4710404",9174,0,0,160,0,0,38,0,0
"4710405",9175,0,0,4,0,0,2,0,0
"4730101",9176,0,0,73,2,0,15,1,0
"4730102",9177,0,0,204,0,1,39,2,1
"4730103",9178,0,0,18,0,0,5,0,0
"4730104",9179,2,0,27,0,0,13,1,0
"4730105",9180,0,0,16,1,1,7,0,0
"4730106",9181,0,0,69,0,0,14,1,0
"4730207",9182,0,2,50,0,0,26,0,0
"4730208",9183,0,0,73,0,0,23,0,0
"4730209",9184,0,1,51,0,0,36,0,0
"4730210",9185,0,0,5,0,0,6,0,0
"4730311",9186,1,1,151,0,1,222,1,0
"4730312",9187,0,0,195,2,1,61,2,1
"4730313",9188,0,0,41,0,0,24,1,0
"4730314",9189,0,0,15,0,0,5,0,0
"4730315",9190,0,0,9,1,0,4,1,0
"4730416",9191,0,0,9,0,0,2,0,0
"4730417",9192,0,0,0,0,0,0,0,0
"4730418",9193,0,1,30,0,0,16,0,0
"4730419",9194,0,0,170,0,1,32,0,0
"4730420",9195,0,0,15,0,0,9,0,0
"4750002",9196,3,2,108,4,3,39,7,0
"475001e",9197,2,3,72,1,0,37,1,0
"475001w",9198,0,1,45,0,0,21,0,1
"475003n",9199,1,3,31,0,1,13,0,1
"475003s",9200,0,0,5,0,0,5,0,0
"475004e",9201,1,0,32,0,1,23,0,0
"475004m",9202,0,1,10,0,0,4,1,1
"475004w",9203,0,0,3,0,0,5,0,0
"4770101",9204,0,0,78,0,1,20,0,0
"4770104",9205,0,1,200,2,1,18,0,0
"4770109",9206,0,0,30,0,0,13,0,0
"4770115",9207,1,0,30,0,0,4,0,0
"4770117",9208,0,0,4,0,0,1,0,0
"4770121",9209,0,0,8,0,0,3,0,0
"4770202",9210,0,0,2,0,0,1,0,0
"4770203",9211,0,0,62,0,0,16,0,0
"4770205",9212,0,0,65,0,0,42,1,0
"4770208",9213,1,0,18,0,0,24,0,0
"4770307",9214,0,1,39,0,0,26,0,1
"4770311",9215,0,0,34,0,0,9,0,0
"4770312",9216,0,0,18,0,0,7,0,0
"4770320",9217,0,0,38,0,0,23,0,0
"4770406",9218,0,0,48,0,0,23,0,0
"4770410",9219,0,0,34,0,1,11,0,0
"4770413",9220,1,0,28,0,0,13,0,0
"4770418",9221,0,0,23,0,0,10,0,0
"4770419",9222,0,0,23,0,0,14,0,0
"4790123",9223,1,6,247,0,2,39,3,1
"4790124",9224,2,10,392,0,5,108,5,3
"4790125",9225,0,1,166,1,0,49,1,0
"4790128",9226,0,12,277,2,4,80,2,0
"4790129",9227,4,37,731,0,5,196,9,3
"4790130",9228,1,26,655,0,3,157,2,1
"4790132",9229,1,22,497,3,5,176,4,0
"4790133",9230,0,18,391,0,3,125,2,0
"4790134",9231,3,18,487,2,7,111,5,1
"4790135",9232,1,10,337,0,2,76,2,1
"4790136",9233,2,8,99,0,5,32,4,1
"4790154",9234,1,11,152,0,2,59,0,1
"4790164",9235,0,4,174,0,0,36,2,0
"4790169",9236,3,23,365,2,6,97,5,4
"4790176a",9237,1,6,120,1,1,40,1,0
"4790176b",9238,0,0,5,0,0,0,0,0
"4790177",9239,0,15,233,0,3,75,3,0
"4790218",9240,2,9,326,0,5,93,2,0
"4790219",9241,0,7,221,0,2,75,1,0
"4790220",9242,1,3,176,0,0,45,2,0
"4790221",9243,1,3,202,1,4,75,6,0
"4790226",9244,0,3,176,0,0,49,1,0
"4790227",9245,0,3,76,0,0,26,0,0
"4790231",9246,1,12,270,0,1,107,1,0
"4790237",9247,2,19,200,0,5,68,4,0
"4790238",9248,0,2,52,2,0,21,1,0
"4790239",9249,0,8,205,0,0,78,1,0
"4790250a",9250,0,11,239,0,0,87,0,0
"4790250b",9251,0,0,0,0,0,0,0,0
"4790250c",9252,0,0,6,0,0,2,0,0
"4790251",9253,1,1,77,0,1,24,1,1
"4790252",9254,1,16,343,2,2,133,2,0
"4790255",9255,0,5,212,0,1,104,5,0
"4790266",9256,1,6,207,0,1,72,2,0
"4790267",9257,0,9,246,2,1,91,1,0
"4790268",9258,0,0,15,0,0,3,0,0
"4790272",9259,0,7,198,0,1,82,2,0
"4790273",9260,1,14,261,0,3,103,2,1
"4790274",9261,1,6,197,2,2,72,0,1
"4790275a",9262,0,8,119,2,1,48,1,0
"4790275b",9263,0,0,4,0,0,1,0,0
"4790278",9264,0,0,3,0,0,2,0,0
"4790308",9265,1,4,160,2,1,42,0,0
"4790309",9266,2,8,556,0,1,182,5,0
"4790310",9267,0,3,79,0,0,27,3,0
"4790311",9268,0,9,338,1,2,63,3,0
"4790312",9269,1,6,171,2,4,56,0,0
"4790340",9270,4,11,336,1,3,150,15,0
"4790341",9271,1,6,173,1,6,92,9,0
"4790342",9272,1,6,257,0,2,120,3,1
"4790343",9273,2,15,438,3,2,173,2,0
"4790344",9274,2,14,433,2,7,218,3,0
"4790345",9275,1,5,280,4,1,119,2,0
"4790349",9276,1,6,167,0,0,93,3,0
"4790356",9277,2,10,446,1,6,213,4,2
"4790359",9278,2,8,482,1,2,203,4,2
"4790361",9279,1,3,222,1,3,85,3,0
"4790363",9280,2,0,141,0,1,38,1,0
"4790370",9281,0,5,182,1,1,68,2,1
"4790371",9282,1,5,287,1,4,144,2,0
"4790401",9283,0,8,279,0,6,54,4,1
"4790402",9284,0,6,244,0,1,58,0,1
"4790403",9285,0,5,199,1,5,44,0,0
"4790404",9286,0,7,281,0,0,71,0,2
"4790405",9287,3,5,269,2,3,48,5,2
"4790406",9288,0,4,170,1,1,45,1,0
"4790407",9289,2,1,54,0,3,13,1,0
"4790413",9290,0,6,328,0,4,77,3,1
"4790414",9291,0,5,168,0,1,45,1,0
"4790415",9292,0,3,253,1,1,75,2,0
"4790416",9293,0,1,145,1,0,37,1,0
"4790417",9294,1,3,80,0,1,31,1,0
"4790422",9295,1,3,81,0,5,30,2,0
"4790446",9296,2,5,517,0,4,180,4,3
"4790447",9297,1,7,231,1,3,108,0,1
"4790448",9298,1,2,46,0,2,21,1,0
"4790453",9299,0,1,93,0,1,9,0,0
"4790457",9300,0,0,14,0,0,5,0,0
"4790458",9301,0,4,297,0,1,143,0,0
"4790460",9302,0,1,85,0,0,20,0,0
"4790462",9303,1,1,73,0,1,18,0,0
"4790465",9304,1,4,145,0,1,42,1,1
"4810101",9305,0,0,29,0,0,8,0,0
"4810102",9306,0,0,114,1,1,32,0,0
"4810103",9307,0,0,96,1,0,25,1,0
"4810201",9308,0,3,60,1,2,16,1,0
"4810202",9309,0,1,84,0,0,12,1,0
"4810203",9310,0,3,252,1,3,36,4,1
"4810301",9311,0,1,44,0,0,20,1,1
"4810302",9312,0,0,53,0,1,26,1,2
"4810303",9313,0,0,27,0,0,4,0,0
"4810401",9314,1,2,121,0,2,29,1,0
"4810402",9315,0,0,45,0,0,12,0,1
"4810403",9316,0,0,36,0,0,4,0,0
"4830101",9317,1,0,3,0,0,3,0,1
"4830201",9318,0,0,13,0,0,12,0,0
"4830301",9319,0,0,6,0,0,3,0,0
"4830401",9320,0,0,15,0,0,5,0,0
"4850101",9321,0,0,1,0,0,2,0,0
"4850102",9322,0,0,36,0,0,20,0,0
"4850103",9323,0,0,91,0,2,94,1,0
"4850104",9324,0,1,107,0,1,91,0,0
"4850105",9325,1,0,15,0,0,15,0,0
"4850106",9326,0,0,1,0,0,1,0,0
"4850107",9327,0,1,83,0,0,75,0,0
"4850108",9328,1,0,122,0,0,90,1,0
"4850109",9329,0,0,9,0,0,9,0,0
"4850201",9330,0,0,112,0,0,54,0,0
"4850202",9331,0,1,102,0,0,51,0,0
"4850203",9332,0,0,73,0,0,32,0,1
"4850204",9333,0,0,4,0,0,16,0,0
"4850205",9334,1,0,68,0,2,94,2,0
"4850206",9335,0,0,63,0,1,52,0,1
"4850207",9336,0,0,0,0,0,1,0,0
"4850208",9337,0,0,11,0,0,9,0,0
"4850209",9338,0,0,0,0,0,0,0,0
"4850210",9339,0,0,19,0,2,14,0,0
"4850211",9340,0,0,3,0,0,0,0,0
"4850301",9341,0,0,30,1,0,15,0,0
"4850302",9342,0,0,77,0,1,98,0,0
"4850303",9343,0,0,134,0,0,33,0,0
"4850304",9344,0,1,28,0,1,16,1,0
"4850305",9345,0,0,55,0,0,11,0,0
"4850306",9346,0,0,7,0,0,5,0,0
"4850307",9347,0,0,22,0,0,32,0,0
"4850308",9348,0,3,52,0,0,48,0,0
"4850309",9349,0,0,19,0,0,24,0,0
"4850310",9350,1,1,138,1,1,32,1,0
"4850401",9351,2,0,82,0,0,61,0,0
"4850402",9352,0,0,21,0,1,19,0,0
"4850403",9353,0,1,74,0,0,79,0,0
"4850404",9354,0,0,59,1,0,76,0,0
"4850405",9355,0,0,109,1,3,135,0,0
"4850406",9356,1,0,63,1,2,94,0,0
"4850407",9357,0,0,11,0,1,13,0,0
"4850408",9358,0,0,27,0,0,14,0,1
"4850409",9359,0,0,15,0,0,9,0,0
"4850410",9360,0,0,15,0,0,11,0,0
"4870001a",9361,0,0,28,0,0,18,0,0
"4870001b",9362,0,0,0,0,0,0,0,0
"4870019",9363,1,0,57,0,2,27,0,0
"4870020",9364,0,1,23,0,0,13,1,0
"4870021",9365,2,1,28,0,0,17,2,0
"4890001",9366,1,3,85,0,1,18,1,0
"4890002",9367,0,0,11,0,0,1,0,0
"4890003",9368,4,14,178,1,6,69,2,0
"4890004",9369,4,8,294,2,3,84,6,2
"4890005",9370,0,10,155,1,2,39,0,0
"4890006",9371,4,1,97,0,2,39,0,1
"4890007",9372,1,2,35,0,1,13,0,0
"4890008",9373,1,2,58,0,1,9,0,1
"4890009",9374,6,17,200,0,7,51,2,0
"4890010",9375,1,1,11,0,0,12,0,1
"4890011",9376,0,0,5,0,0,4,0,0
"4890012",9377,0,2,26,0,0,5,0,1
"489001a",9378,4,16,267,0,2,75,1,0
"489002a",9379,4,18,316,5,5,98,2,1
"489007a",9380,2,8,142,0,4,63,0,0
"489008a",9381,3,10,118,0,4,32,1,1
"489011a",9382,3,3,74,1,3,45,1,0
"4910116a",9383,0,0,78,0,0,96,0,0
"4910116b",9384,0,0,0,0,0,0,0,0
"4910117",9385,1,1,174,0,1,220,1,0
"4910118",9386,0,1,257,0,4,263,0,0
"4910119",9387,0,0,189,1,1,229,1,1
"4910122",9388,0,0,25,0,0,23,0,0
"4910123",9389,0,1,194,1,0,175,0,0
"4910135",9390,0,1,158,0,2,181,1,0
"4910136",9391,0,0,9,0,0,12,0,0
"4910138",9392,1,0,110,1,0,111,2,0
"4910139",9393,0,1,137,0,2,115,0,0
"4910143",9394,0,0,26,0,0,26,0,0
"4910144",9395,0,0,34,0,0,31,0,0
"4910145",9396,0,1,137,0,0,126,0,0
"4910146",9397,0,0,248,0,2,347,1,0
"4910147",9398,0,0,318,0,1,445,0,0
"4910149",9399,2,1,113,0,0,95,0,0
"4910150",9400,0,5,237,2,2,209,1,1
"4910151",9401,0,0,323,0,0,403,0,0
"4910155",9402,1,1,168,1,2,164,1,0
"4910162",9403,0,2,321,0,0,378,0,0
"4910163",9404,1,1,131,0,2,128,0,0
"4910164",9405,0,0,19,0,0,21,0,0
"4910166",9406,0,0,86,0,1,96,1,0
"4910173",9407,0,0,148,0,0,164,0,0
"4910174",9408,0,0,82,0,0,106,0,0
"4910175",9409,0,1,227,0,2,252,0,0
"4910180",9410,0,1,213,1,2,221,0,0
"4910181",9411,0,0,103,0,0,101,0,0
"4910182",9412,0,0,56,0,0,39,0,0
"4910184",9413,0,1,49,0,0,49,0,0
"4910186",9414,0,0,182,0,0,141,1,0
"4910189",9415,0,0,210,1,1,196,0,0
"4910191",9416,0,0,36,0,0,38,0,0
"4910192",9417,0,1,26,0,0,27,0,1
"4910198",9418,0,0,4,0,0,6,0,0
"4910201",9419,0,0,138,0,1,163,0,1
"4910202",9420,0,0,10,0,0,9,0,0
"4910203",9421,0,0,3,0,0,8,0,0
"4910204",9422,0,0,145,0,1,164,0,0
"4910205",9423,0,0,9,0,0,7,0,0
"4910206",9424,0,0,44,0,0,48,0,0
"4910207",9425,1,1,62,0,0,49,0,0
"4910208",9426,0,0,34,0,0,34,0,0
"4910209",9427,0,1,70,0,0,56,0,0
"4910210",9428,0,0,27,1,0,27,0,0
"4910216",9429,0,0,77,0,1,88,0,0
"4910229",9430,0,0,4,0,0,3,0,0
"4910230",9431,0,1,204,0,1,241,0,0
"4910231",9432,0,0,51,0,0,63,0,0
"4910244",9433,0,0,47,0,1,38,0,0
"4910245",9434,1,1,42,0,1,28,0,0
"4910251",9435,0,0,3,0,0,2,0,0
"4910252",9436,0,0,75,0,0,96,0,0
"4910253",9437,0,0,180,0,0,209,1,0
"4910254",9438,0,0,181,0,0,207,0,0
"4910255",9439,0,0,37,0,0,34,0,0
"4910256",9440,0,0,35,0,0,33,0,0
"4910257",9441,0,0,94,0,1,98,0,0
"4910258",9442,0,0,1,0,0,1,0,0
"4910259",9443,0,0,40,0,0,45,0,0
"4910261",9444,0,1,75,1,1,77,0,0
"4910262",9445,0,0,59,0,0,60,0,0
"4910263",9446,0,0,74,0,0,86,0,0
"4910264",9447,0,0,82,0,0,95,0,0
"4910266",9448,0,0,132,0,0,145,1,0
"4910267",9449,0,0,23,0,0,29,0,0
"4910276",9450,0,0,101,0,0,91,0,0
"4910277",9451,0,2,236,0,2,239,0,1
"4910278",9452,0,1,226,0,2,317,1,1
"4910279",9453,0,0,7,0,0,5,0,0
"4910283",9454,1,1,147,1,0,175,0,1
"4910284",9455,0,0,194,0,1,209,0,0
"4910287",9456,0,0,133,0,0,130,0,0
"4910301",9457,0,1,231,0,0,169,0,0
"4910302",9458,0,0,7,0,0,12,0,0
"4910303",9459,0,0,143,0,2,101,0,0
"4910305",9460,0,0,30,0,0,23,0,0
"4910306",9461,0,0,130,0,0,81,0,0
"4910307",9462,0,0,34,0,1,18,0,0
"4910308",9463,0,0,32,0,0,21,0,0
"4910309",9464,0,0,95,0,1,68,0,0
"4910310",9465,0,0,73,0,0,30,0,0
"4910311",9466,0,0,3,0,0,1,0,0
"4910312",9467,0,0,44,0,0,18,0,0
"4910314",9468,1,0,161,0,1,203,0,0
"4910317",9469,0,0,54,0,0,48,0,0
"4910318",9470,0,0,23,0,0,22,0,0
"4910319",9471,0,0,11,0,0,8,0,0
"4910320",9472,0,0,80,0,0,68,0,0
"4910321",9473,0,0,2,0,0,1,0,0
"4910322",9474,0,0,79,0,0,77,0,0
"4910323",9475,0,0,5,0,0,5,0,0
"4910331",9476,0,0,23,0,0,26,0,0
"4910332",9477,0,0,79,0,0,65,0,0
"4910333",9478,0,0,24,0,0,20,0,0
"4910338",9479,0,0,148,0,0,152,0,0
"4910340",9480,0,1,148,0,0,128,0,0
"4910341",9481,0,1,122,0,1,91,0,0
"4910342",9482,0,0,46,0,0,48,0,0
"4910343",9483,0,0,137,0,0,90,0,0
"4910344",9484,0,0,27,0,0,28,0,0
"4910345",9485,0,0,27,0,0,20,0,0
"4910346",9486,0,0,25,0,0,23,0,0
"4910360",9487,0,0,269,0,2,292,0,0
"4910367",9488,0,0,2,0,0,4,0,0
"4910368",9489,1,1,122,0,0,89,0,0
"4910369",9490,1,0,85,0,0,81,1,0
"4910370",9491,0,2,91,2,1,109,0,0
"4910371",9492,0,0,129,0,1,87,0,1
"4910372",9493,0,1,206,0,0,137,0,0
"4910379",9494,0,0,127,1,1,78,1,0
"4910380",9495,0,0,4,0,0,6,0,0
"4910381",9496,0,0,331,0,0,80,0,0
"4910390a",9497,0,1,176,0,1,164,0,0
"4910390b",9498,0,0,0,0,0,0,0,0
"4910391",9499,0,0,58,0,0,37,0,0
"4910392",9500,0,1,121,0,1,73,0,0
"4910393",9501,0,0,434,0,1,127,0,0
"4910394",9502,0,1,152,0,1,54,0,0
"4910395",9503,0,0,9,0,0,5,0,0
"4910396",9504,0,0,155,0,2,42,0,0
"4910397",9505,1,0,160,0,1,42,0,0
"4910398",9506,1,1,214,0,1,217,0,1
"4910399",9507,0,0,48,0,0,56,0,0
"4910401",9508,0,0,150,1,0,126,2,0
"4910402",9509,0,0,150,0,0,130,0,1
"4910403",9510,0,1,40,1,1,36,0,0
"4910409",9511,0,0,7,0,0,1,0,0
"4910410",9512,1,1,71,0,1,48,1,0
"4910411",9513,1,0,78,0,0,48,1,0
"4910412",9514,0,0,15,0,0,14,0,0
"4910413",9515,1,0,97,0,0,50,0,1
"4910415",9516,0,0,81,0,0,27,0,0
"4910418",9517,0,0,0,0,0,0,0,0
"4910419",9518,0,0,15,0,0,10,0,0
"4910420",9519,0,0,70,0,0,44,0,0
"4910421",9520,0,0,42,0,1,37,0,0
"4910422",9521,0,0,95,0,0,70,0,0
"4910424",9522,0,0,272,0,0,160,0,0
"4910425",9523,0,0,26,0,0,12,0,0
"4910426",9524,0,0,43,0,0,25,0,0
"4910427",9525,0,0,139,0,0,91,0,1
"4910428",9526,0,0,144,0,2,66,2,0
"4910429",9527,1,2,122,2,0,70,0,0
"4910432",9528,0,0,19,0,0,13,0,0
"4910433",9529,1,0,212,0,1,145,1,0
"4910434",9530,0,0,35,0,0,22,0,0
"4910436",9531,0,0,33,0,0,23,0,0
"4910437",9532,0,0,287,0,3,178,0,0
"4910456",9533,0,1,127,0,0,23,0,0
"4910468",9534,0,1,33,0,0,32,1,0
"4910470",9535,0,0,60,0,0,75,0,0
"4910471",9536,0,0,5,0,0,9,0,0
"4910472",9537,0,0,18,0,0,18,0,0
"4910473",9538,0,0,33,0,0,35,0,0
"4910482",9539,0,0,184,0,0,120,1,0
"4910484",9540,0,1,115,0,1,110,1,0
"4910485",9541,0,0,72,0,0,63,0,0
"4910486",9542,0,0,32,0,0,32,0,0
"4910487",9543,0,0,4,0,0,4,0,0
"4910488",9544,0,0,129,0,0,106,0,0
"4910489",9545,1,1,158,0,0,119,0,0
"4910490",9546,0,1,155,0,0,105,0,0
"4910491",9547,0,0,162,0,0,169,0,0
"4930101",9548,0,1,167,1,2,74,1,0
"4930102",9549,0,5,193,1,0,46,1,0
"4930103",9550,0,2,104,0,1,38,2,0
"4930104",9551,0,1,54,0,0,17,0,0
"4930205",9552,0,1,134,0,0,39,1,0
"4930206",9553,0,0,166,1,0,67,0,0
"4930207",9554,0,1,103,1,1,47,1,0
"4930311",9555,0,0,38,0,3,20,0,0
"4930312",9556,0,0,45,0,0,28,0,0
"4930313",9557,0,0,93,0,0,33,0,0
"4930414",9558,0,1,63,0,0,26,1,0
"4930415",9559,0,0,75,0,0,29,0,0
"4930416",9560,0,0,47,0,0,17,1,0
"4950101",9561,0,1,9,0,0,0,0,0
"4950201",9562,0,1,4,0,0,4,0,0
"4950202",9563,0,0,3,0,0,4,0,0
"4950301",9564,0,0,4,0,0,1,0,0
"4950401",9565,0,0,10,0,0,2,0,0
"4970001",9566,0,0,9,0,0,8,1,0
"4970002",9567,3,1,46,0,0,46,0,0
"4970003",9568,0,0,16,0,0,15,0,0
"4970004",9569,0,0,17,0,0,13,1,0
"4970005",9570,0,0,18,0,0,26,1,0
"4970006",9571,0,0,34,0,0,23,0,0
"4970007",9572,1,1,54,0,0,41,0,0
"4970008",9573,0,0,32,0,0,22,0,0
"4970009",9574,0,0,33,1,0,20,0,0
"4970010",9575,0,0,13,0,0,4,0,0
"4970011",9576,0,0,13,0,0,8,0,1
"4970012",9577,1,1,41,1,0,30,1,0
"4970013",9578,0,0,13,0,0,10,0,0
"4970014",9579,0,0,14,0,0,10,0,0
"4970015",9580,0,0,29,1,0,16,0,0
"4970016",9581,0,0,43,1,0,23,0,0
"4970017",9582,0,0,50,0,0,35,0,0
"4970018",9583,0,0,11,0,0,10,0,0
"4970019",9584,0,0,10,0,2,7,0,0
"4970020",9585,0,0,19,0,0,18,1,0
"4970022",9586,0,0,17,0,0,16,0,0
"4970023",9587,0,0,32,1,1,36,0,0
"4970024",9588,0,0,47,0,3,27,0,0
"4970025",9589,0,0,16,0,0,9,0,0
"4970027",9590,0,0,50,0,0,30,0,0
"4970028",9591,0,0,33,0,0,26,0,0
"4970029",9592,0,0,6,0,0,1,0,0
"4970030",9593,0,1,35,0,1,28,0,0
"49901-1",9594,0,0,86,0,1,32,0,0
"49901-2",9595,0,0,55,0,2,29,0,0
"49901-3",9596,0,0,43,0,0,15,0,0
"49901-4",9597,0,0,12,0,0,7,0,0
"49902-1",9598,0,0,6,0,0,4,0,0
"49902-2",9599,2,0,67,0,0,34,0,0
"49902-3",9600,0,1,88,0,0,29,0,0
"49903-1",9601,0,0,26,0,0,7,0,0
"49903-2",9602,0,0,56,1,0,36,0,0
"49903-3",9603,1,0,103,0,0,27,0,1
"49904-1",9604,0,0,16,0,0,7,0,0
"49904-2",9605,1,0,30,2,1,34,0,0
"49904-3",9606,0,0,65,0,2,19,1,1
"49904-4",9607,0,0,10,0,0,5,0,0
"5010101",9608,0,0,2,0,0,0,0,0
"5010202",9609,0,0,2,0,0,6,0,0
"5010303",9610,0,0,2,0,0,1,0,0
"5010305",9611,0,0,1,0,0,1,0,1
"5010404",9612,0,1,1,0,0,0,0,0
"5010406",9613,0,0,1,0,0,2,0,0
"5030005",9614,0,1,44,0,1,27,0,0
"5030006",9615,0,0,4,0,0,3,0,0
"5030007",9616,0,0,5,0,1,3,0,0
"5030010",9617,0,0,9,0,0,5,0,0
"5030016",9618,0,0,4,0,0,7,0,0
"5030022",9619,0,1,46,0,0,28,1,0
"5030023",9620,1,1,50,1,0,26,0,0
"5030024",9621,0,1,39,0,0,33,0,0
"5050001",9622,4,34,509,5,7,207,10,2
"5050002",9623,2,24,359,0,2,108,7,3
"5050003",9624,5,39,430,1,6,191,6,5
"5050004",9625,2,37,406,2,10,115,13,4
"505001a",9626,0,0,39,0,1,8,1,0
"505001b",9627,2,1,59,0,0,12,0,0
"505002a",9628,4,5,171,1,1,44,2,0
"5070001",9629,1,8,162,2,1,17,0,1
"5070002",9630,0,18,384,1,6,99,3,0
"5070003",9631,0,13,435,0,2,81,2,2
"5070004",9632,2,11,244,4,13,81,6,2
"507001a",9633,2,11,211,1,2,60,5,2
"507004a",9634,1,6,121,2,2,35,0,1
